id,name,lat,lon,price,cuisine,opentime,endtime,recommendedfood
0,杨记隆府(解放碑总店),29.5609878,106.5781935,96.0,川菜,11:00,22:00,"杨记私房卤鹅,民国霸王兔,杨记招牌鱼,传统椒麻鸡,光头司令,生煎菜心,杨记花椒排,生煎粉丝煲,肥肠,风味兔头"
1,重庆丽晶酒店·罗宾斯牛排馆,29.5712366,106.5707349,665.0,西餐,11:30,21:00,"战斧牛排,m6肉眼牛排 6oz,惠灵顿牛排,碳烤波士顿龙虾,奶油蘑菇汤,龙虾汤,纯血黑毛和牛S级谷饲600天（4/6盎司）,M9级谷饲和牛500天(4 / 6盎司) 肉眼/西冷/盖肉"
2,重庆国贸格兰维大酒店·山城映像中餐厅,29.5561504,106.5738772,210.0,川菜,11:30,21:30, 
3,重庆丽晶酒店·丽晶轩 - 三楼,29.571272,106.5708926,312.0,粤菜,11:30,21:00,"辣子鸡,珍菌烧汁炒鹅肝,彩椒雪花牛肉粒,脆皮澳洲牛肋排,鳕鱼茄子煲,黑金流沙包,帝王蟹,玻璃乳鸽,山城担担面,渝味沸腾鲈鱼"
4,滟设火锅料理(南滨路店),29.5735896,106.5906088,488.0,火锅,17:00,23:00,"水三脆毛肚,秘制百香果奶冻,澳洲和牛粒,西班牙伊比利亚黑猪颈肉,青青草鹅肠"
5,重庆解放碑威斯汀酒店·锦肴轩·川上,29.5566992,106.5805113,264.0,川菜,11:30,22:00,"招牌海鲜拼盘,生态黑猪肉,手工丸子,凉拌鲫鱼,广东清远鸡,菌菇蔬菜拼盘"
6,仪表厂火锅(解放碑店),29.5589518,106.5710451,100.0,火锅,10:30,23:30, 
7,巴将军·非遗原味火锅(解放碑店),29.556122,106.5766709,89.0,火锅,10:00,24:00, 
8,重庆大都会凯悦酒店·长安壹号中餐厅,29.5567001,106.5787643,284.0,其他中餐,11:30,21:30, 
9,重庆既下山·SUNYATA度假酒店·望耳餐厅,29.5558992,106.595113,271.0,西餐,11:30,21:30, 
10,老甘家小龙虾江湖菜(洋河总店),29.5827441,106.5398314,146.0,小吃,11:30,02:00,"香辣爬爬虾,招牌蒜蓉虾,辣炒田螺,秋秋妹耙凤爪,招牌蒜蓉花甲,铁山坪麻麻鸡"
11,在渝里·重庆火锅(解放碑好吃街店),29.5555135,106.5771769,78.0,火锅,10:00,01:00,"咸蛋黄虾滑,双椒嫩毛肚,花街子嫩牛肉,大井巷鲜鸭肠"
12,重庆两江新区高科希尔顿酒店·帕娜风味餐厅,29.6103857,106.5170958,323.0,西餐,11:30,22:00, 
13,鲜龙井火锅公园(南山店),29.4912551,106.5904831,137.0,火锅,11:00,23:30,"屠场三小时毛肚,炸酥肉,生抠鸭肠,猪黄喉,腰片,红糖糍粑,鸭血,南瓜饼,鲜豆浆,鲜牛毛肚"
14,尘香(创汇首座店),29.5538018,106.5778091,133.0,川菜,11:30,22:00,"泡椒糯皮仔兔,秘醬三文魚,馋嘴蛙仔,宫保鸡丁,干锅花菜,金丝虾球,干烧江团"
15,秦云老太婆摊摊面(全国总店),29.516308,106.5223615,15.0,小吃,07:00,13:30,"酸梅汤,干溜豌杂面,干溜杂酱面,小面,牛肉面,摊摊面,肥肠面"
16,顺风123(观音桥大融城店),29.5753518,106.532947,78.0,川菜,11:00,21:00,"顺风冷面鸡,双味糯米骨,青元粉蒸肉,功夫椒麻蛙,青椒鱼,小炒牛肉"
17,德门•Diamond环幕夜景餐厅(江北城店),29.5689393,106.5743018,572.0,创意菜,10:30,22:00,"澳洲和牛舌薄片,荔枝露杰鹅肝配加州果,法国芬迪克莱尔生蚝"
18,重庆大队长火锅(解放碑店),29.5572796,106.5756197,98.0,火锅,10:00,01:00,"农家豆腐,书记毛肚极品鸭肠,鲜鸭血,美国肥牛,鲜毛肚,手工虾滑,麻辣牛肉,现炸酥肉"
19,山城老堂口·1636重庆老菜(解放碑洪崖洞店),29.5590302,106.5796657,87.0,川菜,11:00,22:00,"传统毛血旺,歌乐山辣子鸡,会跳舞的蚂蚁上树,酸菜鱼,传统糖醋排骨,百年樟茶鸭"
20,美丽厨餐厅(棕榈泉店),29.6293584,106.5359512,396.0,粤菜,11:30,21:00,"豉汁蒸凤爪,古法蒸老虎斑,烧味双拼,金蒜鲜墨鱼,鲍汁焖凤爪,笋尖鲜虾饺,明炉港式烧鹅,杨枝甘露,韭菜焖猪红,姜葱牛百叶"
21,巴倒烫重庆陆派火锅(南山总店),29.496439,106.5888874,130.0,火锅,09:30,23:00,"龙井泉水石磨豆花,鲜鸭血,陆派整根鸭肠,红糖糍粑,现片牛肝,麻辣牙签牛肉,井水豆芽,豆苗,老肉片,豆花"
22,马房湾66号·江湖菜,29.5628994,106.4479504,82.0,川菜,11:30,21:00,"马房湾招牌鱼,毛血旺,大盘白切鸡,歌乐山辣子鸡,红油粑粑"
23,重庆融汇国际酒店·泉籁特色餐厅,29.5429451,106.4410444,130.0,东南亚菜,11:30,21:30, 
24,饭粑跎(得意世界店),29.5528352,106.575255,53.0,川菜,11:00,22:00,"烧白,拌蹄花,红烧牛肉,粉蒸排骨,豆花,肥肠豆汤"
25,瓜西西火锅(洪崖洞店),29.561029,106.5790771,105.0,火锅,11:00,24:00,"蟹籽虾滑,海带芽,红糖糍粑"
26,楠火锅(四小区总店),29.5238616,106.5577197,101.0,火锅,16:30,23:30, 
27,湖景三号花园餐厅(财富中心店),29.6097645,106.5102521,238.0,川菜,11:00,21:00,"湖景烤鸭,樟茶脆皮乳鸽,传统水煮牛肉,湖景一品鲜,传统鸡豆花,湖景鸡丝凉面"
28,于塗(棕榈店),29.6298817,106.5352989,687.0,川菜,11:00,22:00,"夜明珠宫爆鹅肝,三岔湖翘壳鱼,香煎鹅肝,油浸小甲鱼,节节高升,富贵花开"
29,重庆山前宋品酒店·品顺中餐厅,29.63605,106.3590972,215.0,川菜,11:30,21:30,"黄金烧鹅夹鱼子酱,香酥小猪排,蓝莓山药"
30,何王氏串串香火锅(两路口总店),29.5552884,106.5436094,71.0,火锅,11:00,02:00,"鲜毛肚,酥肉,鲜鸭血,麻辣牛肉,冰粉"
31,芊月茗素食私宴,29.57077,106.5598962,235.0,素食,11:30,21:00,"南极海茸,金刚砂豆腐,美味南瓜盅,金元宝,三生万物,弹芒果球"
32,田棒棒火锅(解放碑店),29.5577586,106.570569,99.0,火锅,10:00,24:00, 
33,重庆丽晶酒店·渝厨房,29.5712085,106.5706172,266.0,自助餐,07:00,21:00, 
34,黄家码头老火锅(北城天街店),29.5782739,106.5328655,89.0,火锅,11:00,02:00,"麻辣牛肉,现炸酥肉,虾滑,码头鲜毛肚,辣卤耙肥肠,码头鸭肠"
35,超级李板凳·面(总店),29.5632314,106.583021,19.0,小吃,07:00,16:00, 
36,北索·720度江景西餐厅(来福士店),29.5656838,106.5864832,186.0,西餐,11:30,22:00,"特选谷饲安格斯眼肉牛排,比基尼黑松露火腿三明治,西班牙海鲜烩饭,海盐迷迭香薯条,枫糖芥末烤鸡翅,博洛尼亚家传肉酱面"
37,饭江湖·江湖菜(湖广会馆店),29.5571191,106.586995,70.0,川菜,11:00,21:00,"林中藕遇,土豆泥,袍哥鳝段,江湖水煮,香酥辣子鸡,珊瑚萝卜皮"
38,长嘉·河图火锅(长嘉汇江景旗舰店),29.5776872,106.5875776,146.0,火锅,11:30,23:30, 
39,朝天门火锅(长嘉汇江景旗舰店),29.5770929,106.5884047,133.0,火锅,10:00,22:00, 
40,龙门九号•百年洋楼 江景火锅,29.555905,106.594002,159.0,火锅,10:00,22:30,"屠场直供鲜牛血,蟹脚虾滑,鸳鸯豆腐,鲜毛肚,黑糖豆花,松茸抄手"
41,沈姐万州烤鱼(沙坪坝总店),29.5700728,106.4630689,65.0,川菜,10:30,03:00,"剁椒过水鱼,蒜香味烤鱼,泡椒味烤鱼,水煮花生,辣炝藕丁,酸辣凉粉"
42,卤校长老火锅(观音桥直营店),29.5721956,106.5316902,100.0,火锅,11:00,24:00,"辣卤耙肥肠,辣卤耙牛筋,鲜虾滑,辣卤耙鸡爪,辣卤猪蹄,红糖冰汤圆"
43,纯阳老酒馆·川菜(七星岗店),29.5546949,106.5613369,74.0,川菜,11:00,22:00,"麻辣鸭肠,油淋豆腐,蒜泥白肉,腾椒鸡,活捉莴笋,耗儿鱼,豌豆汤,淋汁豆腐,梅子酒,脑花"
44,醉八仙热酒馆(渝中店),29.5585662,106.5664435,57.0,川菜,11:30,20:30,"蒜泥白肉,火爆肥肠,灯影牛肉,合作莴笋,水煮肉片,豌豆蹄花汤,杨梅酒,凉菜,酸菜豆瓣汤,油渣白菜"
45,李子坝梁山鸡(公园二鸡哥店),29.551565,106.5356225,97.0,川菜,10:00,22:00,"赵姐鸡杂,冷吃耗儿鱼,红糖粑粑,冷吃麻辣牛肉,凉菜猪手,李子坝梁山鸡小锅"
46,晓彭肥肠鸡(解放碑总店),29.5586324,106.5718281,75.0,川菜,10:30,21:30,"肥肠鸡,现炸酥肉,面块,红糖糍粑,水煮花生,芋儿"
47,酒阳蒸经川菜小酒馆(观音桥总店),29.5745757,106.5336073,74.0,川菜,11:30,22:30,"糖醋排骨,煎饺,酒阳蒸经,有机花菜,小土豆烧肉,包浆豆腐,激情秋葵,陈皮兔丁,卤藕片,干炒魔芋丝"
48,山城羊肉馆·老重庆川菜(解放碑总店),29.5549731,106.5735798,59.0,川菜,11:30,21:00,"红烧带皮羊肉煲,山城羊肉串,碗碗羊肉汤,圆笼粉蒸羊肉,双椒爆羊肝,红烧羊排"
49,遇东岚·重庆菜(北城天街店),29.5781862,106.5341302,77.0,川菜,10:30,21:30,"锅贴洋芋丝,正儿八经的黔江鸡杂,童年稻香三角粑,四季豆洋芋箜饭,招牌青菜牛肉,记忆中的米豆腐"
50,盛天毛血旺非遗美食(国泰广场店),29.5590935,106.5762137,59.0,川菜,11:00,21:00,"辣子鸡,盛天毛血旺,酥肉汤,麻婆豆腐,香酥平菇,青菜汤"
51,月半(解放碑店),29.5579508,106.5766427,57.0,川菜,10:30,21:00,"月半辣子鸡,月半酸菜鱼,双椒椒麻鱼,磁器口毛血旺,葱香嫩牛肉,烧椒回锅肉"
52,重庆尼依格罗酒店·欣厨Niccolo Kitchen,29.5758017,106.5731846,278.0,西餐,06:30,22:30,"招牌香煎牛仔骨,鲍勃神秘巧克力球,招牌北京烤鸭,奶油玉米浓汤,意大利肉酱面,卡布奇洛森林蘑菇汤"
53,山茶川菜(解放碑店),29.5586977,106.580795,122.0,川菜,11:30,21:00,"辣子鸡,冷面鸡,合川肉片,盐水老肝,青元粉蒸肉,叶儿粑,招牌酸菜鲈鱼,干烧江团,椒麻仔姜蛙,茉莉花鲜奶冰粉"
54,和记火爆(南滨路店),29.5415902,106.5811681,92.0,川菜,11:00,22:00,"火爆黄喉,手撕鸭,火爆腰花,火爆土豆,火爆毛肚"
55,藤也怀石料理,29.5533077,106.5081805,1362.0,日本料理,10:00,22:00,"三文鱼籽,炸虾天妇罗,蓝鳍金枪鱼手握,刺身拼盘"
56,嫩芽NAYAKA融合川菜(大坪时代天街店),29.5378337,106.5112442,69.0,川菜,11:00,21:00,"火焰牛排,山城毛血旺,钢管鸡,老鬼兔腿,泡坛酸爽鱼,芝士薯宝宝"
57,一举堂明合老火锅,29.6074471,106.5427007,166.0,火锅,11:00,21:30,"特色老肉片,特色血旺,鹅肠,特色午餐肉,鲜黄喉,黑豆腐"
58,去南山夜景火锅公园,29.5524997,106.609215,133.0,火锅,09:30,20:30,"鲜毛肚,嫩牛肉,鸭肠,八戒腰片,千层肚,北海鲜虾滑"
59,菩提素素食餐厅(晶郦馆店),29.6015998,106.5053,125.0,素食,10:00,20:30,"水煮鱼,黑椒牛排,那一年秋天的茄子,露雨飘香素手卷,橄榄菜炒饭,养颜南瓜羹,小炒松茸"
60,山茶四季(万象城店),29.5149801,106.5175602,256.0,川菜,10:00,21:00,"正阳街砂锅肥肠,松茸鸡豆花,五香熏鱼,精品毛血旺,绿豆燕窝糕,脆皮猪蹄"
61,开门见山·森林泰国料理,29.5693908,106.6404494,122.0,东南亚菜,11:30,21:00,"芒果糯米饭,青柠蒸鲈鱼,香茅草烤鱼,咖喱黑虎虾,黄咖喱牛腩,泰式菠萝饭"
62,大龙火锅(老店),29.5518278,106.4624062,87.0,火锅,15:00,03:00,"酥肉,毛肚,腰片,香菜丸子,涮嫩肉片,麻辣牛肉"
63,山顶见HILLTOP TIME,29.6506287,106.5592734,202.0,西餐,11:00,23:00,"意大利海鲜饭,博洛尼亚肉酱手工宽面,炸鸡翅,黑松露牛肉塔塔,山顶海鲜披萨,凤梨虾球"
64,渝味晓宇火锅(枇杷山正街店),29.5523714,106.5569224,97.0,火锅,10:00,24:00,"嫩牛肉,爽脆毛肚,鲜鹅肠,现炸酥肉,鲜猪黄喉,香菜猪肉丸子"
65,半山酒馆(洋河东路店),29.5796293,106.5466225,131.0,川菜,11:00,23:00,"黑椒烤梅花肉,松茸焖牛腩,半山酿虾球,浇汁包浆豆腐,九制千丝菌,米椒兔"
66,临江门秀孃串串香(大井巷店),29.5590755,106.5716323,61.0,火锅,11:00,23:30,"麻辣牛肉串,鲜鸭血,鲜毛肚,自家卤肥肠,脑花,嫩肉片"
67,李杰一家三口·家庭串串香(解放碑店),29.5556311,106.5711966,80.0,火锅,11:00,22:00,"干油碟,肥肠,鲜牛毛肚,香菜丸子,嫩肉片"
68,观音居·始于一九九八·宴会厅(江北店),29.5718313,106.5313476,78.0,川菜,11:00,21:00,"重庆特色辣子鸡,老坛酸菜乌鱼,椰香芒果卷,蛋黄玉米,粉蒸排骨,鲍汁嫩豆腐"
69,重庆国贸格兰维大酒店·自助餐,29.55624,106.57398,201.0,自助餐,17:30,21:30,"7种口味小龙虾,手工蛋挞,海鲜刺身,三文鱼,羊排,烤扇贝,拿破仑,牛排"
70,壶灶·江岸老火锅(洪崖洞总店),29.5620549,106.575734,99.0,火锅,11:00,00:30,"双椒牛肉,鸭血,海带苗,九尺鹅肠,屠场毛肚,贡香肉丸"
71,旧识从前慢·江湖菜·川菜音乐餐厅(解放碑店),29.5574334,106.578919,82.0,川菜,11:00,21:30,"芒果小黄鸭,歌乐山辣子鸡,从前慢一品毛血旺,山城口水鸡,铁板粉丝莲白,巴蜀酸汤鱼"
72,渝江源·乡村味道(洋河总店),29.5821793,106.5298414,70.0,川菜,11:00,22:00,"凤凰飘香过水鱼,精品牙签肉,火爆花甲,仲夏夜牛蛙,洋河战斗鸡,肝腰合炒"
73,渝大狮毛肚老火锅(南坪总店),29.5296028,106.5720721,84.0,火锅,11:00,03:00,"步步高（鲜虾滑）,麻辣牛肉,冰川海鸭肠,鲜鸭血,鲜切吊龙黄牛肉,精品鲜猪黄喉"
74,九街淑芬掌中宝串串公司(龙湖时代天街1店),29.5336043,106.5134403,89.0,火锅,11:00,24:00,"薄荷牛肉,鸭血,现炸酥肉,奥利奥厚切酸奶冰汤团,豆干,香菜牛肉"
75,赵伍面庄(松石大道店),29.5827584,106.5025745,10.0,小吃,06:00,14:00,"小面,红汤豌杂面,蹄花,干溜豌杂面,腱子牛肉,肥肠"
76,香樟活鱼馆(渝北店),29.6058902,106.5184735,188.0,火锅,10:00,22:00,"生态花鲢,现炸酥肉,现磨黑豆腐,鸿运猪手,鲜肉包面,红糖糍粑"
77,格外小馆· gaagaa餐厅,29.6296907,106.575243,213.0,融合菜,11:30,22:00,"流沙咸蛋黄大头虾,西班牙油条,板煎雪花牛肉方,蒜香青豆角大虾沙拉,柠檬草烤鸡,香芒西米柚子露"
78,景轩火锅(人和店),29.6319856,106.532506,382.0,火锅,10:00,22:00,"长城牌午餐肉,农村土猪血旺,麻辣牛肉,生扣九尺鹅肠,酥肉,特色毛肚"
79,枇杷园食为鲜火锅(南山店),29.4917235,106.5885998,130.0,火锅,09:00,24:00,"红糖糍粑,鲜鸭血,特色鸭肠,牛黄喉,屠场鲜毛肚,酥肉,香菜丸子,牛肉里脊,豆花,大片牛肝"
80,龙呤·和牛寿喜锅(光环店),29.6501274,106.529238,154.0,日本料理,11:30,22:00,"澳洲M3上脑和牛,日式炸饺,三文鱼刺身,香煎铁板牛舌,和风牛肉饭,芝士鳗鱼寿司"
81,喜洋洋(中山四路店),29.5643165,106.5478623,64.0,川菜,11:00,21:00,"糖醋里脊,小米排骨,秘制酱油鸡,椒麻鳝段,凉拌莴笋,筒子骨莲藕汤"
82,老麻抄手重庆小面(解放碑店),29.5575635,106.5704402,16.0,小吃,07:00,24:00,"精品牛肉面二两,干溜豌杂面2两,老麻抄手,酸辣粉,肥肠小面2两,清汤抄手,老麻调料"
83,巫山纸包鱼(解放碑店),29.5561026,106.5703569,75.0,川菜,10:30,22:30,"蒜蓉烤钳鱼,纸上草鱼,蒜香江团,鱿鱼须,土豆,苕皮"
84,渝味道冰粉冰汤圆店(大井巷店),29.5591507,106.5719213,10.0,小吃,11:00,23:00,"椰奶椰片汤圆,红豆凉糕,红糖醪糟冰粉,红糖西米露,凉虾西米露,红糖凉虾"
85,重庆丽晶酒店·巴廊,29.571343,106.570796,119.0,咖啡店,10:00,24:00, 
86,江二娃串串香(大同路店),29.55603,106.5722167,72.0,火锅,09:00,04:00,"豆芽,黄瓜片,香菜牛肉,鸭血,脑花,鲜毛肚,香油碟"
87,观音桥好吃街(星天广场店),29.5765641,106.5339118,36.0,小吃,10:30,22:00, 
88,瑞君香·巴适串串超市(观音桥店),29.5787497,106.5323426,74.0,火锅,11:00,03:00,"泰椒牛肉,千层肚,外婆红糖冰汤圆"
89,重庆丽思瑞凯悦臻选酒店·绅餐厅 The Brits Restaurant,29.559049,106.5779334,398.0,自助餐,06:30,21:30, 
90,重庆江北希尔顿逸林酒店·逸苑中餐厅,29.5787703,106.53134,89.0,川菜,11:30,21:00,"夫妻肺片,石锅黄腊丁,板栗烧牛尾,香煎白灵菇"
91,八一路好吃街,29.5560446,106.5775064,46.0,小吃,08:30,22:30, 
92,北山怀石料理(重庆国金中心店),29.5762957,106.5743545,1048.0,日本料理,11:30,22:00,"名古屋鳗鱼三吃,香煎澳洲和牛,日本北海道海胆,蓝鳍金枪鱼三味拼盘,黑松露和牛饭,鹅肝饭"
93,老四川酒楼(解放碑洪崖洞店),29.5598441,106.579444,97.0, ,10:00,21:30,"粉蒸牛肉,豆花牛肉,毛氏红烧肉,灯影牛肉,酸菜鱼,鸡丝凉面"
94,老来福·酸汤兔(凯旋路店),29.5522161,106.5768523,91.0,川菜,11:30,21:30,"老来福酸汤兔(小锅),糯米香酥鸭,双椒鲫鱼,香酥羊排,牙签肉,香蕉飞饼"
95,慈记外婆桥餐厅(解放碑店),29.5577722,106.5790836,69.0,川菜,11:30,21:00,"外婆桥招牌蛋煎糍粑,口水鸡,腊味箜饭,韭菜盒子,红糖桂花冰汤圆,小炒黄牛肉"
96,芈重山老火锅(洪崖洞店),29.5613631,106.5796981,81.0,火锅,11:00,23:00,"鲜毛肚,鲜鸭血,香卤肥肠,鲜鹅肠,鱼籽虾滑,现炸酥肉"
97,重·林国际放题美食餐厅,29.5657382,106.5872308,418.0,自助餐,06:30,23:00, 
98,八嬢家常菜(南坪店),29.5244505,106.5565383,75.0,川菜,11:00,22:00, 
99,温馨缘面庄,29.5888168,106.5020621,13.0,小吃,05:00,14:30,"小面二,炸酱,豌杂面二,卤鸡蛋,煎蛋"
100,山城袍哥红茶火锅(天来旗舰店),29.6311452,106.5317637,131.0,火锅,09:30,24:00, 
101,重庆来福士洲际酒店·菁中餐厅,29.562363,-0.006416,600.0,粤菜,11:30,22:00,"夫妻肺片,鱼子酱烤鸭,招牌黑椒澳洲M3安格斯牛仔粒,烟熏茶香童子鸡,咖啡小骨排,酸甜柚子咕噜肉"
102,临华饭庄,29.5559447,106.5610873,70.0,川菜,11:00,21:00,"鱼香茄饼,泡椒土鳝鱼,剁椒蹄花,泡菜牛肉丝,口水鸡,酸菜滑牛肉"
103,翰文大酒店彩悦咖啡厅,29.5604838,106.5645691,150.0,自助餐,06:30,21:00,"煎牛排,油泼面,爆炒海鲜"
104,重庆JW万豪酒店·庆厨房Qing Kitchen,29.5571992,106.5712002,201.0,西餐,06:30,21:00,"三文鱼,烤羊排,海鲜,青口,迷你美式汉堡,火爆辣鸡香蒜披萨,甜品,刺身料理,鹅肝,芝士焗龙虾"
105,木货街老火锅(较场口店),29.5551829,106.5708534,90.0,火锅,11:00,24:00, 
106,石灰市李串串(解放碑店),29.5556965,106.5714233,71.0,火锅,09:30,23:30, 
107,鹏阁丨精致粤菜,29.559093,106.578077,501.0,粤菜,11:00,21:00, 
108,王肥肠(洋河总店),29.5834368,106.5333196,76.0,川菜,10:00,21:00,"辣子肥肠,精品红烧肥肠,卤肥肠,粉蒸肥肠,土匪猪肝,锅巴肥肠"
109,渝味响火锅(大坪总店),29.5401378,106.5114023,87.0,火锅,11:30,23:30, 
110,山觉行者山素,29.549796,106.607849,239.0,素食,11:00,21:00,"猴头菇,琥珀桃胶,泡芙"
111,洞亭火锅(防空洞店),29.556639,106.5492719,103.0,火锅,10:00,02:00,"耗儿鱼,鲜毛肚,珺花"
112,梯坎儿小酒馆(极鼎·城市丽都西南),29.5724197,106.5435964,68.0,川菜,17:30,24:00,"剁椒蹄花,凉拌土豆片,油炸平菇,番茄脆骨,三椒花甲,黄金土豆条"
113,SKYFIN天空之鳍·全江景无国界料理(解放碑店),29.5570575,106.5708979,486.0,自助餐,11:30,21:00,"三彩芝士焗龙虾,法式鹅肝,鲍鱼汁扣六头鲍鱼,现杀海胆,蟹煲,雪花牛舌"
114,聂发财来凤鱼·重庆头牌江湖菜(解放碑店),29.5570887,106.5716699,89.0,火锅,10:30,22:00, 
115,花市豌杂面(民生路店),29.555711,106.5736617,19.0,小吃,07:00,20:00,"红烧牛肉面,花市豌杂面,红油抄手,红烧肥肠面,清汤抄手,重庆小面,杂酱面,豌杂,碗杂小面,豌豆杂酱面"
116,饿狼串说·牛肉串串(观音桥店),29.5781272,106.5324253,72.0,火锅,11:00,02:00, 
117,丘二馆.川菜.江湖菜(八一路好吃街店),29.5561976,106.5771852,70.0,川菜,11:00,21:00,"土鸡鸡汤,小炒鸡杂,椒麻飘香牛蛙,口水鸡,宫保鸡丁,鸡丝凉面"
118,怀粮生煎(八一路店),29.5556528,106.5772018,9.0,小吃,07:30,22:30,"经典生煎包,麻辣诱惑,金瓜玉米"
119,PLAY HOUSE(星光68店),29.5795168,106.530964,99.0,酒吧/酒馆,20:00,06:00, 
120,泓崖小面·精品重庆面(解放碑店),29.558556,106.5795221,15.0,小吃,08:00,20:30, 
121,重庆凯宾斯基酒店·啤酒屋,29.5349,106.561352,183.0,西餐,17:00,24:00, 
122,易老头三样菜(南滨路总店),29.5414245,106.5760638,79.0,川菜,11:00,22:30,"大盘肥肠鸡,粉蒸肠头,干烧鳝段,江湖花甲蛙,干烧耗儿鱼,凉拌三样菜"
123,鲨鱼餐厅.海景川粤菜餐厅(重庆天地店),29.5529007,106.5087286,213.0,粤菜,10:00,22:00,"海盐焗烤大虾,碳烤牛舌,芝士蟹宝,果木和牛,法式芝士焗海螺,黑豚肉,马来蟹子脆卷,意大利甜点拼"
124,九九牛肉馆(南山路店),29.5282365,106.6036023,53.0,川菜,11:30,20:00,"牛肉汤,泡菜牛肉丝,水煮牛肉片,肝腰合炒,麻辣牛肉干,火爆黄喉"
125,张记兴隆重庆菜(科园路店),29.5274844,106.4891919,71.0,川菜,10:30,22:30,"凉拌鲫鱼,秀山焖烧鸡,特色麻麻鱼,辣子鸡,鲜椒豆花肥牛,鲜虾麦子羹"
126,镇三关老火锅(北滨店),29.5703011,106.5605673,130.0,火锅,11:30,21:00,"六郎老肉,精品鹅肠,鲜猪黄喉,六郎屠场毛肚,六郎血旺,现炸酥肉"
127,洞府老火锅(防空洞老店),29.5557201,106.5736487,104.0,火锅,10:00,03:00, 
128,周师兄重庆火锅(解放碑总店),29.5548974,106.5736136,78.0,火锅,10:00,01:00, 
129,芭菲盛宴(解放碑英利国际店),29.556037,106.5751421,166.0,自助餐,11:30,21:00, 
130,好又来酸辣粉(好吃街店),29.5558005,106.577701,10.0,小吃,09:00,22:00,"杂酱酸辣粉,酸辣粉,刨冰,网红玫瑰凉粉,好又来凉面,好又来凉糕,凉粉,什锦刨冰,好又来凉粉,水果刨冰"
131,朱光玉火锅馆·观音桥扛把子(北城天街店),29.5798271,106.5313109,103.0,火锅,11:30,24:00, 
132,瓜西西火锅(小什字店),29.5614887,106.5811705,102.0,火锅,11:00,23:00, 
133,郭婆婆疯子鸡·重庆江湖菜,29.5816351,106.5750327,87.0,川菜,10:30,22:00, 
134,后火锅(总店),29.5351381,106.5672994,108.0,火锅,11:00,23:30, 
135,半坛煮义·坛子鸡·坛子鲫鱼(南坪店),29.5320035,106.5670991,60.0,川菜,11:00,22:30, 
136,受气牛肉·耙牛肉火锅(弹子石老街店),29.5792669,106.58778,94.0,火锅,09:00,22:00, 
137,猫抓烤肉(龙湖时代天街店),29.5387293,106.5104494,100.0,烧烤,10:30,22:00,"厚切五花,大鱿鱼,洋葱牛小粒,猫抓布丁,喵星雪花烧肉片,玫瑰牛舌,精品肥牛,芝士海鲜石锅拌饭,蒜香猪五花,泡椒肥牛"
138,桃太郎创作料理(大坪店),29.537503,106.5113216,70.0,日本料理,11:00,21:00, 
139,庆合府重庆大排档(紫都城店),29.5846937,106.4969629,76.0,火锅,11:00,02:00, 
140,九村烤脑花(大石坝总店),29.5697654,106.4856389,100.0,烧烤,16:00,04:00,"泡椒鸭肠,烧烤蒜蓉茄子,烈焰包浆豆腐,烤蒜生蚝,泡椒鲫鱼,椒盐土豆片"
141,首坐公馆(精信中心店),29.6107359,106.5068139,424.0,川菜,10:30,21:00,"龙井虾球,姜黄焖烧鸡,奶酒牦牛肉,樱桃鹅肝,沉香手撕烤兔,干烧雅鱼"
142,孔妈老火锅(总店),29.6029095,106.490382,103.0,火锅,10:30,23:30, 
143,陈建平麻花(磁器口总店),29.5810784,106.4520815,27.0,面包甜点,08:00,21:00, 
144,二火锅(光环店),29.6524362,106.5312813,105.0,火锅,11:00,02:00, 
145,曹疯子老火锅(金港店),29.716321,106.632957,85.0,火锅,09:30,24:00,"海带苗,曹氏老肉,秘制酥肉,头牌虾滑"
146,水煮青春老火锅(老城店),29.8274541,106.439007,70.0,火锅,11:00,22:00, 
147,无名烧菜,29.5541712,106.5491899,38.0,川菜,10:30,21:00,"红烧肥肠,蒜泥白肉,毛血旺,水煮肉片,牛筋烧土豆,鹌鹑蛋烧丸子"
148,捌大坨牛肉火锅(江北直营店),29.5752386,106.5537804,88.0,火锅,11:00,23:00, 
149,洋马儿火锅(解放碑店),29.5555931,106.5711562,102.0,火锅,11:00,23:30,"鲜鸭血,鸭肠,酥肉,麻辣牛肉,虾滑,屠场水牛毛肚"
150,超级李毛肚火锅(解放碑总店),29.5567953,106.5724437,85.0,火锅,11:30,24:00, 
151,大脸猫梅干菜扣肉饼(观音桥好吃街店),29.5761888,106.5339343,7.0,小吃,11:00,22:00,"梅干菜扣肉饼,葱香鲜肉饼,红糖烧饼,流心红糖锅盔,红糖小糍粑,白糖烧饼"
152,桃太郎创作料理(观音桥店),29.5769777,106.5346586,73.0,日本料理,11:30,22:00, 
153,轻松空间·小龙虾.江湖菜(洋河店),29.5831059,106.5419079,140.0,小吃,11:00,22:30, 
154,财谜火锅(洋河店),29.5834616,106.5427801,94.0,火锅,11:00,02:00, 
155,重庆富力凯悦酒店·咖啡厅自助,29.580216,106.535927,268.0,自助餐,17:30,21:30, 
156,亖井火锅老店(洋河直营店),29.5843076,106.5425635,109.0,火锅,11:00,02:00, 
157,纸盐河码头火锅(洪崖洞店),29.561812,106.5784211,115.0,火锅,11:00,24:00,"鲜毛肚,鲜鸭血,纯鲜猪黄喉,红糖糍粑,青笋片,相间肥牛,精品鲜鹅肠,沈家麻辣牛肉"
158,辣叁成烧菜火锅(解放碑店),29.560489,106.5784353,81.0,火锅,11:30,03:00, 
159,蒋六十八梯眼镜面(渝中店),29.5487711,106.5732271,33.0,小吃,07:30,19:30,"小面,牛肉面,牛肉米线,杂酱面,煎蛋"
160,甘单茶事小馆(洋河店),29.5818114,106.5292272,58.0,西餐,12:00,20:30, 
161,贰麻酒馆(南滨路店),29.5410179,106.5740034,112.0,酒吧/酒馆,18:00,03:00, 
162,重庆秦妈火锅(南滨路店),29.5419448,106.58068,66.0,火锅,09:00,24:00, 
163,山城饭局·市井江湖菜(南坪万达店),29.524308,106.5691259,97.0,川菜,11:30,22:00, 
164,鱼小妖·重庆民间特色菜(时代天街店),29.5368732,106.511734,84.0,川菜,11:00,22:00, 
165,卢卡精致料理Lucca Fine Dining牛排西餐厅(大坪龙湖时代天街店),29.535129,106.513298,287.0,西餐,11:00,22:00, 
166,渝味响火锅(时代天街二店),29.5379214,106.5085326,82.0,火锅,16:30,23:30, 
167,朱光玉火锅馆(时代天街店),29.533913,106.5120033,104.0,火锅,11:00,24:00, 
168,啤气熊精酿鲜啤屋,29.569506,106.496616,50.0,川菜,17:30,02:30,"纸包鲈鱼,猴赛雷比利时小麦,高老庄香橙小麦,桂树下中式艾尔,大暖男棕色艾尔,红孩儿红色艾尔,大境界世涛"
169,王品牛排(重庆万象城店),29.5147995,106.5182003,406.0,西餐,00:00,21:00, 
170,猪脑壳老火锅(谢家湾店),29.5132567,106.5180846,97.0,火锅,11:30,23:30, 
171,厨界大饭店(余松路店),29.5957296,106.4949701,152.0,川菜,10:00,22:00,"猪肝,小炒黄牛肉,大脚菌炖牛腩"
172,二火锅(土湾老店),29.5521246,106.4768525,99.0,火锅,16:30,23:00, 
173,重庆交通茶馆,29.489783,106.542751,15.0,面包甜点,07:00,19:00, 
174,雷家老农民总店,29.5572432,106.4621526,10.0,小吃,08:00,23:00,"杂酱酸辣粉,凉面,凉粉,凉皮,凉糕"
175,捌大坨牛肉火锅(沙坪坝直营店),29.5586104,106.4574081,83.0,火锅,11:00,23:00, 
176,竹林牛肉面,29.497525,106.4876256,20.0,小吃,07:30,20:30,"鳝鱼面,鸡杂面,墨鱼炖鸡面"
177,he’s何师烧烤(龙湖星悦荟店),29.570251,106.552181,75.0,烧烤,17:00,03:00,"何师烤五花,麻辣手撕烤兔,青花椒串串小龙虾,何师烤中翅,何师烤排,传统蒜蓉小龙虾,双味包浆豆腐,乐山红油钵钵鸡,酸辣腰花,经典油焖小龙虾"
178,猛虎玫瑰·鲜花西餐厅(鎏嘉码头店),29.5707901,106.559527,150.0,西餐,11:30,21:00,"香草烤鸡,香煎澳洲谷饲牛柳,澳洲M3级西冷牛排,鲜玫瑰榴莲披萨,主厨特推番茄面,香滑南瓜汤"
179,大王油茶(二厂文创公园店),29.5512674,106.5395763,28.0,小吃,09:00,20:00,"大王鸡杂面,酸辣粉,大王香脆馓子,大王手工蛋卷,醪糟汤圆,鸡丝凉面"
180,最火老火锅(观音桥总店),29.5698551,106.5327158,94.0,火锅,11:30,02:30,"麻辣牛肉,新鲜毛肚,洗干净的卤肥肠,鹌鹑蛋,莴笋头,郡花,绿色鲜毛肚"
181,陶婆婆火锅(解放碑店),29.5591977,106.5720658,98.0,火锅,10:30,22:30,"妙门水牛毛肚,午餐肉,侯王澳洲牛肉,纯鲜鸭血,千丝蟹柳,贡香丸子"
182,重庆丽晶酒店·两江吧River Terrace - 七楼,29.5712085,106.5706172,297.0,酒吧/酒馆,20:00,01:00, 
183,三斤耗儿鱼(观音桥九街店),29.5790835,106.5383828,113.0,川菜,10:00,22:00,"麻辣牛肉,土豆,焦糖烤南瓜,热辣耗儿鱼,烧老好大一条鱼,红糖果果,耗儿鱼,焦糖先生,多彩吸溜"
184,烤匠麻辣烤鱼(观音桥店),29.575549,106.532826,80.0,川菜,11:00,21:30, 
185,烤无戒·现拌烤肉(观音桥金源店),29.574236,106.531506,73.0,烧烤,10:30,24:00, 
186,李子坝梁山鸡(观音桥七鸡哥店),29.5762573,106.5331456,84.0,川菜,09:30,22:00, 
187,重庆小天鹅火锅(解放碑店),29.5561475,106.5751463,76.0,火锅,11:30,21:00, 
188,渝大狮毛肚老火锅(解放碑店),29.5535799,106.5753936,89.0,火锅,11:00,03:00, 
189,土货老火锅(洪崖洞店),29.5611612,106.5782972,91.0,火锅,10:00,24:00, 
190,渝厨艺人吊锅耗儿鱼(总店),29.5611149,106.5784177,93.0,火锅,11:00,24:00, 
191,白象街·拉丝凉糕(八一路店),29.5543002,106.5766983,9.0,面包甜点,10:00,24:00,"玫瑰糍粑冰粉,桂花冰粉,黄金流芒汤圆冰粉,紫芋糯米汤圆冰粉"
192,珮姐老火锅(北城天街店),29.5792514,106.5317684,99.0,火锅,10:00,02:00, 
193,军屯锅魁(八一店),29.5548308,106.5771269,9.0,小吃,09:00,00:30, 
194,楠木町居酒屋(观音桥店),29.5794698,106.52821,125.0,日本料理,11:30,23:00,"三文鱼刺身,芥末章鱼,鲣鱼花豆腐排,明太鸡翅,烤青花鱼,玉子烧"
195,储奇门鳝鱼火锅(总店),29.5504997,106.5787601,88.0,火锅,09:00,04:00,"纯鲜毛肚,现划鳝鱼,现炸酥肉,纯鲜鸭肠,嫩牛肉,纯鲜鹅肠"
196,城墙拐拐火锅(洋河店),29.5857417,106.5328454,84.0,火锅,11:00,23:00, 
197,见牛羊(南滨路店),29.536399,106.540936,119.0,火锅,10:00,24:00, 
198,朝夕酒廊丨云端下午茶·咖啡,29.565069,106.584015,123.0,咖啡店,10:00,23:00, 
199,大圈仔滋味研究所,29.5881555,106.5277015,94.0,粤菜,11:30,22:00, 
200,帅味江湖菜·小龙虾(大坪店),29.54151,106.515674,78.0,川菜,11:00,02:00, 
201,重庆万豪酒店·香港冰室,29.5374336,106.5863854,95.0,粤菜,11:30,21:00, 
202,杉姐老火锅(万寿路店),29.5238309,106.5614814,100.0,火锅,11:30,23:00, 
203,咖咖火锅(总店),29.5787397,106.5082941,100.0,火锅,16:00,23:00, 
204,香老坎火锅(大坪正街店),29.5414481,106.5116694,70.0,火锅,09:30,02:00, 
205,重庆华宇温德姆至尊豪廷大酒店·星璨自助餐厅,29.603933,106.551518,165.0,自助餐,06:30,22:00, 
206,遇东岚·重庆渝东南菜(时代天街店),29.5387437,106.510808,72.0,川菜,10:00,22:00, 
207,丑小鸭的厨房(时代天街店),29.5385493,106.5105003,77.0,川菜,11:00,21:30,"霸王兔腿,蘑菇有毒,自酿梅子酒,黄金甲,一人一个鲍"
208,奈雪的茶(时代天街店),29.5380525,106.5107467,25.0,面包甜点,10:00,22:00, 
209,重庆渝州宾馆·山城味道,29.529403,106.505976,187.0,粤菜,11:00,21:00,"沸腾波士顿龙虾,油鸡枞蒸东星斑 ,江津酸菜鱼（石斑鱼）,清汤鸡豆花,手工菌香石榴包 ,歌乐山辣子鸡"
210,幺点子老火锅(大石坝店),29.5690711,106.4916108,60.0,火锅,11:00,02:00, 
211,捌大坨牛肉·羊肉馆(紫都城直营店),29.587978,106.497508,78.0,火锅,11:00,23:00, 
212,朱光玉火锅馆(北环店),29.6005951,106.4972905,106.0,火锅,11:30,02:00, 
213,卤校长重庆火锅(杨家坪店),29.5107057,106.5166175,89.0,火锅,11:00,24:00, 
214,火凤山生态火锅公园(人和店),29.6238599,106.5445566,120.0,火锅,11:00,22:30, 
215,大队长南山花园火锅,29.5018332,106.591018,95.0,火锅,10:00,22:30, 
216,杜火火火锅(龙湖源著店),29.6032044,106.4833268,77.0,火锅,10:30,23:00, 
217,卤校长重庆火锅(沙坪坝店),29.5586159,106.4601265,95.0,火锅,11:00,24:00, 
218,周师兄重庆火锅(磁器口直营店),29.5773259,106.4473228,101.0,火锅,10:00,22:00, 
219,耙灯牛肉(双碑总店),29.6115115,106.4548342,65.0,火锅,10:00,22:30, 
220,重庆融创施柏阁酒店·Bela Bela全日餐厅,29.6358629,106.3626355,178.0,自助餐,06:30,23:00,"羊肉串,羊排,三文鱼,大闸蟹,生蚝,寿司"
221,桃太郎创作料理(大学城店),29.6019576,106.3014475,65.0,日本料理,11:00,21:00, 
222,典匠世家耙牛肉(城南店),29.8079721,106.4043298,60.0,火锅,10:30,20:00, 
223,大永發香港打边炉·头牌花胶鸡(北滨路店),29.5742548,106.5546907,147.0,火锅,10:00,22:00, 
224,帅家鸡 ·肥肠鸡(大坪店),29.5415526,106.5156334,40.0,川菜,11:00,24:00,"帅氏双椒兔,帅氏罐罐鸡汤,帅味不抓机小龙虾蒜蓉,鸭头,帅氏闷烧鸡,剁椒凉拌鲫鱼"
225,梯坎面,29.5639171,106.5571745,15.0,小吃,06:00,14:00, 
226,董记山城碗碗香(美专校街店),29.5588116,106.5476535,19.0,快餐简餐,10:30,20:00,"蒜泥白肉,红烧肉,红烧肥肠,绍子芙蓉蛋,红烧丸子,虎皮青椒"
227,尹二姐守艺川菜(美专校街店),29.5580305,106.5468387,60.0,川菜,09:00,21:00, 
228,顺祺佛爷煲(鎏嘉码头店),29.5701656,106.5598504,125.0,川菜,11:00,21:00, 
229,道田料理(北滨路店),29.5704648,106.5599808,381.0,日本料理,11:30,21:00,"蒲烧鳗鱼,烤对虾,道田卷,牛油果沙拉,三文鱼腩刺身,海胆刺身,鹅肝,生蚝,薄烧鳗鱼饭,三文鱼刺身"
230,洞洞里吃火锅(防空洞店),29.5526877,106.5536857,110.0,火锅,10:00,23:00, 
231,鬼冒火姜丝兔(江北店),29.573158,106.5572513,81.0,川菜,11:30,21:00, 
232,张烧白豆花饭,29.5570753,106.5666806,28.0,快餐简餐,11:00,21:00,"烧白,豆花饭,蹄花海带汤,蒜泥白肉,凉拌茄子,豌豆汤"
233,渝味黄姐火锅(黄泥村店),29.5754758,106.5620011,88.0,火锅,11:30,22:00,"绿色毛肚,嫩牛肉片,干贡菜,牛肝,生抠鸭肠,脑花"
234,苏荷酒吧(九街店),29.5793982,106.5452088,145.0,酒吧/酒馆,20:00,04:30, 
235,新味腴串串香(九街店),29.5800258,106.5438469,59.0,火锅,11:00,05:00, 
236,嘎嘎鸭脑壳(五里店),29.5775667,106.5643514,78.0,川菜,10:00,01:00, 
237,山城老冰粉(女人广场店),29.5577953,106.5718367,11.0,小吃,10:00,21:30,"桂花冰粉,玫瑰冰粉,三鲜冰粉,薄荷冰粉,红糖纯冰粉,红糖糍粑葛根粉"
238,外婆桥(山城巷店),29.5502346,106.5673341,55.0,川菜,10:00,21:00, 
239,纯阳老酒馆·川菜(观音桥店),29.571853,106.5316673,79.0,川菜,11:00,22:00, 
240,盛天毛血旺非遗美食(重庆来福士店),29.5762874,106.5336583,50.0,川菜,10:00,21:30, 
241,概念98·文化客厅,29.5619797,106.5752177,539.0,西餐,14:30,23:00,"肉酱意大利面,法式菠菜野菌汤,全麦面包,土耳其风味大虾,法式鹅肝蓝莓酱,橄榄油蒜香银鳕鱼,澳洲和牛小排,鲜番茄烩意大利粉,低温带子沙拉"
242,巴门洞天川菜·江湖菜·烧烤,29.5572385,106.5744897,68.0,川菜,10:00,22:30, 
243,青一色鲜椒火锅(大融城店),29.5762512,106.5331197,83.0,火锅,10:00,22:00, 
244,肖炮现炸酥肉(解放碑店),29.5543962,106.5734101,21.0,小吃,10:00,23:00,"酥肉,三江麻花鱼,黄金鸡柳"
245,寻渝味·川菜小馆(江北远东百货店),29.5778853,106.5337461,76.0,北京菜,10:30,21:30, 
246,周师兄重庆火锅(北城天街店),29.579497,106.5352159,115.0,火锅,10:00,22:00, 
247,过三关老火锅(红土地店),29.5848736,106.5486168,96.0,火锅,09:30,23:30, 
248,零二三火锅(世纪金源店),29.5749157,106.5300502,82.0,火锅,11:30,23:00, 
249,重庆尼依格罗酒店.悦廊Tea Lounge,29.5788631,106.5694046,152.0,咖啡店,06:30,22:30, 
250,烤匠麻辣烤鱼(解放碑店),29.557938,106.577159,85.0,川菜,11:00,21:30, 
251,米氏火鱼·泡椒鱼火锅(李子坝老店),29.5495607,106.5298651,75.0,火锅,09:30,22:00, 
252,福满家老字号江景火锅,29.5488547,106.5733767,84.0,火锅,09:00,24:00,"鲜毛肚,嫩牛肉,鲜鸭肠,水牛毛肚,腰片,真鹅肠,本地大鳝鱼"
253,愚小面(解放碑店),29.5565727,106.577787,32.0,小吃,08:30,21:00, 
254,太和小酒馆·山城式酒局·家常老菜,29.5828726,106.5350037,77.0,川菜,12:00,23:00, 
255,抄姐老火锅(洪崖洞店),29.5607292,106.5797339,98.0,火锅,10:00,23:00, 
256,植闰咖啡(观音桥店),29.5818634,106.5323844,27.0,咖啡店,09:00,19:00, 
257,过道老火锅(解放碑店),29.556562,106.5796715,90.0,火锅,10:30,24:00, 
258,周三老火锅(观音桥洋河店),29.5828994,106.5330657,76.0,火锅,10:00,02:00, 
259,木九格老火锅,29.5541574,106.5792012,86.0,火锅,11:00,24:00, 
260,沧龙老火锅(洪崖洞店),29.5618732,106.5810038,77.0,火锅,10:00,02:00, 
261,小八仙·精品川菜(黄泥磅店),29.5886452,106.5394638,86.0,川菜,10:00,22:00, 
262,重庆两江假日丽呈华廷酒店·樱花醉精致料理,29.583097,106.528087,240.0,自助餐,17:30,21:00, 
263,重庆凯宾斯基酒店·国汇宴(会展中心店),29.534968,106.561428,172.0,粤菜,11:00,21:30, 
264,莱忆八零·来凤鱼璧山兔(鲁能星城店),29.5927128,106.5548175,75.0,川菜,09:00,22:00, 
265,九格九味(南滨路店),29.5427581,106.5820241,92.0,火锅,10:00,00:00, 
266,李子坝梁山鸡(长嘉汇四鸡哥店),29.5777278,106.5863726,91.0,川菜,10:00,22:00, 
267,重庆嘉发希尔顿逸林酒店·嘉悦轩中餐厅,29.528992,106.563019,136.0,川菜,11:30,21:30, 
268,桃花里主题餐厅(大坪英利大融城店),29.5400981,106.5161804,84.0,川菜,10:00,22:00, 
269,樊大厨重庆火锅(南坪万达店),29.526799,106.5671978,87.0,火锅,10:30,24:00, 
270,香老坎火锅(加州店),29.5899078,106.5180074,75.0,火锅,09:30,24:00, 
271,戏作寿司(南坪万达创始店),29.5247454,106.5682389,78.0,日本料理,11:00,22:00, 
272,华宇温德姆至尊豪廷酒店豪廷轩中餐厅,29.603934,106.551451,265.0,川菜,11:30,21:30, 
273,香老坎火锅(南坪南城大道店),29.5233989,106.563964,71.0,火锅,09:30,02:00, 
274,卢卡意大利餐厅(长嘉汇店),29.584362,106.592529,241.0,西餐,11:00,22:00, 
275,重庆富力艾美酒店·曙亚洲餐厅,29.524491,106.57043,124.0,日本料理,11:30,21:30, 
276,夜渡江湖菜·烤全羊·冰煮羊(九龙滨江店),29.526529,106.527323,121.0,川菜,10:30,24:00, 
277,52度概念菜(时代天街店),29.5365992,106.5130004,142.0,创意菜,11:00,21:30, 
278,德香苑脆皮烤鸭·经典(时代天街店),29.5375568,106.511859,78.0,北京菜,11:30,21:30, 
279,嘿嘟嘟烤肉(时代天街A馆店),29.5379551,106.5115118,92.0,韩国料理,11:00,22:00, 
280,胖哥俩肉蟹煲(龙湖时代天街店),29.5375457,106.5115763,77.0,火锅,10:00,21:30,"招牌肉蟹煲,虾煲,皮蛋豆腐,酥排骨,仔排煲,胖哥俩奶茶"
281,冒烟的阿凡提·新疆餐厅(时代天街店),29.5374284,106.5113868,79.0,新疆菜,11:00,21:00, 
282,土著渔匠.重庆鱼火锅(大坪总店),29.5341932,106.5130095,74.0,火锅,10:00,22:00, 
283,刁姐火锅(五小区店),29.5187779,106.550836,81.0,火锅,16:30,01:00, 
284,舌尖记忆融合川菜(龙湖时代天街店),29.534273,106.5127016,74.0,川菜,10:00,21:30, 
285,BURANO布拉诺西餐(重庆星光68店),29.5343035,106.5124589,148.0,西餐,10:00,22:00,"澳洲谷饲雪花西冷牛排,传统意大利肉酱面,经典鸡肉凯撒沙拉,嫩煎金枪鱼,炸粗薯条,草莓味提拉米苏"
286,见涨火锅,29.5993661,106.5171521,83.0,火锅,11:00,21:00,"猪蹄,酸梅汤,豆干丝,江团"
287,板凳面庄(松石支路店),29.5861884,106.503855,9.0,小吃,05:00,14:30, 
288,南山有烧烤,29.5513119,106.6084647,125.0,烧烤,11:00,22:30,"现切五花肉,八爪鱼,奥尔良鸡皮,扇贝,蔬菜拼盘"
289,蚝多蚝·高压锅生蚝·烧烤(冉家坝店),29.5846511,106.4968346,77.0,烧烤,17:30,02:00,"金针菇培根卷,蒜蓉粉丝,千张香菜卷,烤猪皮,Cappuccino,烤脑花,烤面包,土豆片,掌中宝,五花肉"
290,铜锣湾·有麝自然香(万象城店),29.5152914,106.5184944,133.0,川菜,11:00,21:30, 
291,一一牛杂火锅,29.5129633,106.5190111,99.0,火锅,11:00,23:00, 
292,涨格重庆老火锅(水晶郦城总店),29.602791,106.5022917,85.0,火锅,10:00,01:00, 
293,加荷港式茶餐厅(重庆财富购物中心店),29.6090636,106.5092972,84.0,粤菜,10:30,21:00, 
294,渝宗老灶火锅(水晶郦城店),29.6037808,106.5023329,80.0,火锅,10:30,24:00,"毛肚,沈家麻辣牛肉,嫩牛肉"
295,南方花园鸭肠王(科园四路店),29.5315771,106.4926578,86.0,火锅,11:00,23:30, 
296,如花哥哥的厨房(杨家坪店),29.5072231,106.5141931,72.0, ,10:00,22:00, 
297,花匠民宿·花匠餐厅,29.5607564,106.6364079,51.0,咖啡店,10:00,20:00, 
298,胡记蹄花汤,29.4890243,106.5430669,55.0,快餐简餐,10:00,20:00,"蹄花汤,红烧肥肠,烧白,红烧牛肉,青椒皮蛋,凉拌折耳根"
299,重庆大梦REVE HOUSE·餐厅,29.556117,106.638375,134.0,西餐,09:00,23:00,"乡村农夫秘制香茅烤鸡,蒜香辣味鲜虾意面,手作招牌热香饼,经典肉酱意面,日式虾油咸蛋黄酱饭,德式烤肠蔬菜披萨"
300,王少龙火锅(沙南街店),29.5613914,106.4625818,87.0,火锅,11:30,23:00, 
301,谭记王万州烤鱼(沙坪坝总店),29.570048,106.4628988,60.0,川菜,10:30,02:00,"香辣烤鱼,辣子藕丁,水煮花生,凉粉,蒜泥黄瓜,醪糟汤圆"
302,七十二行酒楼(三峡广场店),29.5587529,106.4624626,106.0,川菜,11:00,21:00, 
303,黄家码头老火锅(三峡广场店),29.5558822,106.4615844,90.0,火锅,09:30,02:00, 
304,红九格老火锅(三峡广场店),29.5580184,106.4600248,82.0,火锅,09:30,24:00, 
305,懒鱼时光馆(沙坪坝店),29.5589286,106.4593348,54.0,咖啡店,10:30,20:00, 
306,一品红养生汤煲(沙坪坝公园店),29.5500482,106.458492,78.0,火锅,09:00,21:00, 
307,吉兆·庭院料理,29.5590369,106.6462025,382.0,日本料理,12:00,23:30, 
308,莽子肥肠鸡(重大c区店),29.5610222,106.4553295,63.0,川菜,11:00,21:00, 
309,格桑家酸奶(磁器口店),29.5822734,106.4510214,25.0,面包甜点,10:00,20:00,"秘制桂浆酸奶,酸奶小伙伴壹,经典原味酸奶,酸奶慕斯,酸奶小伙伴叁,酸奶小伙伴贰,秘制玫瑰酸奶,抹茶酸奶,招牌酸奶慕斯,蔓越莓酸奶"
310,云逸南山花园餐厅(南山店),29.565968,106.656148,149.0,川菜,10:30,22:00,"烧椒茄子,番茄排骨汤,麻辣凤爪,南山泉水鸡,花菜土腊肉,麻辣水煮肉片"
311,陈永华蘸水肥肠,29.6538191,106.531451,58.0,川菜,11:00,21:00,"蘸水肥肠,蹄花汤,蒜泥白肉,红烧肥肠,风吹排骨,活捉莴笋"
312,霹雳哥市井火锅(大渡口店),29.4889021,106.4645019,69.0,火锅,10:00,22:00, 
313,圣荷酒店.龢|刺身.铁板料理,29.599529,106.37468,172.0,自助餐,11:00,21:30, 
314,重庆圣荷酒店·原畅火锅,29.5995366,106.3746539,137.0,火锅,11:30,23:00, 
315,DQ(重庆巴南万达店),29.399767,106.544456,27.0,面包甜点,10:00,22:00, 
316,牛小渝烤肉火锅•涮烤嫩牛肉(金港国际店),29.7159126,106.6314356,74.0,火锅,10:30,24:00, 
317,洪霞餐馆,29.8319323,106.4263197,70.0,川菜,11:00,21:00,"韭菜腰丝,脑花豆腐,过桥毛肚,干烧耗儿鱼,剁椒藤菜,姜汁白切鸡"
318,重庆涪陵金科大酒店·海鲜自助餐厅,29.711243,107.4006961,200.0,自助餐,17:00,21:00,"三文鱼,炭烤秋刀鱼,寿司,炭烤排骨,冷锅钵钵鸡,椒盐虾"
319,小毛肚火锅,29.557906,106.55332,68.0,火锅,10:30,02:00, 
320,菜墩之味潮汕牛肉火锅(龙湖春森星悦荟店),29.5699019,106.5485666,92.0,火锅,10:00,22:00, 
321,七八九老火锅,29.556186,106.546696,87.0,火锅,10:00,23:30, 
322,潮尚前线潮汕牛肉火锅(鎏嘉码头店),29.5707591,106.5605273,119.0,火锅,11:00,22:30, 
323,杨记隆府(北滨路店),29.570803,106.5609244,96.0,川菜,10:00,22:00, 
324,严姐有料锅底串串(融景城店),29.574306,106.5551232,63.0,火锅,11:00,24:00, 
325,禄婆牛杂(七星岗总店),29.5544667,106.5612378,70.0,火锅,11:00,22:00, 
326,枇杷山熊猫火锅(老店),29.5525973,106.5591019,84.0,火锅,11:00,23:00,"嫩肉片,手打香菜丸子,招牌麻辣牛肉,贡菜"
327,财二舅火锅招待所,29.5542799,106.5408751,89.0,火锅,11:30,24:00,"耙鸡脚,鲜鸭血,虾滑,鲜毛肚儿,卤肥肠,凉拌鸭肠"
328,蓝苑人家渝菜坊(北滨路店),29.5703796,106.5640108,78.0,川菜,11:00,22:00, 
329,COMMUNE幻师(鎏嘉码头店),29.5702183,106.5646171,104.0,西餐,11:00,03:00, 
330,愉快老火锅(黄泥村店),29.575525,106.5618694,78.0,火锅,10:00,23:00, 
331,陶四喜火锅(五里店店),29.5757467,106.5615073,93.0,火锅,11:00,23:30, 
332,曾宝川鸡杂馆(九街店),29.577819,106.54496,59.0,川菜,10:30,22:00, 
333,怒火八零牛肉串串(九街店),29.5781472,106.5454303,75.0,火锅,11:30,02:00, 
334,酒厂火锅(重庆啤酒全国首店),29.5783806,106.5458378,99.0,火锅,11:00,24:00, 
335,火尧火锅·安(解放碑和平路店),29.55411,106.5673,88.0,火锅,12:00,22:00, 
336,麻辣无情老火锅(观音桥店),29.570602,106.534526,65.0,火锅,11:00,22:00, 
337,淑芬串串平价食店(九街店),29.5790224,106.5458446,86.0,火锅,11:30,04:00, 
338,Eat Me,29.5795478,106.547137,77.0,面包甜点,10:30,20:00, 
339,赵家院子佬火锅(重庆总店),29.5799462,106.5564533,76.0,火锅,09:00,01:30, 
340,独雅老火锅(原宏声巷店),29.5536395,106.5688755,90.0,火锅,11:30,22:00, 
341,瓜西西火锅(解放碑店),29.5560654,106.5707331,100.0,火锅,10:00,24:00,"双椒牛肉,冰脆牛黄喉,三孃嫩肉片,脆毛肚,鲜鸭肠,板栗南瓜"
342,天棒老火锅(解放碑二店),29.5587778,106.5720765,86.0,火锅,10:00,24:00,"鱼籽豆腐花,卤耙鸡爪,鲜鸭血,麻辣牛肉,屠场鲜毛肚,米汤鱿鱼"
343,PLAY HOUSE(九街店),29.5796827,106.5424565,525.0,酒吧/酒馆,19:30,07:00, 
344,和记美蛙鱼府(解放碑店),29.555055,106.571064,81.0,火锅,09:30,24:00, 
345,星都城·东南亚菜·招牌海南鸡(观音桥店),29.5740603,106.534151,86.0,东南亚菜,11:30,21:00, 
346,九街三叁街头鸡脚筋串串(九街店),29.5804056,106.5431198,80.0,火锅,16:30,02:00, 
347,宏声巷·张姐火锅,29.5556564,106.5717915,59.0,火锅,10:30,24:00,"屠场鲜毛肚,耙耙牛肉,耙耙鸡爪,八秒莴笋片,苕粉,酥肉"
348,山城别有洞天·防空洞老火锅(较场口店),29.5498228,106.5674259,101.0,火锅,10:00,22:00,"洞子仔姜牛肉,洞子屠场鲜毛肚,洞子大鲍鱼,脆贡鲜肉丸子,洞子耙牛肉,红糖糍粑"
349,必胜客(观音桥店),29.5734843,106.5331866,69.0,西餐,08:00,22:30, 
350,可乐老火锅(观音桥店),29.5715423,106.5318992,77.0,火锅,11:30,00:30, 
351,邓公本味卤·江湖菜(江北嘴财信广场店),29.57128,106.57159,82.0,小吃,10:00,21:00, 
352,胖哥俩肉蟹煲(观音桥阳光世纪店),29.5756086,106.5343839,76.0,火锅,10:30,21:30, 
353,雾都城外乡土菜(观音桥店),29.5757807,106.5345507,57.0,川菜,10:00,22:00, 
354,尊宝比萨(较场口店),29.5551367,106.572151,35.0,西餐,09:30,22:30, 
355,酒牛二虎火锅馆,29.5778443,106.5367848,82.0,火锅,11:00,22:30,"当日鲜毛肚,酥肉,鲜鹅肠,青花椒牛肉,干黄瓜条,带皮土豆"
356,潮火锅·麻辣牛肉火锅(观音桥金源店),29.574031,106.532781,80.0,火锅,10:00,22:00, 
357,弄色花厨(山城步道店),29.549867,106.5685438,103.0,创意菜,11:30,21:30, 
358,受气牛肉·牛肉火锅(观音桥阳光世纪店),29.5765765,106.5350126,88.0,火锅,10:00,22:00, 
359,题色小川菜(观音桥店),29.5742022,106.5327781,65.0,川菜,11:00,22:00, 
360,一池冰喜(观音桥阳光世纪店),29.5759183,106.5342428,33.0,面包甜点,12:00,22:00, 
361,袁妈红豆汤(塔坪店),29.5785749,106.5372157,25.0,面包甜点,08:00,21:00, 
362,魁炉居酒屋(较场口店),29.5545649,106.572425,100.0,日本料理,11:00,22:00,"魁炉寿司,芝士大虾,日式牛肉盖饭,炸虾天妇罗,土豆泥焗扇贝,特制豚骨拉面,什锦天妇罗,加州卷,油梨细卷,鸡蛋卷"
363,久久日本料理,29.5753413,106.5332815,80.0,日本料理,11:30,22:30, 
364,堺町16面包屋(鲁祖庙店),29.555736,106.573164,29.0,面包甜点,08:30,21:00, 
365,金妈家烤肉(大融城店),29.5757458,106.5335613,95.0,烧烤,10:30,22:00, 
366,尊宝比萨(五里店店),29.5805849,106.5629856,39.0,西餐,09:30,22:30, 
367,速度披萨(大融城店),29.575682,106.5334683,82.0,西餐,10:30,21:30, 
368,鲁祖庙古法火锅,29.555784,106.573252,84.0,火锅,10:00,22:00, 
369,任吉老砂锅(中华巷店),29.5570371,106.5737638,39.0,川菜,09:00,22:00, 
370,嘟嘟蛙(大融城店),29.5763019,106.5339917,72.0,川菜,11:00,21:00, 
371,嘿嘟嘟烤肉(观音桥大融城店),29.575834,106.5334859,95.0,韩国料理,11:00,22:00, 
372,喵叔米线(观音桥总店),29.5765463,106.5341217,15.0,小吃,09:00,22:00, 
373,受气牛肉·耙牛肉火锅(观音桥大融城店),29.5760195,106.533461,94.0,火锅,10:00,21:00, 
374,重庆国贸格兰维大酒店·格兰茶楼,29.5562018,106.5737287,58.0,茶馆/茶室,10:00,23:59, 
375,空海·游迹YOJI(观音桥大融城店),29.575264,106.532598,94.0,日本料理,10:00,22:00, 
376,大芊金串串火锅(观音桥富贵店),29.5765876,106.5337242,70.0,火锅,10:00,03:00,"藤椒牛舌,黄金酥肉,香酥掌中宝,现摊苕皮,荔枝神仙冰粉,椰奶冰汤圆"
377,德香苑脆皮烤鸭·经典(大融城店),29.5752806,106.5323602,75.0,北京菜,11:00,21:00, 
378,香老坎火锅(观音桥好吃街店),29.5765923,106.5335419,68.0,火锅,09:30,02:00, 
379,哈根达斯(大融城店),29.576291,106.533139,55.0,面包甜点,10:00,22:00, 
380,九锅一堂(重庆金源直营店),29.574439,106.531559,68.0,川菜,10:00,22:00, 
381,瓜西西火锅(洋河旗舰店),29.5823822,106.5427897,95.0,火锅,11:00,23:00,"冰脆牛黄喉,鱼籽虾滑,卤肥肠,现炸酥肉,屠场毛肚,板栗南瓜"
382,拾柒號No17,29.5809497,106.5386586,84.0,面包甜点,11:00,21:30, 
383,好家园老菜馆(北城天街店),29.5797617,106.5366567,69.0,川菜,11:00,21:30, 
384,王品牛排(江北北城天街店),29.576868,106.532919,420.0,西餐,11:30,21:00, 
385,赤犇炭火烧肉,29.5797356,106.5361287,222.0,日本料理,11:00,23:00, 
386,在渝里·重庆火锅(十八梯原址保留火锅单位店),29.5523924,106.5731422,124.0,火锅,10:00,23:00,"咸蛋黄虾滑,花街子嫩牛肉,大井巷鲜鸭肠,脆弹小郡肝,仙女山嫩苕粉,冰淇淋油条"
387,潮牛海记(北城天街店),29.5785373,106.5343134,110.0,火锅,10:00,22:00, 
388,锅碗瓢盆·重庆本土菜(解放碑店),29.5558805,106.5750492,68.0,川菜,11:00,22:00, 
389,纽玩餐厅·轻享西餐(国泰店),29.5589365,106.5761399,91.0,西餐,11:00,22:00, 
390,奈赐寿司-彩虹(观音桥店),29.5778011,106.5331787,75.0,日本料理,11:30,21:30, 
391,大风老火锅(江北一店),29.5791291,106.5684079,96.0,火锅,11:00,24:00,"特色毛肚,酥肉,多肉午餐肉,干贡菜,猪黄喉,麻辣牛肉"
392,猪脑壳老火锅(洋河店),29.5836454,106.5431245,105.0,火锅,12:00,24:00, 
393,仔强广东牛杂煲(洋河店),29.5828693,106.5400246,86.0,粤菜,11:00,23:00, 
394,山水溶洞重庆火锅(观音桥店),29.5765101,106.5311754,86.0,火锅,11:30,23:30, 
395,巴云天·美蛙毛血旺·重庆菜(解放碑店),29.5580656,106.576575,65.0,川菜,11:00,21:00, 
396,灯笼巷火锅(北城天街店),29.5783153,106.5328905,57.0,火锅,10:00,22:00, 
397,酒阳蒸经小酒馆(解放碑店),29.5537125,106.5750673,68.0,川菜,11:00,22:00, 
398,田棒棒火锅(洪崖洞店),29.5613623,106.5773191,94.0,火锅,10:00,24:00,"竹荪虾滑,精油鲜毛肚,鲜鸭肠,秘制耙牛肉,鲜鸭血,板栗南瓜"
399,黄家码头老火锅(解放碑旗舰店),29.5589708,106.5770208,96.0,火锅,10:30,24:00, 
400,天棒老火锅(老店),29.5530713,106.5749051,98.0,火锅,10:00,24:00,"鲜鸭血,牛杂拼盘,鱼籽虾滑,卤耙鸡脚,现炸酥肉,8秒海带苗"
401,程碟衣火锅馆(观音桥店),29.57841,106.5324499,77.0,火锅,10:30,04:00, 
402,挥汗堂九宫格老火锅,29.553566,106.575455,63.0,火锅,10:30,24:00, 
403,Gray Whale灰鲸餐厅(国金店),29.576741,106.572596,153.0,西餐,11:30,21:00, 
404,集渔泰式海鲜火锅(星光68广场洋河一路店),29.5779751,106.531624,113.0,东南亚菜,11:00,22:00, 
405,一一牛杂火锅(洋河店),29.5844432,106.54212,105.0,火锅,10:30,01:30, 
406,大袁猪脚饭(观音桥总店),29.5789468,106.5323821,23.0,快餐简餐,10:00,21:00, 
407,皮二哥重庆火锅,29.5527489,106.5753157,61.0,火锅,11:00,23:00, 
408,醉小酒馆(观音桥店),29.5786658,106.5319738,77.0,川菜,11:00,02:00, 
409,鮨·玉omakase,29.5589245,106.5777541,651.0,日本料理,10:00,22:00,"鲍鱼鲍肝酱,金枪鱼中腹手握,鳕鱼京西烧,海胆芝麻豆腐,玉子烧,星鳗寿司"
410,山城二十二川菜馆(解放碑店),29.5550243,106.576546,81.0,川菜,11:00,21:00,"泰椒土豆丝,香煎拇指包,干香鸡翅,尖椒鸡,冰淇淋大油条,红糖老冰粉"
411,谷岛本店,29.5783675,106.5316229,558.0,日本料理,11:30,22:00,"蒲烧活鳗,苏格兰三文鱼腩,鹅肝手握寿司,芝士烤大明虾,炭烤牛舌,海胆盖饭"
412,周师兄重庆火锅(洪崖洞旗舰店),29.5600184,106.5779847,116.0,火锅,11:00,24:00,"特级屠场毛肚,虾滑,大刀腰片,精品鲜鸭肠,酥肉,手工红糖糍粑"
413,WINGS Sky Live云端酒吧,29.5591129,106.5778528,178.0,酒吧/酒馆,20:00,03:00, 
414,夜烤·宜宾烧烤·把把烧·小龙虾(洋河路店),29.5850781,106.5432501,82.0,烧烤,18:00,04:00, 
415,大吉烧肉与酒·活海鲜和牛超市(星光68店),29.5784921,106.531638,130.0,烧烤,11:00,22:00, 
416,伙财火锅(观音桥店),29.5794805,106.5324649,89.0,火锅,11:00,24:00, 
417,夜宴江景餐厅,29.5501496,106.5290751,190.0,川菜,10:00,21:30, 
418,豪渝火锅(解放碑潮流概念店),29.5558078,106.5771939,82.0,火锅,10:00,03:00, 
419,聚十三烤肉博物馆(重庆旗舰店),29.5558078,106.5771939,79.0,烧烤,10:30,23:30,"烤肉十三天梯,蔬菜沙拉,大福,菠萝片,土豆泥,包肉生菜"
420,去餐厅Restaurant Qu(得意潮馆店),29.5527645,106.5758351,181.0,西餐,17:00,23:00, 
421,较场口夜市,29.5546851,106.5769907,46.0, ,10:00,22:00, 
422,谭英雄·美蛙鱼头火锅(北城天街店),29.579343,106.5317076,90.0,火锅,10:00,23:00, 
423,猴三老火锅(洪崖洞店),29.5621932,106.5789323,101.0,火锅,00:00,24:00, 
424,尊宝比萨(北滨路金源店),29.557043,106.524965,35.0,西餐,09:30,22:00, 
425,古木枫老火锅(洪崖洞店),29.5608982,106.5790909,94.0,火锅,11:30,23:00, 
426,小崖洞街坊老火锅(洪崖洞店),29.5606848,106.5791921,76.0,火锅,10:30,24:00, 
427,象火锅(观音桥店),29.5802342,106.5319968,69.0,火锅,11:00,05:00, 
428,歌乐山辣子鸡店·马七妹(金源时代购物中心店),29.5570794,106.5245422,61.0,川菜,10:00,21:00, 
429,格蕾希娅花园餐厅,29.572841,106.577314,145.0,西餐,10:00,22:00, 
430,莉姐火锅(较场口店),29.5519921,106.5770107,100.0,火锅,10:30,24:00, 
431,乔王火锅(洋河店),29.5855265,106.539314,91.0,火锅,11:00,23:00,"油炸面块,泡椒茶树菇,生蚝,老板养殖场的农家土猪,白果肚子鸡汤,白果肚子鲜排骨汤"
432,叁步梯老火锅·地道重庆味,29.5807448,106.5310919,93.0,火锅,11:00,22:00, 
433,神伙烧烤(江北黄泥磅直营店),29.5867977,106.5412487,85.0,烧烤,17:00,03:00, 
434,一郎烧肉·日式料理(解放碑店),29.5594138,106.5807346,92.0,日本料理,11:00,22:00, 
435,花间一壶酒·私房菜·小酒馆(观音桥店),29.5668892,106.5222901,76.0,川菜,16:00,01:00, 
436,千穗法式怀石·铁板料理,29.5790619,106.5752397,1222.0,西餐,11:30,22:00, 
