id,name,lat,lon,price,cuisine,opentime,endtime,recommendedfood
0,鹤鸣茶社(人民公园店),30.65688,104.0585999,45.0,茶馆/茶室,08:00,22:00, 
1,廊桥THE BRIDGE,30.641758,104.085883,709.0,川菜,17:30,21:00,"椒香多宝鱼,糯米脆皮鸭,冰酒鲜果冻冰粉,暖心豆腐杏仁茶"
2,马旺子(太古里店),30.6513787,104.0839538,140.0,川菜,11:30,20:30,"秘制爽口萝卜,凉面,青豆油丝瓜,宫保茄香虾球,手撕藤椒鸡,口水鸡,夫妻肺片,乐山甜皮鸭,毛血旺,麻婆豆腐"
3,希尔顿嘉悦里･TC CAFE 御蓉高空餐厅,30.6561325,104.0640632,250.0,西餐,07:30,21:30, 
4,成都瑞吉酒店·宴庭中餐厅,30.6610218,104.074584,233.0,粤菜,11:30,22:00,"新品点心,虾皇饺,凤爪,烧卖,虾球,红肠,港式黄焖花胶鸡,鲜果燕窝双皮奶,松茸金菇扒自制豆腐,精选烧味拼盘"
5,成都华尔道夫酒店·麒麟·扒房 Limited Edition - Grill,30.584107,104.0688468,984.0,西餐,12:00,22:00, 
6,烤匠麻辣烤鱼(IFS店),30.6544864,104.0807262,100.0,川菜,11:00,21:30,"经典麻辣烤鱼,黑椒猪颈肉,包浆豆腐,手工黑豆花,炭烤生蚝,酥肉"
7,成都钓鱼台精品酒店·品聚·成都餐厅,30.6646456,104.0517343,216.0,川菜,11:30,21:30,"宫保鸡丁,水煮牛肉,传统回锅肉,歌乐山辣子鸡,四川传统扣肉"
8,成都凯宾斯基饭店·怡时德式西餐厅,30.6183196,104.0663199,146.0,西餐,06:30,21:30, 
9,听香·老公馆川菜(宽窄巷子店),30.6635297,104.0549263,141.0,川菜,11:00,22:00,"玉米粑粑,上汤娃娃菜,蒸烤江团（特色烤鱼）,夫妻肺片,诸葛锦囊,脆爽萝卜衣"
10,子非(宽窄巷子店),30.6639417,104.0536559,1080.0,川菜,11:00,21:00,"三岔湖有机米级翘壳鱼配玉露香梨,石锅绍子干烧活海参配菠菜面+牛油果泥,清汤羊肚菌炖竹荪梨花膏,龙虾汤煮农场时蔬,五彩饭团捞家常蹄筋配老成都春卷,富贵花开 三味牛肉,天保九如,春华秋实,鸟笼吊烧乳鸽,丝绸之路"
11,许家菜(望江店),30.6374481,104.090139,458.0,川菜,11:00,21:00,"黄酒蒸东海大黄鱼,红焖中华鳖,宫保水晶虾仁"
12,成都富力丽思卡尔顿酒店·FLAIR餐厅酒吧,30.6638202,104.0701302,197.0,酒吧/酒馆,18:00,01:00, 
13,岷山饭店·THE RIVER HOUSE西餐厅,30.6486496,104.0668534,727.0,西餐,11:30,21:00,"香煎鸭肝,碳烤澳洲和牛M9＋肉眼牛排,拿破仑,提拉米苏"
14,成都群光君悦酒店·8号火锅中餐厅,30.6535404,104.0767943,385.0,火锅,11:30,22:00,"草原黄毛肚,酥肉,澳洲和牛上脑M9,麻辣牛肉,鹅肠,虾滑,手工面"
15,大德会席(成都远洋太古里店),30.6543451,104.0828038,2161.0,日本料理,11:30,22:30,"蓝鳍金枪鱼大腩,牡丹虾刺身,芒果鹅肝,扇贝天妇罗,A5和牛,松叶蟹"
16,天妇罗·天燚(太古里店),30.6508557,104.0872319,1047.0,日本料理,11:00,22:00,"虾头,星鳗天妇罗,无花果天妇罗,松叶蟹脚,海胆天妇罗,芦笋天妇罗"
17,陈麻婆豆腐(旗舰店),30.6627136,104.0341746,74.0,川菜,11:00,21:00,"陈麻婆豆腐,陈麻婆回锅肉,夫妻肺片,宫保鸡丁,鱼香肉丝,担担面"
18,PLAY HOUSE(世外桃源店),30.6297448,104.0767239,744.0,酒吧/酒馆,14:00,05:00, 
19,漾亚·雍雅合鲜(桐梓林店),30.6129353,104.0624782,500.0,火锅,11:00,21:30,"岩鲤,岩团,藤桥酱鸭舌,黑龙潭翘壳鱼,黑豆腐"
20,柴门荟(中海店),30.5816577,104.0557895,973.0,川菜,11:30,21:00,"古法甲鱼花胶汤,黑松露宫保谷饲牛小排,茴香泡菜澳洲岩龙,辣鲜酱烤阿拉斯加帝王蟹,泉水涮锅黑金鲍鱼,花椒广汉缠丝兔 "
21,浅喜火锅(中环岛广场C座店),30.5599266,104.0519094,184.0,火锅,11:00,23:00,"浅喜血毛肚,签签鸽郡肝,香酥蟹柳,鲜鹅肠,竹荪虾滑,浅喜罐罐牛肉"
22,玛歌庄园火锅(五龙山店),30.7618745,104.1683087,121.0,火锅,11:00,21:30, 
23,宽巷子3号,30.6633799,104.0549481,685.0,川菜,10:00,21:00,"福禄寿喜,步步高升,西蜀沸腾鱼,模仿文房四宝,盖碗茶,担担面"
24,龙森园火锅(琴台路店),30.6587659,104.0454774,184.0,火锅,11:00,24:00,"毛肚,黄喉,红糖糍粑,鳝鱼,嫩牛肉,千层肚"
25,成都华尔道夫酒店·Brasserie 99 厨,30.5844271,104.0690397,212.0,川菜,06:30,21:30,"天鹅榴莲酥,洪雅藤椒耙鸡爪,杨枝甘露,芥末沙拉虾球,糖油果子,白灼菜心"
26,Silver pot·银锅现代川菜(悠方店),30.5835164,104.0592925,764.0,创意菜,11:30,21:00,"青椒汁蚌仔,土罐贡椒叶熏乳鸽,鱼子酱烟熏鹅肝,藿香富贵虾,橙皮牛肉,椒香松露鸭方,椒烫龙虾球,酸辣膏蟹面筋"
27,华道钰善阁,30.5563368,104.0500711,400.0,素食,11:30,20:30,"鲜菌珍品,胡汁猴排,荷叶珍珠,宫保杏菇,味增烤笋"
28,成都富力丽思卡尔顿酒店·25楼香荟全天候餐厅,30.6638202,104.0701302,252.0,自助餐,06:30,21:30, 
29,饕林餐厅(春熙路店),30.6526621,104.0733725,75.0,川菜,10:30,21:30,"饕餮素菜王,饕林辣子鸡,啤酒鲜椒兔,饕林特色回锅肉,饕林河渡鱼,红糖糍粑卷"
30,小龙翻大江·火锅美学(春熙店),30.652993,104.0791115,169.0,火锅,11:00,23:00,"春熙醉毛肚,吊龙牛肉,神仙牛肉,太极双椒牛肉,竹荪龙鱼,龙门秘制排骨"
31,锦城印象火锅(彩虹店),30.6473226,104.0563677,162.0,火锅,11:00,02:00,"鲜毛肚,锦城嫩牛肉,鲜炸黄金六两酥肉,生扣仔鹅肠,冷锅鲜血旺,养颜冰粉"
32,成都吃客(奎星楼店),30.6678494,104.0551467,51.0,烧烤,11:30,21:30,"裸奔坨坨虾,捞汁花甲,鸟巢掌中宝,炭烤五花肉,剥皮虾,特色烤大茄,特色烤鱼片"
33,成都博舍·Tivano意大利餐厅(笔帖式街店),30.651379,104.0845587,554.0,西餐,11:30,22:00,"黑松露芝士披萨,生切牛肉,牛扎糖冰淇淋,手搓意面,提拉米苏,烤春鸡,牛轧糖冰淇淋,Tiramisu,牛里脊肉,慢煮牛前肩肉"
34,蜀九香火锅(百花iHome店),30.6563,104.0405976,121.0,火锅,11:00,23:00,"九香牛肉,九香排骨,千层肚,三色虾滑,九香黄喉,功夫土豆片"
35,川西坝子火锅(清江东路3.0直营店),30.6680611,104.0361071,121.0,火锅,10:30,24:00,"嫩牛肉,肥牛,川西坝子特烹千层肚,虾滑丸,鸭肠,甜豆花,酥肉,鸭血,鹅肠,豆浆"
36,鸡毛店·川菜(李家沱店),30.6911281,104.0959151,72.0,川菜,11:00,21:00,"石锅生焖虾,当家巴骨肉,蒜泥白肉,特色花椒鱼,茄子豇豆,萝卜大骨汤"
37,雏Chú MODERN CUISINE,30.6138565,104.0851328,749.0,西餐,18:00,22:00,"榴莲芝士蛋糕,低温肉眼,松露巧克力雪葩,松茸越光米饭,低温黑牛西冷,煎鸭肝"
38,临江宴·雲,30.5822437,104.064847,1300.0,粤菜,11:00,21:00, 
39,成都盛美利亚酒店·西班牙餐厅,30.5754923,104.040233,430.0,西餐,17:30,21:00,"招牌伊比利亚火腿,招牌西班牙海鲜烩饭,蓝莓冰淇淋,炭烤澳洲安格斯战斧牛排,蒜香阿根廷红虾,伊比利亚猪肉焦糖洋葱包 "
40,成都世纪城天堂洲际大饭店·龙轩中餐厅,30.5597598,104.0721482,200.0,粤菜,11:30,22:00,"顺德黄金炒石斑鱼米,樱桃鹅肝,澳芒芥末明虾球,火焰鲍鱼吊烧鸡,港式烧四宝,港式烧鹅,桐香芝麻鸡,冰烧三层肉,竹炭流沙包,脆皮乳鸽"
41,成都棕榈泉费尔蒙酒店·尝艺中餐厅,30.5529622,104.0697483,177.0,粤菜,11:30,22:00, 
42,园里火锅(天府三街店),30.5477513,104.065963,158.0,火锅,11:30,02:00,"麻辣脆,麻辣牛肉,包浆豆腐,蛋炒饭,酥肉,冰粉,酸梅汁,肥牛,双人套餐,拿破仑"
43,牛水煮·牛肉水煮·川小馆(天府三街旗舰店),30.5462123,104.0664297,74.0,川菜,11:30,21:30,"麻辣水煮牛肉,蛋酥糍粑,锅巴土豆,牛骨茶,桂花紫薯羹,现任椰汁冰粉"
44,成都茂业JW万豪酒店·万豪中餐厅,30.656856,104.070156,193.0,川菜,11:30,22:00,"JW万豪龙腾四海,火焰沙姜焗海螺,腾云御品玉玲珑,雪花牛肉配豌豆,JW万豪鲜鲍鱼炒饭,花雕芙蓉松叶蟹,古法游龙东星斑,椰皇炖老鸡,瑶柱樱花汤,牛肉叉烧天鹅酥"
45,蜀大侠火锅(春熙店),30.6540734,104.0760104,109.0,火锅,11:00,01:00,"贵妃牛肉,太极双滑,花千骨,冰川鹅肠,大侠水牛毛肚,红糖糍粑"
46,山城外老坛酸菜鱼(群光广场店),30.6543976,104.0767255,83.0,川菜,10:00,22:00,"青花椒老坛酸菜鱼,魔幻朋克棒棒鸡,麻辣老坛酸菜鱼,猪油炒饭,娇滴滴虎皮鸡脚,荷塘月色荷叶粉"
47,嗨岛兔·烤兔兔头四川特产(总店),30.6588916,104.0790386,52.0,小吃,09:00,01:00,"麻辣手撕烤兔,嗨岛冷吃兔,勾魂兔腿,双流老妈兔头,鸭头"
48,冒椒火辣(奎星楼街店),30.668282,104.0536514,74.0,火锅,11:30,22:00,"纠结千层肚,恒侯兔腰,串串香,老卤鹌鹑蛋,麻辣兔头,缠绵火锅粉,麻辣干牛肉,杠上脑花,爆浆兔腰,农家小洋芋"
49,集渔·泰式海鲜火锅(太古里晶融汇店),30.6510413,104.0821184,120.0,东南亚菜,11:30,22:00,"鱼滑虾滑双拼,虾片,椰汁西米露,海鲜炒饭,波士顿大龙虾,初恋布丁"
50,嘉州叶婆婆钵钵鸡(太古里店),30.6510074,104.0845205,57.0,小吃,10:30,21:30,"特色臊子蛋炒饭,招牌鸡汤饭,秘制牛肉,醪糟荷包蛋,手工薄饼,老红糖凉糕"
51,五岳宫·私房菜,30.6739636,104.0739896,343.0,创意菜,10:30,21:30,"手工坨粉烧大连鲜鲍,果木燃烧雪花牛肋皇,官府金汤脆米辽参,焦糖山楂法国鹅肝,天山雪莲,铁观音海山骨"
52,天府掌柜(九眼桥店),30.644273,104.085749,103.0,川菜,11:00,22:00,"大刀土鸡金丝面,松茸香菇包,银丝糖油果子,天府熊猫,掌柜钟水饺,手工凉春卷,糖醋排骨,金丝面,叶儿粑,红糖粑粑"
53,不二·民谣音乐餐酒吧(九眼桥店),30.6415713,104.0835231,162.0,川菜,12:00,02:00, 
54,陈记爷爷婆婆蛋烘糕,30.6294335,104.0613551,9.0,小吃,14:30,20:00,"鲜肉三鲜,豇豆,五香芝麻,红豆沙,鱼香土豆丝,奶油肉松"
55,宴御海鲜姿造(桐梓林店),30.6157989,104.0665932,417.0,自助餐,12:00,21:00,"法式鹅肝,活鲍鱼,阿根廷红虾,智利帝王蟹,三文鱼,马粪海胆"
56,禅悦素食,30.6120898,104.0660599,167.0,素食,11:30,21:00,"上素夫妻肺片,宫保杏鲍菇,杂粮拼盘,山楂糕,雪莲菌刺身,传统糖醋里脊"
57,悦百味·臻选(摩方店),30.5830204,104.053438,297.0,川菜,10:00,21:30, 
58,隐庐酒店(成都新会展环球中心店)·古法川菜(高新店),30.5615301,104.0507213,462.0,川菜,11:30,21:00,"宫爆法国鹅肝,开水白菜,爽脆瓜衣,红烧肉,鱼香虾球,古法飘香坛子肉"
59,南堂馆·新川菜(天府三街店),30.547101,104.0597731,285.0,川菜,11:00,21:00,"烧椒八爪鱼,缤纷时蔬,椒香牛肉银丝饼,碳烤上乘五花,宫保虾球配成都麻园,青椒毛血旺"
60,老房子华粹元年食府(天府三街店),30.5474157,104.0505467,343.0,川菜,10:30,21:30,"蟹黄酱羊肚菌捞饭,古法片皮鸭,宫保鹅肝粒,牡丹牛舌盏,元年功夫汤,盐烤银杏配咸猪肘"
61,蓝榭餐厅 LAN XIE(花园城店),30.4401988,104.0681188,188.0,融合菜,11:00,21:00, 
62,有雲·鹿洄天府 1911中国川菜体验中心,30.4140435,104.1183399,1218.0,川菜,11:00,22:00,"干烧鲤鱼,龙眼翘壳,雪花鸡淖,苕菜狮子头,红烧牛头方,建昌板鸭配荷叶饼,元·酥山,糖璎珞配糖油果子,玄冬雪,花胶鸡牛汤"
63,柴门头啖汤(仁恒置地广场店),30.6522338,104.0682897,157.0,川菜,11:30,21:00,"陈酿豆瓣鲜鱼,石锅高山萝卜,杏仁炖雪梨,花生眉豆煲凤爪,石锅堂焗牛肉粒,功夫酱肉包"
64,张烤鸭·川菜·冒烤鸭(青石桥店),30.6539374,104.0713425,74.0,川菜,11:30,21:30,"烤鸭,冒烤鸭,蟹黄豆花,冒鸭肠,干锅鸭唇,藿香鲫鱼,红糖糍粑,豆汤娃娃菜,酸汤鱼,冒汤烤鸭"
65,KIIWII奇异·慢活25Hours Brunch Bar(华兴街店),30.6599409,104.0789013,180.0,西餐,10:30,24:00, 
66,小龙翻大江文化火锅(宽窄店),30.6635017,104.053473,160.0,火锅,11:00,23:00, 
67,Tomacado花厨(IFS国际金融中心店),30.6553814,104.0808535,238.0,西餐,11:00,22:00,"低卡花厨彩虹卷,轻煎金枪鱼塔,香草烤三黄鸡,花厨特色班尼迪克蛋,蜂蜜烤南瓜沙拉,花厨特色菌菇汤（配法棍）"
68,八仙酒楼(IFS店),30.6558937,104.0814506,308.0,粤菜,11:00,21:30,"柚子脆皮鸡,避风塘炒蟹,椒盐牛蛙,枫糖蜜汁叉烧,杨枝甘露,豉汁蒸蟠龙鳝"
69,舌尖派对·四川小吃集(太古里店),30.6510277,104.080237,50.0,小吃,11:00,21:30,"九宫格2.0,冷吃鸡肚,酱茶鸭,口水鸡,小蒸笼牛肉,冷吃牛肉"
70,吼堂老火锅(太古里总店),30.6505582,104.0815891,137.0,火锅,11:00,02:00,"超多肉午餐肉,特别大片的鲜毛肚,吼堂秘制鸭肠,蟹籽虾滑,冷锅鸭血,摇摇酥肉"
71,邓记新一代糖油果子,30.6715362,104.056788,5.0,小吃,10:00,20:00, 
72,马路边边串串香(致民路店),30.6436622,104.0766041,76.0,火锅,11:00,22:00,"冒脑花,土豆,兔腰,小香肠,冰粉,牛肉"
73,蓉记香辣蟹爬爬虾(宽窄巷子店),30.6668655,104.0481769,124.0,川菜,11:00,01:00,"香辣爬爬虾,香辣蟹,蟹黄豆花,椒盐爬爬虾,香辣螺肉,双椒美蛙"
74,巴蜀大宅门火锅(北门大桥店),30.6737236,104.0775719,70.0,火锅,11:00,23:30,"鲜猪黄喉,坨坨牛肉,现炸酥肉,挂面鸭肠,鲜毛肚,鸭血,虾滑,酥肉,牛五花肉,霸王山椒肥牛"
75,回水镇江湖川菜(太古里店),30.6577169,104.089821,73.0,川菜,11:30,23:00,"黑豆花水煮鱼,泡椒兔,乱刀土豆,锅边馍,江湖猪肝,青笋木耳炒山药"
76,乐山胖哥跷脚牛肉(东风路总店),30.6526876,104.0927869,60.0,火锅,11:00,20:30,"跷脚牛肉小锅,粉蒸牛肉,火爆牛舌,火爆牛肝,火爆脆肠,豆腐烧脑花"
77,芳香景,30.6836989,104.0535527,781.0,川菜,11:30,22:00,"鱼唇麻婆豆腐,葱油鲍片,三色鸡丸,芳香软炸蜜汁鸭,开水白菜,夫妻肺片"
78,卢记正街饭店·川湘菜,30.6235244,104.0602996,113.0,川菜,10:00,24:00,"江湖大盘辣子鸡 ,经典毛血旺,铁板包浆豆腐,招牌青椒鱼片,月宫玉兔 ,蒜泥白肉"
79,皇城老妈(皇城店),30.6216358,104.0522074,171.0,火锅,11:00,21:00,"老妈牛肉,千层肚,鳝鱼,鹅肠,老妈鸡片,虾滑,藕片,黄喉,牛五花肉,竹荪"
80,云门锦翠概念餐厅,30.619041,104.0678959,592.0,川菜,11:30,21:30,"藏烧澳洲牛肋排,三文鱼前菜,青芥沙拉虾配玫瑰鱼籽,春意盎然,牛油果三文鱼塔配鱼子酱,黑松露焗饭,红酒焗法国鹅肝"
81,春天庭餐厅(仁和春天广场店),30.6627966,104.019837,276.0,西餐,11:30,22:00,"澳洲谷饲和牛战斧牛排,澳洲安格斯肉眼,拿破仑蛋糕,法式煎鹅肝配蔓越莓酱汁,农场南瓜汤,越式香辣酱焗银鳕鱼"
82,柴门公馆(桐梓林店),30.614788,104.062882,405.0,川菜,11:30,21:00,"砂锅羊碣子,私家红烧肉,毛血旺,石锅酱萝卜,啫啫蚝仔烙,酱肉包"
83,成都瓜串串(金房苑东路店),30.6948474,104.0398366,67.0,火锅,11:00,22:00,"冒脑花,麻辣牛肉,爆浆兔腰,小土豆,冒火锅粉,冒米凉粉"
84,银滩鲍鱼火锅(希望路店),30.6136289,104.0726506,586.0,火锅,10:00,21:00,"银滩招牌锅,阿拉斯加帝王蟹,十头大连鲍,加拿大象拔蚌,爱尔兰野生圣子王,台湾珍珠斑,美国响螺,雪花牛肉粒,丸拼"
85,朴田泰式海鲜火锅(泛悦国际店),30.6134463,104.0792288,154.0,火锅,11:00,22:00,"海鲜菠萝炒饭,特色咖喱蟹,精选基围虾,手打鲜虾滑,朴田烤扇贝,核桃拿破仑"
86,粲庐(高新店),30.6015241,104.0796239,680.0,川菜,10:30,23:00,"雪花牛肉,山楂鹅肝,原只番茄鲍鱼,榴开百子,春华秋实,毛笔酥"
87,贵场火锅(摩方店),30.5831352,104.0538835,200.0,火锅,11:00,23:00,"极品毛肚,厚切牛小排,澳洲M9饲谷上脑,奥巴黑五花,海鲜姿造,黑鱼籽越南青虾滑,大刀腰片,日本鳕鱼蟹柳,鲜鸭舌,四喜丸子"
88,薛涛院子里·中餐茶艺(三圣乡店),30.587222,104.12915,210.0,川菜,09:30,21:30,"醪糟红烧肉,薛涛鸡片,峨眉鳝丝,石锅老豆腐,糖醋排骨,出水芙蓉"
89,将军府壹号·鸡毛店(人民公园店),30.6590802,104.0604993,76.0,川菜,11:00,21:30, 
90,袁记串串香(人民公园店),30.6546226,104.0594911,63.0,火锅,10:30,23:00,"麻辣牛肉,鹅肠,草原毛肚,香菜牛肉,川味香肠,土豆"
91,成都富力丽思卡尔顿酒店·厅Dining Room,30.6637079,104.0699918,548.0,西餐,18:00,01:00, 
92,成都瑞吉酒店·秀餐厅,30.6610166,104.0745073,191.0,自助餐,06:30,21:00,"海鲜档,甜品台,生蚝,基围虾,蟹腿,三文鱼,烧烤档,滋补海鲜锅,冬阴功海鲜汤粉,嫩煎鲜带子意大利土豆团子配黑鱼籽酱"
93,牛签签串串香(IFS店),30.6554039,104.0800997,83.0,火锅,11:00,22:00,"红糖糍粑,芝士虾滑,泡蒜牛肉,蒜香酥肉,麻辣牛肉丁,折耳根牛肉"
94,月满大江火锅(武侯祠店),30.6469959,104.055661,95.0,火锅,10:00,24:00,"雪花肥牛,鲜毛肚,偷心麻辣小郡肝,鲜血旺,15秒宝藏鲜鸭肠,手工红糖糍粑"
95,纯阳馆鱼香排骨面(吉祥街店),30.6680881,104.0550969,19.0,快餐简餐,08:00,20:00,"鱼香排骨面,红油口蘑抄手,椒香牛肉面,豇豆肉绍面,担担面,臊子蒸蛋,鱼香排骨抄手,纯阳小面"
96,烹火(小通巷店),30.667479,104.0543281,65.0,西餐,09:30,21:30,"聪明脑花,榴莲披萨,摇摇酥肉,碳烤五花,招牌面包鸡,公园碳烤牛肉串"
97,俏媳妇家庭火锅(宽窄巷子店),30.6656269,104.0520533,116.0,火锅,10:30,23:00,"大刀鲜毛肚,虾滑,鲜鹅肠,嫩牛肉,红糖糍粑,冰粉"
98,酥香门弟锅盔凉粉(耿家巷店),30.6481833,104.0790725,11.0,小吃,09:30,21:30,"凉粉锅盔,锅盔夹牛肉,三丝锅盔,青椒土豆丝锅盔,凉面,凉粉"
99,wineapp葡萄酒餐吧(远洋太古里店),30.6543804,104.0830629,212.0,西餐,11:00,24:00, 
100,蟹蟹时光(宽窄巷子店),30.6687206,104.0539006,117.0,川菜,10:00,22:30,"香辣蟹,麻香美蛙,美味蟹炒饭 ,蒜蓉花甲,黄金蒜香虾,豆花布丁"
101,川传串传承四川地道串串香(宽窄巷子总店),30.6680437,104.0494104,78.0,火锅,11:00,01:30,"绝代脑花,毛肚,麻辣牛肉,香菜牛肉,手工冰粉,麻辣小郡肝"
102,洞子口张老二凉粉(文殊院店),30.674192,104.0725905,17.0,小吃,08:30,18:30,"甜水面,红汤抄手,白凉粉"
103,朱大嘴肥肠豆汤(太古里店),30.6558677,104.0875493,41.0,川菜,11:00,20:30,"粉蒸牛肉,肥肠豆汤,肥肠血旺,粉蒸肥肠,蒜泥白肉,拌剔骨肉"
104,笨酒店(成都太古里店)·笨菜·创意河景餐厅(太古里店),30.6540923,104.0893975,94.0,创意菜,11:00,21:00, 
105,Wine Universe 宇宙酒馆,30.6502407,104.0884376,200.0,酒吧/酒馆,17:30,02:00,"多宝鱼,薯条,带皮兔,川川鱼,炸花菜,鱿鱼"
106,成都香格里拉大酒店·香宫,30.643512,104.086512,149.0,粤菜,11:30,22:00,"香宫虾饺皇,黑松露虾饺,创始红米肠,巧手蒸凤爪,杨枝甘露"
107,成都西藏饭店·亚克·食光自助餐厅,30.6824383,104.0713045,148.0,自助餐,17:30,21:30, 
108,老街小牛·坨坨牛肉串串(清江东路店),30.6678653,104.0370008,80.0,火锅,11:30,23:00,"流氓兔腰,勾魂脑花,冷锅鸭血,追忆火锅粉,麻辣牛肉,绍子蛋炒饭"
109,渝九香(武侯祠店),30.6332603,104.0501984,80.0,川菜,10:30,21:30, 
110,如在蜀毛肚老火锅(玉林店),30.620359,104.0582951,96.0,火锅,10:30,02:00,"铺盖毛肚（半斤）,手打豆花,鱼子虾滑,茴香现炸酥肉,雪花肥牛,桂花冰汤圆"
111,大龙燚火锅(玉林总店),30.6202876,104.0587105,100.0,火锅,11:00,05:00,"爽脆毛肚,现炸酥肉,天味香肠,红糖冰粉,跳水虾滑,火锅牛排"
112,鱼桥巷·美学川菜,30.6709157,104.0244565,422.0,川菜,10:30,22:30,"红烧牛头方,开胃米汤球,锦绣芙蓉鸡片,香酥低温和牛腩,椒麻银雪鱼,金瓜海鲜蟹肉羹"
113,辛厨房,30.6135603,104.0853804,226.0,川菜,10:00,21:00,"烧椒鳝丝,宫爆虾仁,麻辣鳕鱼球,干烧鲍鱼,仔姜美蛙,鱼豆花"
114,5:59 Restaurant&Cafe(天荟万科广场店),30.6671995,104.1255187,136.0,西餐,12:00,24:00,"BBQ纸牌屋猪肋排,慢烤童子鸡,慢烤牛舌,大虾番茄意大利面,和牛汉堡,苏丹王榴莲披萨"
115,300杯·和牛烧肉清酒(廊里店),30.6284951,104.120178,448.0,日本料理,11:30,22:00,"厚切和牛牛舌,极上和牛西冷牛排,特选和牛横膈膜,极上纯血和牛牛小排,三文鱼,有机蔬菜沙律"
116,翠玲珑CUI(万象南路店),30.5865464,104.0500292,899.0,川菜,11:30,21:00,"贡椒乳鸽,石锅海味豆腐,脆皮辽参,鱼翅捞饭,一颗黑松露,流心舒芙蕾"
117,S Kitchen偲厨,30.5832089,104.0583421,800.0,西餐,12:00,22:00,"煎鹅肝炒时令水果,澳洲M5肉眼牛排,威灵顿牛排,羊排,茉莉凤梨椰子"
118,转转会·湖畔庭院川菜(会展店),30.5570127,104.0746497,124.0,川菜,11:30,21:00,"峨眉鳝丝,霍香大鲫鱼/斤,特色凹锅肉,农家小煎鸡,夫妻肺片,酥肉豆腐脑"
119,小核桃烤肉馆(建发鹭洲里店),30.5507447,104.0418587,143.0,烧烤,11:00,22:00,"小黄牛上脑,天鹅蛋,牛胸口,羊腩,冷面,猪颈"
120,南亭茶事私人定制茶宴,30.5472316,104.0596706,512.0,川菜,10:00,21:00, 
121,乔一乔怪味餐厅(东升店),30.5733076,103.9065816,88.0,川菜,08:30,24:00, 
122,银芭1986,30.4831093,104.0927556,326.0,川菜,11:30,20:00,"黄金鱼头配手工面筋,宫保虾球,匠心乳鸽配贡椒,低温三文鱼配健康时蔬,千层酥烤手工咖喱牛肉,玫瑰盐板煎战斧和牛"
123,不二山房,30.4622351,104.1834752,150.0,其他中餐,10:00,22:00, 
124,钟水饺(人民公园总店),30.6567713,104.0589733,41.0,小吃,08:30,20:00,"钟水饺,担担面,夫妻肺片,龙抄手,特色三大炮,蛋烘糕"
125,玉芝兰(长发街店),30.6667686,104.0586605,1758.0,川菜,12:00,21:30,"松露·金丝面,大刀金丝面,红油水饺,辣汁蒸深海银鳕鱼,豆瓣鳗鱼,鱼香大连鲍,竹蛏,秋葵"
126,良木缘(春熙路店),30.6562048,104.0788328,92.0,咖啡店,09:00,23:00,"芝士焗肉酱焗饭,新式意面,良木缘椒香鲜肉披萨,黑胡椒牛肉焗饭,风情水果沙拉,经典红丝绒蛋糕"
127,老码头火锅(春熙店),30.6499478,104.076809,126.0,火锅,10:00,22:00,"精品嫩牛肉,鲜牛毛肚,精品草原肚,鲜鹅肠,火锅牛排,现炸酥肉"
128,牛房 Beefun×宽云窄雨 牛排房,30.6640353,104.0535184,491.0,西餐,12:00,21:00,"澳洲和牛M9肉眼,碳烤和牛牛舌,香草蜗牛,牛房三文鱼塔塔,澳洲菲力,和牛M5战斧牛排"
129,老成都三样面(过街楼街店),30.6698446,104.058907,19.0,快餐简餐,07:00,20:00,"番茄牛腩面,素椒杂酱面,红油抄手,拌鸡片,红沙冰豆花,刮土豆泥"
130,石灰石烧鸡公(奎星楼店),30.6685916,104.0536164,67.0,川菜,10:30,21:30, 
131,柴门饭儿(成都太古里店),30.6532701,104.0836188,129.0,川菜,11:30,21:00,"橙香樱桃肉,土豪冒菜,文蛤青椒辣子鸡,宫保鸡丁乌冬面,烫面蒸饺,豆花安格斯肥牛,担担面,肉松酱油炒饭"
132,大妙火锅(锦里店),30.6476876,104.0489117,162.0,火锅,10:30,22:30,"本味牛肉,虾滑,草原千层肚,鹅肠,毛肚,猪黄喉"
133,宫廷糕点铺,30.6733279,104.0749526,35.0,面包甜点,08:00,22:00,"拿破仑蛋糕,椒盐酥,宫廷桃酥,绿豆糕,葱油酥,蛋黄酥"
134,五里关火锅(小关庙店),30.669172,104.0831042,110.0,火锅,11:00,02:00,"耙耙牛肉,碗碗鸭血,手打糍粑,手打虾滑,精品毛肚,泰国蟹柳"
135,蓉荣·北大铺盖面(总店),30.6768596,104.0792149,17.0,快餐简餐,07:30,21:00,"牛肉铺盖面,鸡杂铺盖面,排骨铺盖面,酸菜肉丝铺盖面,豌杂面,鸡汤铺盖面"
136,Wine et Terroir风土酒馆,30.6588966,104.0926622,484.0,西餐,17:30,21:30,"惠灵顿,俄罗斯鲟鱼籽酱,纯血M9+牛肉塔塔,温热黄油拌蟹肉,椰奶低温多宝鱼,黑蒜鱿鱼,RV M7+和牛肉眼,特色法式牛蛙锅,鳕鱼带子舒芙蕾,香煎鹅肝"
137,沈堂甜水面,30.6319605,104.0545944,16.0,小吃,09:00,19:30, 
138,The Sense 醒食(九眼桥店),30.6416033,104.0926347,42.0,咖啡店,08:00,22:00,"核桃布里欧修,牛角包,咸蛋黄可颂,抹茶可颂,苹果肉桂,芝士贝果"
139,邓氏兔头,30.6857294,104.0624034,49.0,小吃,09:00,20:00,"麻辣兔头,麻辣兔腿,五香兔腿,五香兔头"
140,味之绝美蛙鱼火锅(科华总店),30.6285845,104.0762481,87.0,火锅,11:00,24:00,"方竹笋,豆皮,美蛙,花鲢鱼头,红糖糍粑,土豆"
141,盡膳口福跷脚牛肉火锅(科华北路店),30.6273474,104.0762403,110.0,火锅,11:00,22:30,"红糖糍粑,凉拌豆芽,原味牛蹄筋,牛脊髓,五宝牛杂,酸菜牛肉炒饭,雪魔芋,活体蔬菜"
142,永乐饭店,30.6309106,104.0436212,65.0,川菜,11:00,20:30, 
143,钢管厂五区小郡肝串串香(新华公园总店),30.6577066,104.1056395,49.0,火锅,11:00,04:00,"鹌鹑蛋,折耳根牛肉,香菜牛肉,泡椒牛肉,午餐肉"
144,九街淑芬掌中宝串串公司(建设路店),30.6704583,104.1029138,87.0,火锅,11:00,02:00,"八星报喜鱼籽虾滑,蟹柳,爆款明珠麻辣掌中宝,奥利奥冰汤圆,筷子牛肉,椰子冰汤圆"
145,山城风串串王(建设路总店),30.6715168,104.1030977,77.0,火锅,10:00,02:00,"脑花,豆干,小蘑菇,黄花菜,黄辣丁,蕨菜,腿姑,千层肚,兔腰,牛五花肉"
146,成都凯宾斯基饭店·DR精酿花园餐厅(桐梓林店),30.6188921,104.0664818,188.0,融合菜,17:00,01:00,"脆皮猪肘,澳洲M5级特选西冷,西班牙油蒜大虾,风味洪湖莲藕,手指蔬菜棒"
147,成都凯宾斯基饭店·和悦堂中餐厅,30.618083,104.066622,179.0,川菜,11:30,22:00, 
148,堂口原味老火锅(中粮鸿云总店),30.6400486,104.1159898,109.0,火锅,16:30,22:30, 
149,南荟里(翡翠天地店),30.6120105,104.0942511,343.0,川菜,11:00,22:30, 
150,海椒市串串香(茶店子店),30.6976608,104.0271694,88.0,火锅,11:00,22:30,"辣卤洋芋片,芒果炒冰,辣卤雪豆兔腰,蒜香酥肉,串串糍粑,嫩牛肉"
151,陶德砂锅(蜀汉路店),30.6908815,104.0160948,61.0,川菜,11:00,22:00,"蒜茸虾仁,青豆肥肠,土豆煨牛肉,砂锅酸菜乌鱼片,野菌香包,鲫鱼水饺"
152,生如夏花泰式火锅(西村欢聚店),30.6698381,104.0032687,130.0,东南亚菜,11:00,21:30, 
153,大彤集老火锅,30.7208537,104.0535152,89.0,火锅,11:00,22:00, 
154,FireBird火鸟现代法式炭火料理,30.5875653,104.0539859,596.0,西餐,11:00,23:00,"炭烤海鲈鱼,法国鹅肝,Quail Eggs,和牛肉眼,Eggs in An Egg,松露汤"
155,组织向南,30.5864594,104.0496009,99.0,川菜,11:00,21:00,"腰花,烧土黄鳝,回锅肉,青椒绝情鸡,热拌米凉粉,盐工小煎兔"
156,南堂听香·新川菜(桂溪店),30.5608065,104.0704151,320.0,川菜,11:30,22:00, 
157,瓦库21(铁像寺水街店),30.5595908,104.0484147,210.0,川菜,09:00,23:00,"铁观音红烧肉,葱香翘壳王,紫金凤爪,普洱排骨,口味麻香鱼,玉米棒子"
158,随和画眉餐厅(Upark公园店),30.5552196,104.0388964,186.0,江浙菜,10:00,22:00,"鹅肝酱葱油饼,沸腾乌鱼片,咸肉笋干蒸毛豆 ,龙虾芙蓉蒸蛋,桂花蜜藕,桃胶椰子冻"
159,南贝(麓湖南店),30.4644929,104.0581681,153.0,川菜,11:30,20:00,"南贝锦囊虾,四季羊排配土豆角,龙竹笋配麻油汁,蒜泥鸭掌配四川凉面,牦牛腱配发酵泡菜汁,宫保雪花牛肉,川椒渍螺片,鱼香鹅肝配泡笋,可以捞饭的鱼头"
160,溪地阿兰若度假村落(大邑安仁古镇店)·垄上中餐厅,30.488337,103.607063,134.0,川菜,10:00,22:00,"豇豆茄子煲,上汤娃娃菜,绍子蒸蛋,干锅有机蔬菜,蒜蓉西蓝花,千叶豆腐,清蒸南瓜,宫爆鸡丁,四川回锅肉,水煮肉片"
161,成都富力丽思卡尔顿酒店·大堂吧,30.6640347,104.0699752,189.0,咖啡店,08:30,23:00, 
162,锦江宾馆·锦轩川菜厅,30.6478996,104.0637001,278.0,川菜,12:00,21:00, 
163,天趣紫园·地道川菜(宽巷子店),30.6638984,104.0542708,319.0,川菜,10:00,22:30,"牛气冲天,富贵石榴包,花开富贵,藿香大鲫鱼,夫妻肺片,口水鸡"
164,凉山好汉自助西昌烧烤(太古里店),30.6492492,104.0762669,78.0,烧烤,11:00,23:30,"蒜香排骨,盐焗鸡翅,掌中宝,包浆豆腐,烤五花,烤茄子"
165,匠油师傅·融合川菜(宽窄巷子店),30.6689136,104.0597369,83.0,川菜,11:00,21:00,"野菌捞饭,土豆泥沙拉,橙香鸭脯,酱油红烧肉,豆腐脑花,酱油水煮鱼"
166,雷门拉面·现熬骨汤(银石广场店),30.653299,104.0797999,55.0,日本料理,10:00,21:00,"双葱叉烧拉面,澳洲肥牛拉面,冬阴功拉面,酒蒸蛤蜊,好吃的猪排,铁板豆腐"
167,李雪火锅食府(宽窄巷子总店),30.6650416,104.0520951,142.0,火锅,10:00,24:00,"千丝牛杂,嫩牛肉,牛脊髓,川南笋片,香豆腐,千层肚"
168,楠火锅(太古里总店),30.6509681,104.0809151,128.0,火锅,11:00,02:00,"九宫格特色菜拼盘,耙鸡脚,杨梅桶气,熊猫手搓阿达子,熊猫很芒,熊猫本熊绵绵冰,熊猫芝士叠叠乐,嫩牛肉,青提雪山冰,现剥大虾"
169,竹涟烧肉(太古里店),30.6507361,104.0809896,131.0,日本料理,11:30,21:30,"嚼劲牛肉骰子,五花肉,元气横隔膜,烧汁牛五花,必点上脑牛肉,蒜香牛舌"
170,大慈茶社(大慈寺店),30.6538148,104.0835057,39.0,茶馆/茶室,08:00,18:30, 
171,禄合門美蛙火锅(太古里店),30.6502384,104.0855275,99.0,火锅,11:00,22:00,"招牌辣卤蛙,椒香酥肉,巴沙鱼,上瘾毛豆,焦糖豆花,红糖糍粑"
172,闻酥园(青羊区人民中路店),30.6757976,104.0707097,23.0,面包甜点,08:00,20:00,"椒盐酥,豆沙蛋黄酥,蒙古包,千层酥,拿破仑,松松卷"
173,RawHeart Brunch&Bistro(太古里店),30.6562437,104.0907836,102.0,西餐,11:00,22:00,"青酱意面,意面1号,三明治3号,酪梨果昔碗,谷物1号,沙拉1号"
174,花吃嘴儿麻辣烫,30.6549977,104.0909118,76.0,火锅,17:00,22:00,"火爆兔腰,现包抄手,胡辣牛肉,郡肝,秘制脑花,贡菜五花肉"
175,成都香格里拉大酒店·大堂酒廊,30.6430006,104.0861,97.0,面包甜点,08:30,22:00, 
176,叒缘茶社,30.6744102,104.0424927,54.0,小吃,08:00,15:00,"香辣蟹,菌汤抄手,鳝鱼面,子姜肥肠面,牛杂面,杂酱面"
177,泸州酸菜豆花(共和路店),30.6356569,104.0848737,52.0,火锅,10:30,21:30,"荤豆花,现炸小酥肉,虾滑,山药,肥牛,豌豆尖"
178,飘香火锅(玉林西路店),30.6292382,104.055852,103.0,火锅,11:00,01:00,"嫩牛肉,火锅牛排,鲜毛肚,千层肚,脑花,午餐肉"
179,曼奈·肉桂厨房(光华店),30.6654351,104.0207303,76.0,东南亚菜,11:00,21:00,"招牌牛肉调味饭 ,海鲜冬阴功面,鲜蟹法棍,安格斯牛肉汉堡,马来椰香烤鸡,独家秘制香茅梅花肉"
180,南汇57,30.60906,104.0684417,630.0,川菜,11:30,22:00,"果木烧仔鸭,舌尖上的味道,香猪酱仔排,红酒鹅肝炒鲜菌,石锅青椒鱼头,果木烤肋眼皇"
181,芙蓉凰花园酒楼,30.6645431,104.0099573,119.0,川菜,11:30,20:30,"雪花鸡淖,烧白回锅,宫保鸡丁,锅巴肉片,凤爪肥肠,家常豆瓣鱼"
182,张公猛火自贡爆炒(德商店),30.5735059,104.0600966,88.0,川菜,11:00,21:00,"鲜椒葱香鱼蛋,火爆带皮牛蛙,鲜椒兔,雪山糖醋排骨,鲜椒黄鳝,小煎鸡"
183,一叶一世界藏茶素火锅(环球中心店),30.5712201,104.0629402,82.0,素食,11:00,21:00,"青稞扎萨,非洲冰草,素东坡肉,海带芽,鲜花饼"
184,牧云台·流香,30.5874433,104.1313109,320.0,川菜,09:30,22:00,"长白山泉水狮子头,牧云台红油脆皮鸡,红油手剥去骨鸡爪,菠萝咕咾肉,樱桃黑森林慕斯,提拉米苏"
185,Casa Jardin卡萨四季,30.5862961,104.1307893,137.0,西餐,10:00,22:00,"芒果三文鱼卷,炭烤谷饲战斧牛排,卡萨爆浆榴莲披萨,北非炙烤全鸡,柠檬凤爪,提拉米苏"
186,成都环球中心天堂洲际大饭店·天堂岛池畔餐厅,30.5666439,104.0639089,199.0,自助餐,12:00,21:30,"碳烤羊排,浓郁蒜香小龙虾,香草羊排配意大利蔬菜,寿司,三文鱼刺身小份,招牌拿破仑"
187,顺兴老茶馆·精品川菜(世纪城店),30.55931,104.0733356,149.0,川菜,10:30,22:00,"招牌毛血旺,夫妻肺片,水煮鱼,军屯锅盔,担担面,招牌凉粉"
188,夕又火锅(港汇天地店),30.5374845,104.0587687,151.0,火锅,11:00,23:00,"火龙果虾滑,极品鹅肠,现切吊龙,夕又血毛肚,V型刺身蟹柳,肉灵芝"
189,小名堂担担甜水面(东城根街店),30.6588681,104.0604314,22.0,小吃,09:00,20:00,"担担面,钵钵鸡,醪糟粉子,伤心凉粉,凉糕,手工甜水面"
190,努力餐(宽窄巷子店),30.6602535,104.0558318,134.0,川菜,11:30,20:30,"宫保鸡丁,生烧什锦,回锅肉,夫妻肺片,毛血旺,麻婆豆腐"
191,四川锦江宾馆·锦悦法餐厅,30.6479286,104.064043,1016.0,西餐,12:00,22:00, 
192,银杏金阁(锦里店),30.649583,104.0573111,163.0,粤菜,10:30,22:00,"银杏虾饺皇,霸王鱼片,杏仁酥,樟茶鸭,金牌牛仔骨,飘香榴莲酥,豉汁蒸排骨,好味酱凤爪,红糖糍粑,糯米鸡"
193,成都万达瑞华酒店·品珍中餐厅,30.6470153,104.0696157,266.0,川菜,11:30,22:00,"花椒牛舌,四川担担面,夫妻肺片,生煎牛肉焦饼,鳕鱼,极品毛血旺"
194,围坐·圆桌咖啡酒吧,30.66987,104.05877,27.0,咖啡店,08:30,23:00, 
195,Ginko银子,30.6720855,104.0645276,64.0,咖啡店,10:00,20:00,"热dirty,澳白,青葡萄冰美式,白色巨塔,可露丽,咖喱炸猪排堤坝饭"
196,乐山鲜知味钵钵鸡(草堂北路店),30.6662978,104.0293639,41.0,小吃,11:30,23:00,"鸡汤烫饭,鸡脚,土豆片,笋尖,鹌鹑蛋,蛋炒饭"
197,大龙传承火锅(科华路店),30.6257164,104.0764327,88.0,火锅,17:00,24:00,"现剥鲜虾,鲜血旺,嫩猪肉片,手工苕粉,嫩滑牦牛肉,桂花汤团"
198,黑竹香鸡(营和巷店),30.6810969,104.0370702,56.0,川菜,11:00,21:00,"手工魔芋,藕片,笋片,香菇,乌鸡,雪豆"
199,成都协信中心希尔顿酒店·青雅中餐厅,30.6808773,104.1000098,200.0,粤菜,11:00,21:30,"四川口水鸡,青雅虾饺皇,明虾蟹籽烧麦,脆皮乳鸽,芥末虾球,杨枝甘露"
200,东湖首席(东湖公园店),30.621268,104.0888081,367.0,川菜,11:00,21:30,"传统鸡豆花,辣子爽口肉,鲜椒生爆甲鱼,脆绍烧辽参,番茄炖牛腩"
201,红杏酒家(锦华店),30.6210523,104.0977267,91.0,川菜,11:00,21:30,"红杏鳝段粉丝,红杏鸡,粉蒸肉,芝麻糖锅盔,豆汤饭,红杏毛血旺,红杏牛肉,宫保虾球"
202,大蓉和·卓锦(鹭岛店),30.6453193,104.013185,171.0,川菜,11:00,21:00,"辽参小米粥,葱油饼,粉丝鹅掌,招牌生焗虾,椒麻鸡,红糖锅盔"
203,大院河·仙鱼莊(琉璃旗舰店),30.5986367,104.1003369,110.0,火锅,10:00,22:00, 
204,TAVIE LAND塔未,30.6721177,103.9883078,135.0,西餐,11:00,22:00,"普罗旺斯烤半鸡,泰式鸡肉碎饭,西班牙海鲜饭"
205,Wehouse维豪斯西餐(银泰中心in99店),30.58464,104.0692236,141.0,西餐,11:00,21:30,"榴莲披萨,牛肉辣油意面,牛肉蘑菇烩饭,薯角,炭烤阿根廷鱿鱼,辣烤牛肉披萨"
206,Ministry of Crab·MOC Restaurant,30.5822603,104.0583899,503.0,东南亚菜,11:00,23:00,"蟹肉牛油果,芝士蛋糕,蒜香炒饭,巧克力熔岩配杏仁冰淇淋,香蒜辣椒蟹,大虾浓汤"
207,悦百味·品质川菜(UPARK公园店),30.5553122,104.0394786,126.0,川菜,11:00,21:00,"油泼水煮鱼,蒸蒸日上,烤榴莲,脆皮肥肠,老家孔干饭,芝士烤红薯"
208,成都海湾大酒店·加·咖啡全日餐厅,30.5308689,104.0711167,474.0, ,06:30,21:30,"战斧牛排,茉莉花香烤鸭,大闸蟹,波士顿龙虾,鹅肝,现切火腿"
209,成都官塘安麓酒店·安麓全日餐厅,30.3976473,104.0412215,156.0,川菜,07:30,21:00, 
210,渝少侠·熊猫火锅(宽窄巷子店),30.6605802,104.0596199,95.0,火锅,11:00,23:00,"红烧耙牛肉,红烧耙鸡脚,杨枝甘露雪山冰,生抠鲜鸭肠,红烧鲜肥肠,鲜鸭血"
211,龙抄手(春熙路总店),30.6545549,104.077531,29.0,小吃,09:00,21:00,"担担面,赖汤圆,鸡丝凉面,蛋烘糕,银耳羹,鸡汤抄手,甜水面,叶儿粑,红汤抄手,原汤抄手"
212,上上瓷·艺境川菜(IFS旗舰店),30.6555679,104.0814712,154.0,川菜,11:00,21:00,"艺境松鼠鱼,清汤鸡豆花,桥头罗氏虾,陈皮兔丁,金蒜安格斯牛肉,老成都担担面"
213,轩轩小院(宽巷子店),30.6647294,104.0522309,139.0,川菜,11:00,22:00,"雪花鸡淖,怪味鸡片,小院凉面,回锅肉,麻婆豆腐,宫保鸡丁"
214,张太婆老妈蹄花•川菜馆(太古里店),30.6490208,104.0794406,66.0,川菜,11:00,05:00,"老妈蹄花,招牌凉面,连山回锅肉,干锅土豆片,凉拌蹄花,老妈兔头"
215,宽三·成都幸福滋味(成都太古里店),30.6534696,104.082809,148.0,创意菜,11:00,21:00,"西蜀沸腾鱼,烧椒鹅肠,天府熊猫,福禄寿喜,鲜椒滋味兔,养生琥珀"
216,严太婆锅魁(文殊院店),30.6737705,104.0692076,10.0,小吃,09:00,19:30,"拌牛肉,猪肉饼锅魁 ,川北凉粉锅魁,红糖锅盔,笋丝锅盔,拌耳片锅魁"
217,焱铁烧(太古里店),30.653446,104.0846921,257.0,日本料理,11:00,22:00,"瓦罐牛肉,冠军牛排,薄烧肥牛,葱盐五花肉,盐烤牛舌,飞鱼籽炒饭"
218,情妹妹·干锅锅(西安中路店),30.6676982,104.0482545,67.0,川菜,11:00,02:00,"板栗焖鸡,霸王排骨虾,情妹特色鹅掌,擂椒茄子,麻婆豆腐脑,红糖锅盔"
219,水井黉馆,30.6449814,104.086514,606.0,川菜,10:00,22:00,"酸菜羊肚菌烩鱼肚,青椒酱汁炒鲜鲍,养身葫芦鸭,石锅藿香笋壳鱼,生态剁椒大鱼头,鲜竹筒烧松茸,藏烧牛肋排,黉馆坛子肉"
220,吃客(九眼桥店),30.6410871,104.0832277,97.0,日本料理,11:30,22:00, 
221,明婷饭店(外曹家巷店),30.673327,104.0873115,71.0,川菜,11:00,21:00,"脑花豆腐,荷叶酱肉,老表双脆,粉丝莲白,香葱腰花,霸王黄喉,五谷杂粮"
222,麦克若伊爱尔兰餐吧,30.6247589,104.0730567,76.0,酒吧/酒馆,17:00,01:00,"炸鱼薯条,啵啵肉卷,炸鱼塔可,玉米片蘸芝士酱,虾仁塔可,纯手工薯条,鸡牛虾三拼法嘿塔,牛排肉卷,鸡肉薄饼"
223,集渔·泰式海鲜火锅(科华店),30.6235106,104.0787481,119.0,东南亚菜,11:30,22:00,"招牌咖喱虾,野生鲫鱼原汤,泰米香辣酱,生蚝,塔吉凤梨炒饭,塔吉罗勒炒饭"
224,坎上坎老成都火锅·始于1999,30.6648378,104.0243654,80.0,火锅,10:00,23:00, 
225,温鸭子(青龙场总店),30.7008476,104.1048933,63.0,川菜,11:00,21:00,"温鸭子,糯米鸭,糖醋脆皮鱼,毛血旺,烧什锦,凉拌鸡片"
226,雍容荟海鲜自助餐(苏宁城市奥莱店),30.6011261,104.0664737,436.0,自助餐,12:00,21:00,"帝王蟹,烤榴莲,波士顿龙虾,法式香煎鹅肝,鲜活鲍鱼,烤乳猪"
227,芭菲盛宴·环球美食(锦城万达广场店),30.5766852,104.0603457,168.0,自助餐,11:30,21:00,"香煎小黄鱼,哈根达斯,碳烤生蚝,极品三文鱼拼,白灼虾,扇贝粉丝"
228,不二隐庐(三圣乡店),30.5744638,104.1337092,216.0,川菜,10:00,21:00, 
229,不二音乐餐吧(麓湖店),30.4580409,104.0668679,159.0, ,11:00,02:00,"泰式酸辣柠檬鱼,不二口水鸡,葡式烤鸡,功夫土豆片,冬阴功海鲜汤,夫妻肺片"
230,银芭(科学城店),30.4019776,104.0801549,260.0,川菜,11:30,20:00,"黄金鱼头配手工面筋,金牌低温鸡,陈皮兔丁,低温大西洋鲑鱼配有机时蔬"
231,南贝(科学城南店),30.3943776,104.075103,168.0,川菜,11:30,20:00,"汉源贡椒配妙龄乳鸽,龙竹笋配麻油汁,宫保雪花牛肉,酱椒鲜鲍配麦茄,四季羊排配土豆角,川椒渍螺片,蜜瓜配高山松露蛋,水豆豉拌兔丁"
232,庭院小酌,30.9978197,103.6197534,69.0,川菜,11:00,21:00, 
233,东瀛阁(锦江宾馆店),30.6482119,104.0648207,312.0,日本料理,11:30,21:00,"三文鱼刺身,虾天妇罗,花寿司,海鲜蒸蛋,牛蒡手卷,生牛肉"
234,巴蜀大将火锅(春熙店),30.6545024,104.0779603,106.0,火锅,10:00,01:00, 
235,小龙坎火锅(春熙香槟HOT店),30.65297,104.079125,98.0,火锅,11:00,23:00,"冰球鹅肠,寒山肥牛,红糖糍粑,玫瑰圆子,牛奶鸭血,深海双虾滑,手切鲜牛肉"
236,猫抓烤肉(春熙路店),30.6533359,104.0795898,98.0,韩国料理,11:00,22:00, 
237,有拈头成都市井火锅(太古里总店),30.6495963,104.0773064,67.0,火锅,11:30,22:30,"三味虾滑,洋芋饭,耙牛肉,鸭血,成都酥肉,鸭肠"
238,he’s何师烧烤(春熙店),30.660116,104.081139,79.0,小吃,11:00,03:00,"何师烤五花,青花椒串串小龙虾,乐山特色烤鱼片,麻辣手撕烤兔,麻辣牛肉刺身,双味包浆豆腐,传统蒜蓉小龙虾,海鲜mix鸡,经典油焖小龙虾,铁板蒜蓉烤鲜活花甲"
239,小龙坎老火锅(春熙店),30.6511298,104.0800446,97.0,火锅,11:00,02:00,"冰球鹅肠,寒山肥牛,红糖糍粑,玫瑰圆子,牛奶鸭血,深海双虾滑,手切鲜牛肉"
240,金翠河烧鹅餐厅(春熙路IFS店),30.6555572,104.0817212,76.0,粤菜,11:00,21:00,"金牌烧鹅,鲜虾云吞面,干炒牛河,水晶虾饺皇,豉汁蒸凤爪,冰火菠萝油"
241,成都尼依格罗酒店·酒廊·牛排馆 Niccolo Bar·Steak Frites(IFS店),30.6549402,104.0824109,152.0,酒吧/酒馆,17:30,24:00, 
242,明婷小馆(太古里店),30.65626,104.08297,88.0,川菜,11:00,21:00, 
243,霸王虾·小龙虾江湖川菜(太古里店),30.6505491,104.0815073,136.0,小吃,11:00,02:00, 
244,三国义府火锅(武侯祠总店),30.645826,104.0523038,115.0,火锅,10:30,01:30, 
245,柳飘飘亚洲烤肉集合店(九眼桥滨江路店),30.6455223,104.0792429,96.0,日本料理,11:00,22:00, 
246,素斋(香园店),30.674491,104.073271,64.0,素食,10:00,19:00,"佛门素饺,莲白粉丝煲,香煎豆腐"
247,康二姐串串(中道街店),30.6602074,104.0904201,72.0,火锅,11:00,21:30,"平菇,鸭胗,土豆片,麻辣牛肉"
248,王婆婆老妈蹄花·川菜馆(望平街店),30.65506,104.0905607,66.0,川菜,11:00,05:00,"王婆婆老妈蹄花,鸡丝凉面,麻婆豆腐,豆花肥肠,老妈兔头,干锅花菜"
249,蜀九香火锅(东轩Art店),30.655351,104.040034,135.0,火锅,10:00,23:00, 
250,蜀锦香厕所串串(总店),30.64249,104.04386,54.0,火锅,11:30,23:30,"油碟,冒脑花,麻辣牛肉,冒血旺,红糖米粑,特色干碟,牛百叶,麻辣排骨"
251,王记特色锅魁(马鞍南路店),30.6751478,104.0856521,16.0,小吃,08:00,19:00,"牛肉锅盔,猪肉锅盔,红糖锅魁,白面锅魁,特色肥肠粉,牛肉米粉"
252,海底捞火锅(阳光新业店),30.6430866,104.0910088,127.0,火锅,10:30,07:00, 
253,蜀九香火锅(九眼桥店),30.636914,104.086768,117.0,火锅,09:30,24:00, 
254,叁无粉蒸(猛追湾店),30.6688692,104.0963289,32.0,小吃,11:30,20:30,"粉蒸牛肉,樱桃肉,粉蒸排骨,粉蒸肥肠,咸烧白,蒜泥白肉"
255,大院河·仙鱼莊(九眼桥店),30.6393039,104.0963142,98.0,火锅,10:30,22:00, 
256,水碾河刘老大串串香(水碾河路店),30.6470918,104.1013851,73.0,火锅,11:30,24:00,"脑花,毛肚,脆鸭肠,麻辣牛肉,火锅粉,千层肚"
257,蜀九香火锅(玉林店),30.62492,104.05857,111.0,火锅,10:00,03:00, 
258,蜀九香火锅(家家福店),30.647707,104.024207,107.0,火锅,10:00,24:00, 
259,不站·花胶鸡(桐梓林店),30.6163403,104.064744,157.0,火锅,11:00,22:00, 
260,蜀九香火锅(紫荆店),30.61253,104.05325,106.0,火锅,11:00,23:00, 
261,文杏酒楼(一品天下店),30.6905396,104.0232066,118.0,川菜,11:00,21:30,"水煮肉片,樟茶鸭,文杏鸡,粉丝捞鹅掌,铁板蒜香虾球,番茄荷叶包豆腐"
262,he’s何师烧烤(青羊大道光华时尚店),30.663291,104.008221,75.0,烧烤,17:00,03:00,"何师烤五花,麻辣手撕烤兔,麻辣牛肉刺身,乐山特色烤鱼片,何师烤排,何师烤中翅,双味包浆豆腐,海鲜mix鸡,青花椒串串小龙虾,酸辣腰花"
263,红杏酒家(锦苑店),30.6897549,104.021333,99.0,川菜,11:00,21:00, 
264,屋头串串(贝森店),30.667862,103.998328,72.0,火锅,11:00,23:00, 
265,Let's WaKao瓦烤(华宇广场店),30.6227256,104.1223557,77.0,烧烤,17:00,01:00, 
266,鱼鲜生(银泰in99店),30.5850003,104.0702823,401.0,自助餐,11:30,21:30,"新西兰鳌虾,原只青龙虾,蓝鳍金枪鱼刺身,海胆酱焗蟹宝,烤鳗鱼,三文鱼腩"
267,夏威夷·全球海鲜姿造(高新店),30.5784123,104.0605013,379.0,自助餐,12:00,21:00,"阿拉斯加帝王蟹,波士顿龙虾,澳州八头鲍鱼,乳山生蚝,三文鱼,马粪海胆"
268,蜀九香火锅(新会展Art店),30.559758,104.073202,151.0,火锅,11:00,22:30, 
269,尚座料理店(空港店),30.5755827,103.9903574,79.0,日本料理,11:00,22:00, 
270,彭镇观音阁老茶馆,30.583054,103.8710867,13.0,茶馆/茶室,05:00,18:00, 
271,he’s何师烧烤(蜀都万达店),30.80627,103.90623,78.0,烧烤,17:00,02:30,"何师烤五花,麻辣牛肉刺身,麻辣手撕烤兔,双味包浆豆腐,铁板烤花甲王,酸辣腰花,何师烤中翅,何师烤排,青花椒串串小龙虾,传统蒜蓉小龙虾"
272,不二隐庐(洛水店),30.6374359,104.3216846,169.0,其他中餐,10:00,21:00, 
273,青城山鳖有洞天土菜院子,30.883828,103.591408,124.0,川菜,10:00,21:00,"白果炖鸡,院子石磨豆花,糯米鸭,洞天香菇鸡,钵钵鸡,手工包"
274,粤香村(人民公园店),30.6577854,104.0608824,85.0,清真菜,11:00,21:00,"凉粉烧牛肉,清炖牛肉汤,牛脊髓,蒸牛肉,麻婆豆腐"
275,如在蜀毛肚火锅(春熙路店),30.6542514,104.0740431,89.0,火锅,11:00,23:00, 
276,德门·Diamond生日·约会·纪念日创意菜餐厅(春熙店),30.6612249,104.0743142,455.0,融合菜,11:00,22:00,"红酒醉鹅肝,德门红袍牛肉,薄荷黑虎虾,鲜鲍捞饭,秘制甜皮乳鸽,花胶养生乌鸡汤"
277,成都瑞吉酒店云端27,30.6611304,104.0745522,170.0,酒吧/酒馆,19:00,01:00,"混合饮品,橙色浪漫,西柚之吻"
278,烤匠麻辣烤鱼(春熙路群光广场店),30.6540775,104.0768166,93.0,川菜,11:00,22:00, 
279,不二忘川隐庐(宽窄巷子店),30.6667766,104.0586386,276.0,其他,10:00,21:00, 
280,口味鲜面庄(隆兴街店),30.6615327,104.080037,26.0,快餐简餐,07:00,21:00,"烧肥肠,蹄花汤,豆豉鲫鱼,口味鲜抄手,凉拌鸡片,鸡杂面"
281,陳艳红老火锅(奎星楼店),30.6678703,104.0545188,88.0,火锅,10:00,24:00,"耙耙牛肉,嫩肉片,血毛肚,藤椒牛舌,板筋肥牛,手切吊龙"
282,成都尼依格罗酒店·Niccolo Kitchen欣厨西餐厅(IFS店),30.6543231,104.0821852,210.0,西餐,11:30,22:00,"香煎牛仔骨,龙虾意面,海苔脆皮金枪鱼柳,玛格丽特披萨,提拉米苏"
283,成都尼依格罗酒店·悦廊Niccolo Tea Lounge(IFS店),30.6549402,104.0824109,209.0,面包甜点,08:00,20:00, 
284,饕林餐厅(奎星楼店),30.6686345,104.053543,78.0,川菜,11:00,21:00, 
285,万岛日本料理铁板烧(太古里店),30.6499537,104.0848185,422.0,自助餐,11:30,22:30, 
286,锦里小吃街,30.6448974,104.0502933,75.0, ,09:00,22:00, 
287,几铲铲江湖菜(花牌坊店),30.67552,104.0533,79.0,川菜,11:00,21:30, 
288,朱光玉火锅馆(望平街店),30.6569273,104.092218,122.0,火锅,11:00,24:00,"藤椒牛舌,虎皮凤爪,黄金虾滑,手摇掌中宝,红丝绒芝士牛乳冰,啵啵鱼豆花"
289,贰麻酒馆(339小森林店),30.6623749,104.0939705,139.0,酒吧/酒馆,18:00,02:00,"晕茶,醉三仙,熊猫酒仙,冰倩,跳八卦,九筒,荷塘月色,葫涂,川西米酿,柚香蜂蜜酒"
290,屋头串串(曹家巷店),30.67579,104.086197,63.0,小吃,11:00,01:00, 
291,国土六扇门(浣花北路店),30.6653413,104.0371425,101.0,川菜,11:30,21:00,"仔姜鸡,茄子,毛巾馒头,香辣牛脊髓,香辣脑花,红烧鳝片"
292,简·奥斯汀酒吧,30.6806647,104.0822058,673.0,酒吧/酒馆,20:00,06:00, 
293,牛水煮·麻辣水煮牛肉(龙湖上城天街店),30.684989,104.072201,64.0,川菜,11:00,21:30, 
294,he’s何师烧烤(武侯祠店),30.64089,104.03842,68.0,烧烤,11:00,03:00,"何师烤五花,麻辣手撕烤兔,青花椒串串小龙虾,乐山特色烤鱼片,双味包浆豆腐,酸辣腰花,铁板蒜蓉烤鲜活花甲,海鲜mix鸡,何师烤中翅,何师烤排"
295,独门驿·川派烤肉(玉林店),30.6278202,104.0591258,89.0,烧烤,16:30,23:00,"驿式鹅肝,五花肉,内蒙小牛舌,鸡皮,焦糖豆花"
296,八二干海椒抄手,30.6657328,104.0996254,21.0,小吃,09:00,20:00,"干海椒抄手,土鸡竹荪汤鲜虾蟹籽抄手,酸汤鲜虾蟹籽抄手,鸡汤松茸抄手,鱿鱼鸡汤抄手,酸汤抄手"
297,he's何师烧烤(财富又一城暖阳店),30.677462,104.094413,75.0,烧烤,17:00,02:00,"何师烤五花,麻辣手撕烤兔,乐山特色烤鱼片,传统蒜蓉小龙虾,麻辣牛肉刺身,青花椒串串小龙虾,双味包浆豆腐,经典油焖小龙虾,海鲜mix鸡,铁板蒜蓉烤鲜活花甲"
298,屋头串串(建设路店),30.664567,104.105654,64.0,小吃,11:00,23:00, 
299,耀华糖果糕点铺(杜甫草堂店),30.6625058,104.0237531,42.0,面包甜点,08:00,21:30,"杜甫饼,葱油酥,蜀王饼,眉毛酥,芙蓉酥,法式蔓越莓"
300,he’s何师烧烤(莱蒙丽都宽庭店),30.631162,104.033472,79.0,烧烤,17:00,03:00,"何师烤五花,麻辣牛肉刺身,麻辣手撕烤兔,乐山特色烤鱼片,青花椒串串小龙虾,酸辣腰花,双味包浆豆腐,海鲜mix鸡,铁板蒜蓉烤鲜活花甲,何师烤中翅"
301,四季锅火锅(桐梓林店),30.6182285,104.0623601,128.0,火锅,11:00,22:00, 
302,he’s何师烧烤(成温立交店),30.668365,104.020925,75.0,烧烤,17:00,02:00,"何师烤五花,青花椒串串小龙虾,麻辣手撕烤兔,双味包浆豆腐,麻辣牛肉刺身,酸辣腰花,铁板蒜蓉烤鲜活花甲,何师烤中翅,乐山红油钵钵鸡,何师烤排"
303,BURANO布拉诺西餐(SM广场店),30.6687801,104.111984,129.0,西餐,10:00,22:00, 
304,he’s何师烧烤(外双楠店),30.651556,104.017411,75.0,烧烤,17:00,02:30,"何师烤五花,青花椒串串小龙虾,麻辣牛肉刺身,麻辣手撕烤兔,双味包浆豆腐,酸辣腰花,传统蒜蓉小龙虾,铁板蒜蓉烤鲜活花甲,何师烤中翅,何师烤排"
305,牛水煮·麻辣水煮牛肉(万象城店),30.649841,104.1167,67.0,川菜,11:00,21:00, 
306,he’s何师烧烤(华润24城店),30.644726,104.116707,78.0,烧烤,17:00,03:00,"何师烤五花,青花椒串串小龙虾,麻辣手撕烤兔,麻辣牛肉刺身,双味包浆豆腐,乐山特色烤鱼片,海鲜mix鸡,何师烤中翅,何师烤排,酸辣腰花"
307,良牛满赞潮汕牛肉(鹭岛店),30.6448562,104.0123253,107.0,火锅,11:30,23:00,"吊龙,嫩肉,刀削面,招牌粉蒸牛肉,匙柄,五花趾,肥胼"
308,he’s何师烧烤(交大凯德店),30.702943,104.045386,75.0,烧烤,17:00,02:00,"何师烤五花,青花椒串串小龙虾,麻辣牛肉刺身,乐山特色烤鱼片,双味包浆豆腐,麻辣手撕烤兔,酸辣腰花,铁板蒜蓉烤鲜活花甲,海鲜mix鸡,何师烤中翅"
309,爸爸炒料牛排老火锅(交大店),30.7019115,104.0393878,106.0,火锅,10:30,23:30,"现炸酥肉,最强大脑,折耳根"
310,he’s何师烧烤(华润翡翠城店),30.6130705,104.0931299,70.0,烧烤,17:00,03:00,"何师烤五花,青花椒串串小龙虾,麻辣手撕烤兔,乐山特色烤鱼片,传统蒜蓉小龙虾,麻辣牛肉刺身,双味包浆豆腐,经典油焖小龙虾,铁板蒜蓉烤鲜活花甲,酸辣腰花"
311,巴国布衣(紫荆店),30.6063962,104.0497557,128.0,川菜,10:00,21:00,"三峡石爆脆肠,毛血旺,布衣酱香鸭,剁椒蒸鲈鱼,荣昌卤鹅,巴国凉粉"
312,鹅货·火焰焖锅(凯德天府店),30.6028714,104.0690358,64.0,火锅,11:00,21:30, 
313,蜀九香火锅(金沙店),30.679736,104.004135,111.0,火锅,10:30,23:00, 
314,屋头串串(琉璃场店),30.604773,104.095397,69.0,小吃,11:00,23:00, 
315,he’s何师烧烤(龙湖金楠天街店),30.64751,103.99585,72.0,烧烤,17:00,02:00,"何师烤五花,乐山特色烤鱼片,青花椒串串小龙虾,麻辣手撕烤兔,麻辣牛肉刺身,双味包浆豆腐,传统蒜蓉小龙虾,经典油焖小龙虾,海鲜mix鸡,酸辣腰花"
316,南堂館川菜文化餐厅(天府店),30.5926862,104.0705864,258.0,川菜,11:30,21:00, 
317,he’s何师烧烤(清水河店),30.656583,103.989973,83.0,烧烤,17:00,24:00,"何师烤五花,青花椒串串小龙虾,麻辣手撕烤兔,双味包浆豆腐,酸辣腰花,铁板蒜蓉烤鲜活花甲,传统蒜蓉小龙虾,麻辣牛肉刺身,何师烤排,何师烤中翅"
318,许家菜.艺创菜(仁和新城店),30.5874273,104.0539781,519.0,川菜,11:00,22:00,"许家翘壳王,贡椒脆皮玻璃乳鸽,如意五福临门拼盘,古法清汤鸡豆花,鱼子酱番茄鹅肝,葛仙贡米炖雪莲,亚东木耳拼小蜜豆,下酒菜-酱香酱野鸭、蒜泥顺风耳、怪味黑米脆香肉"
319,成都华尔道夫酒店·运·中餐厅,30.5840752,104.0688608,549.0,川菜,11:30,22:00, 
320,悦百味·品质川菜(悠方店),30.583255,104.057221,134.0,川菜,11:00,21:00, 
321,he’s何师烧烤Pro(交子大道店),30.58174,104.050653,116.0,烧烤,12:00,03:00,"乐山特色烤鱼片,青花椒串串小龙虾,麻辣手撕烤兔,麻辣牛肉刺身,铁板蒜蓉烤鲜活花甲,传统蒜蓉小龙虾,经典油焖小龙虾,双味包浆豆腐,海鲜mix鸡,酸辣腰花"
322,屋头串串(龙潭寺店),30.694515,104.1755,69.0,小吃,11:00,23:00, 
323,成都棕榈泉费尔蒙酒店·CUBE LOUNGE大堂酒廊,30.5531275,104.0698012,141.0,咖啡店,08:00,23:00, 
324,成都保利公园皇冠假日酒店·御公馆中餐厅,30.752341,104.145041,148.0,其他中餐,11:00,22:00, 
325,he’s何师烧烤(果壳里店),30.573531,104.235379,75.0,烧烤,16:00,03:30,"何师烤五花,青花椒串串小龙虾,麻辣手撕烤兔,乐山特色烤鱼片,麻辣牛肉刺身,双味包浆豆腐,经典油焖小龙虾,传统蒜蓉小龙虾,海鲜mix鸡,酸辣腰花"
326,he’s何师烧烤(新都店),30.819086,104.181817,75.0,烧烤,17:00,02:00,"何师烤五花,青花椒串串小龙虾,麻辣牛肉刺身,麻辣手撕烤兔,双味包浆豆腐,经典油焖小龙虾,海鲜mix鸡,传统蒜蓉小龙虾,何师烤排,酸辣腰花"
327,he’s何师烧烤(温江店),30.69103,103.848493,74.0,烧烤,16:00,02:20,"何师烤五花,麻辣手撕烤兔,麻辣牛肉刺身,乐山特色烤鱼片,双味包浆豆腐,传统蒜蓉小龙虾,海鲜mix鸡,经典油焖小龙虾,酸辣腰花,铁板蒜蓉烤鲜活花甲"
328,麓轩·Luxexuan(麓湖店),30.4649491,104.0666526,397.0,粤菜,11:30,21:00,"正宗北京果木烤鸭,金沙辣炒明虾丸子,麦片金虾球,杨枝甘露,麓轩乳鸽,黑金流沙包"
329,he’s何师烧烤(海骏达城店),30.79229,103.895008,80.0,烧烤,17:00,02:30,"何师烤五花,青花椒串串小龙虾,麻辣手撕烤兔,麻辣牛肉刺身,海鲜mix鸡,乐山特色烤鱼片,双味包浆豆腐,传统蒜蓉小龙虾,酸辣腰花,铁板蒜蓉烤鲜活花甲"
330,牛牛和牛寿喜锅(天府红店),30.6559988,104.0663834,144.0,日本料理,11:30,22:00,"M4和牛牛脊,M4和牛胸腹,M9极上和牛,鲍鱼,无菌蛋,黑芝麻冰淇淋"
331,鸿运兔·手撕烤兔(天府广场店),30.657795,104.063137,38.0,小吃,10:00,22:00,"麻辣兔头,麻辣手撕烤兔,五香手撕烤兔,鸿运兔腿,冷吃兔,卤土豆片"
332,酥小蒙牛肉饼店(天府广场店),30.6565427,104.0631988,9.0,小吃,07:30,20:30, 
333,成都天府丽都喜来登饭店·悦厨中餐厅,30.664943,104.066149,110.0,川菜,11:30,22:00, 
334,瑞吉酒吧,30.660684,104.074504,688.0,酒吧/酒馆,12:00,24:00,"镀金时代,舌中火花,玛丽花园,汉普顿府邸,白丝绒,暮霭时光,洋葱圈,薯条配酒,小吃美式鸡翅,诱惑巧克力"
335,西月城谭豆花(春熙路店),30.6596958,104.076452,28.0,小吃,07:30,21:00,"冰醉豆花,红汤抄手,钟水饺,甜水面,馓子豆花,豆花面"
336,因为遇见你·新派川菜(春熙路店),30.6589418,104.0771122,64.0,川菜,11:00,22:00, 
337,成都群光君悦酒店·凯菲厅·全日海鲜牛排自助餐厅,30.6539843,104.0767748,238.0,自助餐,06:30,21:30,"三文鱼,基围虾,芝士蛋糕,烤羊排,提拉米苏,焦糖炖蛋"
338,成都群光君悦酒店·沙龙大堂吧,30.65393,104.07677,137.0,面包甜点,08:00,22:30, 
339,蜀大侠火锅(西玉龙店),30.66729,104.068359,94.0,火锅,11:00,02:00, 
340,月满大江·成都味火锅(总府路店),30.65787,104.07817,91.0,火锅,10:00,23:00, 
341,赖汤圆(总府路店),30.6585256,104.0781681,24.0,小吃,08:30,21:00,"赖汤圆,钟水饺,担担面,龙抄手,八宝粥,糍粑"
342,陶德砂锅(春熙路店),30.6574269,104.0793849,62.0,川菜,10:30,22:00, 
343,院8里·少城记忆老川菜(宽窄巷子店),30.6667512,104.0569571,114.0,川菜,09:30,21:30,"凉拌鸡,脆皮茄丁,花千骨,少城热窝鸡,乱刀土豆泥,夫妻肺片"
344,贺氏洪七公吃串串(总府路直营店),30.662444,104.079422,67.0,火锅,11:00,20:30, 
345,签翻儿火锅串串(铂金城店),30.670754,104.064247,79.0,火锅,11:30,24:00, 
346,朋来访小海鲜(太升南路店),30.6645588,104.0794132,87.0,海鲜,12:00,23:00,"竹篮生蚝,清蒸大虾,爽口八爪鱼,凉拌花甲,剁椒蛏子,海鲜粥"
347,GODIVA(国际金融中心店),30.6553146,104.0817886,52.0,面包甜点,10:00,22:00, 
348,点兵点将·四川传统小吃集(太古里总店),30.649539,104.079699,38.0,小吃,11:30,21:30, 
349,贤合庄卤味火锅(太古里店),30.6507628,104.0810454,90.0,火锅,11:00,02:00, 
350,巴蜀大将火锅(武侯祠店),30.64642,104.054533,107.0,火锅,10:00,01:00,"雪花肥牛,大将嫩牛肉,貂蝉鸭肠,现切吊龙伴,手工虾滑,红糖糍粑"
351,obibi蜀色茶颜(奎星楼店),30.6682122,104.0542341,18.0,面包甜点,10:00,22:00,"蝶恋生花,西柚火龙果,蔓越莓芝士奶盖,蔓越阑珊,素若锡兰,恋恋乌龙"
352,百年双蓅老妈兔头(金丝街店),30.6714702,104.0710478,41.0,小吃,08:30,22:00,"五香兔腿,麻辣兔头,麻辣兔腿,五香兔头"
353,Godiva歌帝梵(成都远洋太古里店),30.65313,104.08261,57.0,面包甜点,10:00,21:30, 
354,红星兔丁(武侯祠店),30.645828,104.053658,29.0,小吃,09:30,20:30, 
355,邱二哥锅魁(金丝街店),30.6726999,104.0714708,6.0,小吃,07:00,17:30,"红糖锅盔,椒盐锅魁,白面锅盔"
356,bluefrog蓝蛙(成都太古里店),30.6543336,104.0847408,151.0,西餐,10:00,24:00, 
357,苏坦中东料理·清真·西餐厅(太古里店),30.654036,104.084722,130.0,中东料理,11:30,21:30,"中东特色小烤鸡,菠萝虾球,鸡肉芝士饼,中东佛卡夏面包,土耳其米饭,土耳其酸奶水果沙拉"
358,成都博舍·谧寻茶室·素食,30.651515,104.0848159,244.0,素食,12:00,22:00,"玫瑰白牡丹,桂花糖藕,四喜烤麸,秋葵豆干,荷香酱油饭,手工菠菜担担面"
359,曼柠香泰式海鲜火锅(新城市广场店),30.6737031,104.0582023,92.0,东南亚菜,11:00,22:00,"咖喱虾,海鲜套餐,越南春卷,菠萝饭,招牌海鲜套餐,泰式蘸碟,基围虾,泰式炒饭"
360,云轩茶座(成都瑯珀·凯悦臻选酒店店),30.649235,104.084038,148.0,面包甜点,09:00,24:00, 
361,饕林餐厅(太古里天仙桥店),30.6503468,104.0853851,81.0,川菜,11:00,21:30, 
362,無早cafe(锦江店),30.646666,104.08297,60.0,咖啡店,11:30,21:00,"芒果百香果松饼,香草牛乳冻,草莓奶油戚风蛋糕,日本抹茶柚子千层,自制水果谷物酸奶,澳白"
363,sabaidee.萨芭蒂泰式料理餐酒吧(高空花园店),30.637159,104.068323,143.0,东南亚菜,11:00,01:00,"泰式鲜虾刺身,香兰叶包鸡,冬阴功海鲜汤,秘制烤排骨,咸蛋黄焗生蚝,菠萝炒饭"
364,斗鸡饭场伙火锅(新城市广场店),30.675381,104.054436,65.0,火锅,10:00,22:00, 
365,LENBACH兰巴赫西餐啤酒坊(水璟唐店),30.6436513,104.0851832,144.0,西餐,11:00,01:00,"国王班戟饼配香草冰淇淋,黑松露薄饼,招牌传统巴伐利亚沙拉,西柚啤酒,香肠派对（德国香肠拼盘）,招牌面筋配牛肉蘑菇,慢烤皇室牛排,巴伐利亚甜品,巧克力圆顶配香草冰淇,焗蘑菇牛肉面筋"
366,阿热藏餐(老店),30.6431072,104.0470104,105.0,西藏菜,09:00,22:00,"阿热盖被（牦牛肉）,野菌炒藏猪肉,牦牛肉包子"
367,黄哥江油肥肠·川菜(较场坝店),30.6483898,104.0907552,49.0,川菜,10:30,21:30,"肥肠豆花,干煸肥肠,芋儿肥肠,脑花肥肠,粉蒸排骨肥肠,肥肠血旺"
368,大厨小味(西体店),30.679785,104.056797,66.0,川菜,11:00,21:30,"激情青椒鱼,萝卜大骨汤,大刀白肉,当家巴骨肉,蟹黄豆花,锅边馍"
369,萍姐火锅·公路夜市(成都店),30.6561908,104.0938636,117.0,火锅,11:30,24:00,"鲜毛肚,耙牛肉,火箭发鱿鱼,耙鸡爪,耙肥肠,泡泡豆干"
370,COMMUNE幻师(电视塔店),30.6619155,104.0935467,106.0,西餐,11:00,03:00, 
371,烤匠麻辣烤鱼(来福士店),30.631284,104.067795,86.0,川菜,11:00,22:00, 
372,巴蜀大宅门火锅(高升桥店),30.638199,104.043952,91.0,火锅,10:00,23:00, 
373,梅记兔头(西北桥店),30.6857319,104.0624803,42.0,小吃,08:30,20:00, 
374,吴氏蹄花,30.6342462,104.0852541,37.0,小吃,10:30,02:00,"雪豆蹄花,黄金蛋炒饭,铁板烧炒饭,鸡中翅,海带玉米蹄花汤,玉米粒"
375,兰馨园川菜清真馆(339电视塔店),30.6591442,104.1004226,63.0,新疆菜,10:00,21:00,"红油肺片,豆花牛柳,一品热田鸭,双味牛排,粉蒸牛肉,麻婆豆腐"
376,冯四孃跷脚牛肉·非物质文化遗产名店,30.6272216,104.0647371,40.0,川菜,10:00,22:00, 
377,池田屋海鲜酒肆(九眼桥店),30.6407044,104.0955456,103.0,日本料理,11:30,21:30, 
378,叒缘夜光杯,30.669141,104.03024,120.0,川菜,12:00,03:00, 
379,锦城印象火锅(玉林店),30.6249345,104.0591921,157.0,火锅,11:00,03:00, 
380,小饕荟雅安贡椒鱼鲜馆(广福桥店),30.642413,104.0315468,101.0,火锅,11:00,22:00,"贡椒鱼,老吴拌好鸡,冰糖小麻鸭,绝味甜水面,三角峰,红糖糍粑"
381,栖川山葵家·寿喜锅·日式料理(保利店),30.62472,104.07287,137.0,日本料理,10:00,22:00, 
382,油花炭火烧肉·和牛专门店(保利店),30.624779,104.073649,269.0,烧烤,11:00,22:00, 
383,鸡毛店·川菜(双楠店),30.6445522,104.028438,62.0,川菜,11:00,21:30, 
384,有茗塘鱼馆(高升桥店),30.630636,104.039086,77.0,火锅,10:00,23:00, 
385,电台巷火锅(科华路店),30.6235651,104.0775712,90.0,火锅,16:00,02:00,"嫩牛肉,火锅牛排,鲜虾滑,蟹肉花,干贡菜,蛋煎糍粑"
386,小東家一骨香(电子科大店),30.671848,104.103551,45.0,川菜,09:00,23:00,"手抓大盆骨,火爆花甲,炝拌藕丁,巧拌木耳,拌凉面,纯手工玫瑰蜜凉糕"
387,苏坦土耳其西餐厅(玉林店),30.6224362,104.0553133,114.0,西餐,12:00,21:00, 
388,牛鲜鲜串串香,30.6335016,104.0342799,73.0,火锅,10:00,03:30,"牛肉,鬼肉魔芋,牛杂,小郡肝,兔腰"
389,码头故事火锅(科华北路店),30.6223714,104.0770992,87.0,火锅,10:00,23:30,"虾滑,红糖糍粑,安格斯肥牛,包浆豆腐,筷子牛肉,巴沙鱼片,鲜切牛肩肉,一米鸭肠,麻辣牛肉,现炸酥肉"
390,大鱼山房(老字号品质店),30.6475853,104.0245198,112.0,火锅,11:00,23:00, 
391,成都协信中心希尔顿酒店·厨艺全日餐厅,30.6812711,104.0991281,130.0,自助餐,17:30,21:30, 
392,86烧烤·宜宾烧烤 (石人总店),30.6745673,104.0269987,74.0,烧烤,17:30,02:00,"包浆豆腐,五花肉,烤脑花,宜宾广式香肠,烤土豆片,烤鼻筋"
393,音乐房子(玉林店),30.6204327,104.0577343,174.0,酒吧/酒馆,20:00,02:00, 
394,辣椒熊老火锅+绵绵冰(海椒市店),30.6319278,104.0984752,84.0,火锅,11:30,24:00, 
395,五里关火锅(五里墩店),30.6860046,104.0360612,100.0,火锅,11:00,02:00, 
396,拐枣巷小串串(红牌楼直营一店),30.63814,104.02682,55.0,火锅,11:30,22:30, 
397,欧洲房子·咖啡西餐厅(华尔兹店),30.6175347,104.0721284,268.0,西餐,10:00,22:00,"香煎澳大利亚M5级和牛肉眼,墨西哥西冷牛排,明火香草蜗牛,法式鹅肝派,法式焦糖布丁,松露奶油蘑菇汤"
398,柴悦.头啖汤(仁和春天店),30.6629474,104.0194476,180.0,川菜,11:00,21:30,"川贝母炖雪梨,澳洲麻麻和牛舌,鲜美长吻鲍,花椒乳鸽,北京烤鸭,白灼时令蔬菜"
399,味力源肥肠爱上鱼,30.632482,104.028469,67.0,火锅,11:00,23:30, 
400,柴门鱼鲜馆(航空路店),30.6159856,104.0692537,459.0,川菜,11:30,21:00,"石锅堂焗牛肋皇,太白排骨,生爆藏香猪,糊辣土鸡脚,石锅萝卜,功夫酱肉包"
401,大象花园泰式海鲜料理·特色泰式火锅(总店),30.616031,104.070071,144.0,东南亚菜,11:00,22:00, 
402,银滩鲍鱼火锅(桐梓林店),30.615105,104.062925,548.0,火锅,11:00,22:00,"银滩招牌锅,阿拉斯加帝王蟹,加拿大象拔蚌,阿根廷红虾,十头大连鲍,法国吉拉多生蚝,雪花牛肉粒,丸拼,澳洲黑边鲍,珍宝蟹"
403,王品台塑牛排(成都万象城店),30.64968,104.11482,428.0,西餐,11:30,21:00, 
404,龙幺妹老火锅(锦华万达店),30.6234748,104.0964276,75.0,火锅,10:00,24:00, 
405,DQ(成都万象城店),30.6497991,104.1154001,26.0,面包甜点,10:00,22:00, 
406,北海海鲜料理(桐梓林店),30.614061,104.0728474,496.0,日本料理,11:30,22:00, 
407,he’s何师烧烤(永立星城都店),30.689793,104.100469,75.0, ,17:00,02:00,"何师烤五花,麻辣牛肉刺身,双味包浆豆腐,传统蒜蓉小龙虾,青花椒串串小龙虾,麻辣手撕烤兔,酸辣腰花,铁板蒜蓉烤鲜活花甲,何师烤中翅,何师烤排"
408,德斯堡德国餐吧(锦华万达店),30.621221,104.0963636,122.0,西餐,10:00,22:00, 
409,八二小区抄手(建中路店),30.6687713,104.11629,24.0,小吃,11:00,20:30,"土鸡竹荪抄手鲜虾蟹籽馅,烟竹笋烧牛肉抄手,凉面,麻辣豆花,鸡汤烫莲花白,手工麻辣萝卜干"
410,DQ(成都万达店),30.621369,104.097404,23.0,面包甜点,10:00,22:00, 
411,妙品小馆 川菜柴火煨汤餐厅(泛悦国际店),30.6129725,104.0795169,82.0,融合菜,11:00,23:00, 
412,竹涟烧肉(中粮鸿云悦街店),30.6386144,104.1149889,130.0,日本料理,11:30,22:00, 
413,红辣椒(泛悦国际店),30.6124705,104.0792993,122.0,川菜,11:00,24:00,"干锅牛蛙,一品鲜脑花,花生绵绵冰,川西泼辣鱼,精品鹅肠,巴城草鸡"
414,高尊WELL蔬食,30.608046,104.075672,28.0,素食,11:30,20:30, 
415,打牙祭·成都人的苍蝇馆子(八里小区总店),30.6850987,104.1149798,54.0,川菜,11:00,21:00, 
416,园里火锅(东郊记忆店),30.6675642,104.1244477,151.0,火锅,11:30,02:00, 
417,银滩鲍鱼火锅(金沙店),30.6796148,104.009714,315.0,火锅,11:00,20:00,"十头大连鲍,银滩-招牌锅,阿拉斯加帝王蟹,加拿大象拔蚌,美国响螺,基围虾,珍珠斑,雪花牛肉"
418,天星正源火锅(地勘路店),30.6807199,104.121652,106.0,火锅,11:30,22:30,"麻辣牛肉,正源鲜腰片,正源现炸酥肉,牙签牛肉串,正源鲜鸭血,正源鲜鸭肠"
419,三缺一·成都味川菜(神仙树店),30.6089463,104.0397839,132.0,川菜,11:00,21:00,"肝腰合炒,小土豆排骨,手工圆子汤,盐菜回锅肉,玉米粑粑,京葱拌豆筋"
420,烤匠麻辣烤鱼(凯德·天府店),30.603077,104.069295,86.0,川菜,11:00,22:00, 
421,樽宴酒楼(川师店),30.613063,104.104016,113.0,川菜,09:30,21:00,"69°毛血旺,铜锅蛙,黄金流沙包,荷香排骨,凉拌剑阁土鸡,外婆菜炒香肉"
422,简单味道(蜀汉路店),30.692921,104.0142702,72.0,川菜,11:00,21:00, 
423,成都首座万豪酒店·莲·中餐厅,30.586786,104.0699127,212.0,川菜,11:30,22:00,"小味萝卜衣,双椒黑龙潭胖鱼头,香辣雪花牛肉粒,黑色料理炝锅鱼,广式黑叉烧,杨枝甘露麻薯球"
424,大鸭梨烤鸭店(高新仁和新城店),30.587457,104.051012,134.0,北京菜,11:00,21:00, 
425,邀艳中餐厅 YAO YEN(成都W酒店),30.5833399,104.0549311,260.0,粤菜,11:30,22:00, 
426,FIELDS AVANT 十域·臻选(悠方店),30.582847,104.057772,216.0,西餐,10:30,22:00, 
427,成都W酒店·型乐西餐厅 ZING,30.5828478,104.0550907,156.0,西餐,06:30,22:00,"黄油蒜蓉烤波士顿龙虾,风味吞拿鱼塔塔,蘑菇烩饭配麻辣牛肉,低温慢炖和牛牛肋排,烟熏三文鱼,拿铁"
428,大鸭梨烤鸭(龙湖星悦荟店),30.621041,103.983705,124.0,北京菜,11:00,21:00, 
429,烤匠麻辣烤鱼(青羊万达店),30.676079,103.974731,84.0,川菜,11:00,21:30, 
430,岫云村汤馆(天府世家店),30.5756032,104.0539808,119.0,火锅,09:00,21:00,"卤猪头肉,肉和尚,烧椒皮蛋,老鸭汤,鲜竹荪,龙爪菇"
431,麻辣空间·清油火锅(万科魅力店),30.6256859,104.1549722,88.0,火锅,10:00,24:00, 
432,成都盛美利亚酒店·盛然大堂吧及庭院酒廊,30.5753324,104.0396801,101.0,咖啡店,10:00,21:30, 
433,茗虾荟川味大虾馆(环球中心店),30.570096,104.06438,88.0,川菜,11:00,21:30, 
434,Godiva(成都环球店),30.569003,104.064612,50.0,面包甜点,10:00,22:00, 
435,成都世纪城假日酒店-东楼·黑龙滩大鱼头火锅,30.5605806,104.0748548,219.0,火锅,11:30,21:30, 
436,成都世纪城天堂洲际大饭店·荷汀大堂吧,30.5594826,104.0722046,70.0,酒吧/酒馆,09:00,01:00, 
437,成都世纪城天堂洲际大饭店·波提斯意大利餐厅,30.5594939,104.0728935,177.0,西餐,11:30,22:00,"巴尔马火腿罗勒意大利黑醋披萨,意式奶冻,西西里芝士卷,提拉米苏,红酒烩香菇牛肉意面,冷切肉拼盘,辣味番茄芝士焗鲍鱼（3只）,柠檬炒虾仁鱿鱼小土豆,柠檬烤鸡肉配炒蔬菜,西西里亚海鲜汤"
438,成都世纪城假日酒店-西楼·火舞泰·泰式海鲜火锅餐厅,30.5579941,104.0740392,147.0,东南亚菜,18:00,22:00,"泰式开胃菜,小鲍鱼,冬阴功锅底,波士顿龙虾拼盘,蛏子,现开海鲜"
439,成都世纪城假日酒店-西楼·华府中餐厅,30.557894,104.073937,130.0,川菜,11:30,22:00, 
440,轻安素食馆(铁像寺水街店),30.5582186,104.0489688,115.0,素食,09:30,21:00,"黑松露捞饭,麻婆豆腐披萨,香烤面包片,酸辣笋丝,轻安沙拉"
441,成都棕榈泉费尔蒙酒店·觅·云端小酒馆 Miku Bistro,30.553077,104.069853,248.0,酒吧/酒馆,17:30,23:00, 
442,享月·汤皇(UPARK公园店),30.5551555,104.0389744,152.0,火锅,11:00,22:00,"黑猪肉前夹,三文鱼刺身,猪肉丸,乌鸡片,香煎玉米饼,蔬菜小拼"
443,大院河·仙鱼莊(三圣花乡店),30.5861391,104.1578638,112.0,火锅,11:30,22:00, 
444,成都希顿国际酒店·御玺中餐厅,30.549503,104.0680148,153.0,粤菜,11:30,21:30,"虾饺皇,紫金蒸凤爪,三层肉,鲜果芥味虾球,和风三文鱼蛋挞,榴莲酥"
445,梓楠·川菜 (建发鹭洲里店),30.5507869,104.0426953,130.0,川菜,11:00,22:30,"一品砂锅鱼头汤煲,法式煎焗羊排,锅巴肉片,脆皮牛柳,铁锅生葱焗草虾,翡翠南瓜丝"
446,漾亚·雍雅合鲜(新会展店),30.5466023,104.0725143,477.0,火锅,10:00,21:00, 
447,芭莉与彩虹西餐厅(银泰城店),30.541371,104.059049,122.0,西餐,11:30,21:00, 
448,锦鲜汤语·川菜柴火煨汤餐厅,30.539903,104.060087,79.0,川菜,10:30,22:00, 
449,漾19(花漾锦江店),30.5354401,104.0660375,620.0,融合菜,10:00,02:00,"玫瑰之吻,北京董式挂炉烤鸭,汉源藤椒和牛舌,虫草耳丝,宫保虾球,传统糖油果子"
450,万蔚·烤鸭新川菜,30.5823094,104.1883633,127.0,北京菜,11:00,21:00, 
451,百悦希尔顿逸林酒店open開西餐厅,30.57644,104.18719,164.0,西餐,18:00,21:00, 
452,简单味道(华阳店),30.524196,104.0554683,88.0,川菜,11:00,21:00,"黄焖鱼头,小炒丝瓜,金丝饼"
453,味之绝美蛙鱼头(东升店),30.579424,103.921555,79.0,火锅,10:00,23:00, 
454,成都七一世外桃源酒店·桃源中餐厅,30.8219804,104.1710829,341.0,川菜,11:00,23:00,"蜜汁叉烧腩,桃源一鸽,宫保虾球,卤拌牛腱,虾汤泡饭,花好月圆双味大虾球"
455,大摆龙门镇·传承川菜(温江旗舰店),30.6935339,103.851345,66.0,川菜,11:30,21:00, 
456,恒运捞月火锅(龙泉总店),30.5587627,104.2657692,82.0,火锅,10:00,22:00,"极品毛肚,巴沙鱼片,捞月虾滑,麻辣牛肉,功夫腰片,包浆豆腐"
457,银滩鲍鱼火锅(麓湖店),30.457193,104.067623,492.0,火锅,11:00,21:30,"银滩招牌锅,阿拉斯加帝王蟹,加拿大象拔蚌,法国吉拉多生蚝,十头大连鲍,阿根廷红虾,爱尔兰野生圣子王,美国响螺,雪花牛肉粒,丸拼"
458,龙腾梵谷(天乡路三段店),30.7105824,103.81354,122.0,火锅,11:00,23:30, 
459,欣瑞大酒店主题餐厅,30.3236586,103.9645123,64.0,川菜,11:00,21:00, 
460,成都安仁福朋喜来登酒店·聚味中餐厅,30.506787,103.61682,131.0,川菜,11:30,21:00, 
461,青城客·老农私房菜(青城山店),30.9109614,103.6113926,59.0,川菜,10:00,21:00, 
462,梁鸡肉8号·青城山的柴火鸡,30.9052221,103.606572,63.0,川菜,08:30,21:00, 
463,青城宴·地方美食,30.8992145,103.5927921,66.0, ,11:00,22:00, 
464,青城甲(青城山店),30.9182254,103.592892,98.0,川菜,11:30,20:00, 
465,川江渔府火锅(总店),30.9803772,103.6362106,60.0,火锅,10:30,21:00, 
466,小巷弄虾·鲍鱼花胶鸡,30.987457,103.642485,97.0,火锅,11:00,22:00, 
