[
    {
        "TrainID": "K511",
        "TrainType": "快速",
        "From": "上海南站",
        "To": "广州站",
        "BeginTime": "16:55",
        "EndTime": "15:04",
        "Duration": 22.15,
        "Cost": 484.76
    },
    {
        "TrainID": "G817",
        "TrainType": "高铁",
        "From": "上海虹桥站",
        "To": "广州南站",
        "BeginTime": "08:00",
        "EndTime": "14:56",
        "Duration": 6.93,
        "Cost": 787.73
    },
    {
        "TrainID": "G1304",
        "TrainType": "高铁",
        "From": "上海虹桥站",
        "To": "广州南站",
        "BeginTime": "10:18",
        "EndTime": "18:45",
        "Duration": 8.52,
        "Cost": 787.73
    },
    {
        "TrainID": "D941",
        "TrainType": "动车",
        "From": "上海虹桥站",
        "To": "广州南站",
        "BeginTime": "19:55",
        "EndTime": "06:58",
        "Duration": 11.05,
        "Cost": 727.13
    },
    {
        "TrainID": "D931",
        "TrainType": "动车",
        "From": "上海虹桥站",
        "To": "广州南站",
        "BeginTime": "20:00",
        "EndTime": "07:08",
        "Duration": 11.13,
        "Cost": 727.13
    },
    {
        "TrainID": "D935",
        "TrainType": "动车",
        "From": "上海虹桥站",
        "To": "广州南站",
        "BeginTime": "20:05",
        "EndTime": "07:13",
        "Duration": 11.13,
        "Cost": 727.13
    },
    {
        "TrainID": "T169",
        "TrainType": "特快",
        "From": "上海南站",
        "To": "广州站",
        "BeginTime": "11:26",
        "EndTime": "04:51",
        "Duration": 17.42,
        "Cost": 605.95
    },
    {
        "TrainID": "Z99",
        "TrainType": "直达特快",
        "From": "上海站",
        "To": "广州站",
        "BeginTime": "17:27",
        "EndTime": "09:57",
        "Duration": 16.5,
        "Cost": 605.95
    }
]