[
    {
        "TrainID": "G3119",
        "TrainType": "高铁",
        "From": "武汉站",
        "To": "苏州新区站",
        "BeginTime": "10:12",
        "EndTime": "15:32",
        "Duration": 5.65,
        "Cost": 392.42
    },
    {
        "TrainID": "G1715",
        "TrainType": "高铁",
        "From": "武汉站",
        "To": "苏州北站",
        "BeginTime": "09:32",
        "EndTime": "13:04",
        "Duration": 3.88,
        "Cost": 392.42
    },
    {
        "TrainID": "G1775",
        "TrainType": "高铁",
        "From": "武汉站",
        "To": "苏州北站",
        "BeginTime": "09:37",
        "EndTime": "13:41",
        "Duration": 4.12,
        "Cost": 392.42
    },
    {
        "TrainID": "G3123",
        "TrainType": "高铁",
        "From": "武汉站",
        "To": "苏州站",
        "BeginTime": "13:19",
        "EndTime": "19:05",
        "Duration": 5.77,
        "Cost": 392.42
    },
    {
        "TrainID": "G1774",
        "TrainType": "高铁",
        "From": "武汉站",
        "To": "苏州北站",
        "BeginTime": "15:09",
        "EndTime": "19:22",
        "Duration": 4.3,
        "Cost": 392.42
    },
    {
        "TrainID": "G588",
        "TrainType": "高铁",
        "From": "武汉站",
        "To": "苏州北站",
        "BeginTime": "16:39",
        "EndTime": "20:28",
        "Duration": 3.95,
        "Cost": 392.42
    },
    {
        "TrainID": "G1778",
        "TrainType": "高铁",
        "From": "武汉站",
        "To": "苏州北站",
        "BeginTime": "09:37",
        "EndTime": "13:41",
        "Duration": 4.12,
        "Cost": 392.42
    },
    {
        "TrainID": "G3122",
        "TrainType": "高铁",
        "From": "武汉站",
        "To": "苏州新区站",
        "BeginTime": "10:12",
        "EndTime": "15:32",
        "Duration": 5.65,
        "Cost": 392.42
    },
    {
        "TrainID": "G3126",
        "TrainType": "高铁",
        "From": "武汉站",
        "To": "苏州站",
        "BeginTime": "13:19",
        "EndTime": "19:05",
        "Duration": 5.77,
        "Cost": 392.42
    },
    {
        "TrainID": "G678",
        "TrainType": "高铁",
        "From": "武汉站",
        "To": "苏州北站",
        "BeginTime": "13:25",
        "EndTime": "17:37",
        "Duration": 4.2,
        "Cost": 392.42
    },
    {
        "TrainID": "D3044",
        "TrainType": "动车",
        "From": "武汉站",
        "To": "苏州站",
        "BeginTime": "10:15",
        "EndTime": "15:22",
        "Duration": 5.12,
        "Cost": 362.23
    },
    {
        "TrainID": "G1738",
        "TrainType": "高铁",
        "From": "武汉站",
        "To": "苏州北站",
        "BeginTime": "08:25",
        "EndTime": "12:29",
        "Duration": 4.07,
        "Cost": 392.42
    },
    {
        "TrainID": "G1730",
        "TrainType": "高铁",
        "From": "武汉站",
        "To": "苏州北站",
        "BeginTime": "10:48",
        "EndTime": "15:09",
        "Duration": 4.5,
        "Cost": 392.42
    }
]