[
    {
        "TrainID": "D638",
        "TrainType": "动车",
        "From": "成都东站",
        "To": "上海虹桥站",
        "BeginTime": "07:10",
        "EndTime": "22:15",
        "Duration": 15.08,
        "Cost": 996.42
    },
    {
        "TrainID": "D2208",
        "TrainType": "动车",
        "From": "成都东站",
        "To": "上海虹桥站",
        "BeginTime": "08:02",
        "EndTime": "23:16",
        "Duration": 15.23,
        "Cost": 996.42
    },
    {
        "TrainID": "D354",
        "TrainType": "动车",
        "From": "成都东站",
        "To": "上海虹桥站",
        "BeginTime": "07:52",
        "EndTime": "22:21",
        "Duration": 14.48,
        "Cost": 996.42
    },
    {
        "TrainID": "D954",
        "TrainType": "动车",
        "From": "成都东站",
        "To": "上海站",
        "BeginTime": "07:47",
        "EndTime": "20:21",
        "Duration": 12.57,
        "Cost": 996.42
    },
    {
        "TrainID": "D3058",
        "TrainType": "动车",
        "From": "成都东站",
        "To": "上海站",
        "BeginTime": "06:12",
        "EndTime": "21:18",
        "Duration": 15.1,
        "Cost": 996.42
    },
    {
        "TrainID": "G3290",
        "TrainType": "高铁",
        "From": "成都东站",
        "To": "上海虹桥站",
        "BeginTime": "10:42",
        "EndTime": "22:49",
        "Duration": 12.32,
        "Cost": 1079.46
    },
    {
        "TrainID": "G1976",
        "TrainType": "高铁",
        "From": "成都东站",
        "To": "上海虹桥站",
        "BeginTime": "11:01",
        "EndTime": "22:32",
        "Duration": 11.65,
        "Cost": 1079.46
    },
    {
        "TrainID": "K352",
        "TrainType": "快速",
        "From": "成都西站",
        "To": "上海南站",
        "BeginTime": "18:57",
        "EndTime": "08:14",
        "Duration": 37.28,
        "Cost": 664.28
    },
    {
        "TrainID": "G3286",
        "TrainType": "高铁",
        "From": "成都东站",
        "To": "上海虹桥站",
        "BeginTime": "07:43",
        "EndTime": "19:41",
        "Duration": 11.97,
        "Cost": 1079.46
    },
    {
        "TrainID": "D3055",
        "TrainType": "动车",
        "From": "成都东站",
        "To": "上海站",
        "BeginTime": "06:12",
        "EndTime": "21:18",
        "Duration": 15.1,
        "Cost": 996.42
    },
    {
        "TrainID": "D635",
        "TrainType": "动车",
        "From": "成都东站",
        "To": "上海虹桥站",
        "BeginTime": "07:10",
        "EndTime": "22:15",
        "Duration": 15.08,
        "Cost": 996.42
    },
    {
        "TrainID": "G1475",
        "TrainType": "高铁",
        "From": "成都东站",
        "To": "上海虹桥站",
        "BeginTime": "07:13",
        "EndTime": "20:01",
        "Duration": 12.8,
        "Cost": 1079.46
    },
    {
        "TrainID": "K1158",
        "TrainType": "快速",
        "From": "成都西站",
        "To": "上海站",
        "BeginTime": "07:50",
        "EndTime": "14:37",
        "Duration": 30.78,
        "Cost": 664.28
    },
    {
        "TrainID": "K284",
        "TrainType": "快速",
        "From": "成都西站",
        "To": "上海站",
        "BeginTime": "18:23",
        "EndTime": "06:53",
        "Duration": 36.5,
        "Cost": 664.28
    },
    {
        "TrainID": "G2191",
        "TrainType": "高铁",
        "From": "成都东站",
        "To": "上海虹桥站",
        "BeginTime": "09:10",
        "EndTime": "22:25",
        "Duration": 13.25,
        "Cost": 1079.46
    },
    {
        "TrainID": "K353",
        "TrainType": "快速",
        "From": "成都西站",
        "To": "上海南站",
        "BeginTime": "18:57",
        "EndTime": "08:14",
        "Duration": 37.28,
        "Cost": 664.28
    },
    {
        "TrainID": "G3294",
        "TrainType": "高铁",
        "From": "成都东站",
        "To": "上海虹桥站",
        "BeginTime": "08:50",
        "EndTime": "21:02",
        "Duration": 12.3,
        "Cost": 1079.46
    },
    {
        "TrainID": "G2195",
        "TrainType": "高铁",
        "From": "成都东站",
        "To": "上海虹桥站",
        "BeginTime": "06:06",
        "EndTime": "19:28",
        "Duration": 13.37,
        "Cost": 1079.46
    }
]