[
    {
        "TrainID": "G387",
        "TrainType": "高铁",
        "From": "成都东站",
        "To": "重庆西站",
        "BeginTime": "19:08",
        "EndTime": "20:41",
        "Duration": 1.68,
        "Cost": 171.7
    },
    {
        "TrainID": "G3422",
        "TrainType": "高铁",
        "From": "成都东站",
        "To": "重庆北站",
        "BeginTime": "08:50",
        "EndTime": "10:32",
        "Duration": 1.7,
        "Cost": 171.7
    },
    {
        "TrainID": "D620",
        "TrainType": "动车",
        "From": "成都东站",
        "To": "重庆北站",
        "BeginTime": "07:00",
        "EndTime": "09:02",
        "Duration": 2.03,
        "Cost": 158.49
    },
    {
        "TrainID": "D2260",
        "TrainType": "动车",
        "From": "成都东站",
        "To": "重庆北站",
        "BeginTime": "10:18",
        "EndTime": "12:22",
        "Duration": 2.17,
        "Cost": 158.49
    },
    {
        "TrainID": "D2374",
        "TrainType": "动车",
        "From": "成都东站",
        "To": "重庆北站",
        "BeginTime": "09:24",
        "EndTime": "11:37",
        "Duration": 2.22,
        "Cost": 158.49
    },
    {
        "TrainID": "D634",
        "TrainType": "动车",
        "From": "成都东站",
        "To": "重庆北站",
        "BeginTime": "12:44",
        "EndTime": "15:21",
        "Duration": 2.62,
        "Cost": 158.49
    },
    {
        "TrainID": "D638",
        "TrainType": "动车",
        "From": "成都东站",
        "To": "重庆北站",
        "BeginTime": "07:10",
        "EndTime": "09:23",
        "Duration": 2.22,
        "Cost": 158.49
    },
    {
        "TrainID": "D368",
        "TrainType": "动车",
        "From": "成都东站",
        "To": "重庆北站",
        "BeginTime": "10:53",
        "EndTime": "13:02",
        "Duration": 2.15,
        "Cost": 158.49
    },
    {
        "TrainID": "D2256",
        "TrainType": "动车",
        "From": "成都东站",
        "To": "重庆北站",
        "BeginTime": "08:12",
        "EndTime": "10:35",
        "Duration": 2.38,
        "Cost": 158.49
    },
    {
        "TrainID": "D2244",
        "TrainType": "动车",
        "From": "成都东站",
        "To": "重庆北站",
        "BeginTime": "06:19",
        "EndTime": "08:50",
        "Duration": 2.52,
        "Cost": 158.49
    },
    {
        "TrainID": "D2224",
        "TrainType": "动车",
        "From": "成都东站",
        "To": "重庆北站",
        "BeginTime": "07:36",
        "EndTime": "09:35",
        "Duration": 1.98,
        "Cost": 158.49
    },
    {
        "TrainID": "D2208",
        "TrainType": "动车",
        "From": "成都东站",
        "To": "重庆北站",
        "BeginTime": "08:02",
        "EndTime": "10:17",
        "Duration": 2.25,
        "Cost": 158.49
    },
    {
        "TrainID": "D362",
        "TrainType": "动车",
        "From": "成都东站",
        "To": "重庆北站",
        "BeginTime": "08:59",
        "EndTime": "10:52",
        "Duration": 2.1,
        "Cost": 158.49
    },
    {
        "TrainID": "D354",
        "TrainType": "动车",
        "From": "成都东站",
        "To": "重庆北站",
        "BeginTime": "07:52",
        "EndTime": "10:03",
        "Duration": 2.18,
        "Cost": 158.49
    },
    {
        "TrainID": "D954",
        "TrainType": "动车",
        "From": "成都东站",
        "To": "重庆北站",
        "BeginTime": "07:47",
        "EndTime": "09:42",
        "Duration": 1.92,
        "Cost": 158.49
    },
    {
        "TrainID": "D3078",
        "TrainType": "动车",
        "From": "成都东站",
        "To": "重庆北站",
        "BeginTime": "08:17",
        "EndTime": "10:26",
        "Duration": 2.15,
        "Cost": 158.49
    },
    {
        "TrainID": "D3058",
        "TrainType": "动车",
        "From": "成都东站",
        "To": "重庆北站",
        "BeginTime": "06:12",
        "EndTime": "08:32",
        "Duration": 2.33,
        "Cost": 158.49
    },
    {
        "TrainID": "K504",
        "TrainType": "快速",
        "From": "成都西站",
        "To": "重庆北站",
        "BeginTime": "12:24",
        "EndTime": "16:28",
        "Duration": 4.07,
        "Cost": 105.66
    },
    {
        "TrainID": "G316",
        "TrainType": "高铁",
        "From": "成都东站",
        "To": "重庆北站",
        "BeginTime": "06:53",
        "EndTime": "09:04",
        "Duration": 2.18,
        "Cost": 171.7
    },
    {
        "TrainID": "D6192",
        "TrainType": "动车",
        "From": "成都南站",
        "To": "重庆北站",
        "BeginTime": "16:12",
        "EndTime": "18:37",
        "Duration": 2.48,
        "Cost": 158.49
    },
    {
        "TrainID": "D5104",
        "TrainType": "动车",
        "From": "成都东站",
        "To": "重庆北站",
        "BeginTime": "07:05",
        "EndTime": "09:15",
        "Duration": 2.17,
        "Cost": 158.49
    },
    {
        "TrainID": "D5106",
        "TrainType": "动车",
        "From": "成都东站",
        "To": "重庆北站",
        "BeginTime": "16:40",
        "EndTime": "18:44",
        "Duration": 2.07,
        "Cost": 158.49
    },
    {
        "TrainID": "G8509",
        "TrainType": "高铁",
        "From": "成都东站",
        "To": "重庆西站",
        "BeginTime": "22:04",
        "EndTime": "23:22",
        "Duration": 1.3,
        "Cost": 171.7
    },
    {
        "TrainID": "D6196",
        "TrainType": "动车",
        "From": "成都南站",
        "To": "重庆北站",
        "BeginTime": "09:22",
        "EndTime": "11:53",
        "Duration": 2.6,
        "Cost": 158.49
    },
    {
        "TrainID": "D5102",
        "TrainType": "动车",
        "From": "成都东站",
        "To": "重庆北站",
        "BeginTime": "17:32",
        "EndTime": "19:58",
        "Duration": 2.43,
        "Cost": 158.49
    },
    {
        "TrainID": "G8704",
        "TrainType": "高铁",
        "From": "成都东站",
        "To": "重庆北站",
        "BeginTime": "07:30",
        "EndTime": "09:35",
        "Duration": 2.08,
        "Cost": 171.7
    },
    {
        "TrainID": "G8673",
        "TrainType": "高铁",
        "From": "成都东站",
        "To": "重庆西站",
        "BeginTime": "15:30",
        "EndTime": "17:03",
        "Duration": 1.55,
        "Cost": 171.7
    },
    {
        "TrainID": "G1887",
        "TrainType": "高铁",
        "From": "成都东站",
        "To": "重庆西站",
        "BeginTime": "17:58",
        "EndTime": "19:23",
        "Duration": 1.53,
        "Cost": 171.7
    },
    {
        "TrainID": "G1975",
        "TrainType": "高铁",
        "From": "成都东站",
        "To": "重庆西站",
        "BeginTime": "18:33",
        "EndTime": "19:57",
        "Duration": 1.48,
        "Cost": 171.7
    },
    {
        "TrainID": "G2207",
        "TrainType": "高铁",
        "From": "成都东站",
        "To": "重庆西站",
        "BeginTime": "16:48",
        "EndTime": "18:35",
        "Duration": 1.93,
        "Cost": 171.7
    },
    {
        "TrainID": "G1835",
        "TrainType": "高铁",
        "From": "成都东站",
        "To": "重庆西站",
        "BeginTime": "21:15",
        "EndTime": "22:33",
        "Duration": 1.4,
        "Cost": 171.7
    },
    {
        "TrainID": "D1822",
        "TrainType": "动车",
        "From": "成都东站",
        "To": "重庆西站",
        "BeginTime": "07:41",
        "EndTime": "09:57",
        "Duration": 2.27,
        "Cost": 158.49
    },
    {
        "TrainID": "D1819",
        "TrainType": "动车",
        "From": "成都东站",
        "To": "重庆西站",
        "BeginTime": "07:41",
        "EndTime": "09:57",
        "Duration": 2.27,
        "Cost": 158.49
    },
    {
        "TrainID": "K871",
        "TrainType": "快速",
        "From": "成都东站",
        "To": "重庆西站",
        "BeginTime": "14:12",
        "EndTime": "17:42",
        "Duration": 3.5,
        "Cost": 105.66
    },
    {
        "TrainID": "G2885",
        "TrainType": "高铁",
        "From": "成都东站",
        "To": "重庆西站",
        "BeginTime": "09:40",
        "EndTime": "11:14",
        "Duration": 1.57,
        "Cost": 171.7
    },
    {
        "TrainID": "G1983",
        "TrainType": "高铁",
        "From": "成都东站",
        "To": "重庆西站",
        "BeginTime": "08:05",
        "EndTime": "09:47",
        "Duration": 1.7,
        "Cost": 171.7
    },
    {
        "TrainID": "G2887",
        "TrainType": "高铁",
        "From": "成都东站",
        "To": "重庆西站",
        "BeginTime": "14:57",
        "EndTime": "16:34",
        "Duration": 1.62,
        "Cost": 171.7
    },
    {
        "TrainID": "G1755",
        "TrainType": "高铁",
        "From": "成都东站",
        "To": "重庆西站",
        "BeginTime": "07:24",
        "EndTime": "09:04",
        "Duration": 1.67,
        "Cost": 171.7
    },
    {
        "TrainID": "G2163",
        "TrainType": "高铁",
        "From": "成都东站",
        "To": "重庆西站",
        "BeginTime": "16:02",
        "EndTime": "17:27",
        "Duration": 1.42,
        "Cost": 171.7
    },
    {
        "TrainID": "G2371",
        "TrainType": "高铁",
        "From": "成都东站",
        "To": "重庆西站",
        "BeginTime": "06:48",
        "EndTime": "08:05",
        "Duration": 1.28,
        "Cost": 171.7
    },
    {
        "TrainID": "G2883",
        "TrainType": "高铁",
        "From": "成都东站",
        "To": "重庆西站",
        "BeginTime": "08:37",
        "EndTime": "10:01",
        "Duration": 1.4,
        "Cost": 171.7
    },
    {
        "TrainID": "G8585",
        "TrainType": "高铁",
        "From": "成都东站",
        "To": "重庆西站",
        "BeginTime": "22:26",
        "EndTime": "23:44",
        "Duration": 1.3,
        "Cost": 171.7
    },
    {
        "TrainID": "G8581",
        "TrainType": "高铁",
        "From": "成都东站",
        "To": "重庆西站",
        "BeginTime": "20:11",
        "EndTime": "21:51",
        "Duration": 1.67,
        "Cost": 171.7
    },
    {
        "TrainID": "G8641",
        "TrainType": "高铁",
        "From": "成都东站",
        "To": "重庆西站",
        "BeginTime": "21:56",
        "EndTime": "23:12",
        "Duration": 1.27,
        "Cost": 171.7
    },
    {
        "TrainID": "G8583",
        "TrainType": "高铁",
        "From": "成都东站",
        "To": "重庆西站",
        "BeginTime": "21:47",
        "EndTime": "23:05",
        "Duration": 1.3,
        "Cost": 171.7
    },
    {
        "TrainID": "G8635",
        "TrainType": "高铁",
        "From": "成都东站",
        "To": "重庆西站",
        "BeginTime": "19:26",
        "EndTime": "20:59",
        "Duration": 1.55,
        "Cost": 171.7
    },
    {
        "TrainID": "G8749",
        "TrainType": "高铁",
        "From": "成都东站",
        "To": "重庆西站",
        "BeginTime": "22:31",
        "EndTime": "23:49",
        "Duration": 1.4,
        "Cost": 171.7
    },
    {
        "TrainID": "G8587",
        "TrainType": "高铁",
        "From": "成都东站",
        "To": "重庆西站",
        "BeginTime": "20:54",
        "EndTime": "22:13",
        "Duration": 1.32,
        "Cost": 171.7
    },
    {
        "TrainID": "G8689",
        "TrainType": "高铁",
        "From": "成都东站",
        "To": "重庆西站",
        "BeginTime": "18:52",
        "EndTime": "20:12",
        "Duration": 1.45,
        "Cost": 171.7
    },
    {
        "TrainID": "G8639",
        "TrainType": "高铁",
        "From": "成都东站",
        "To": "重庆西站",
        "BeginTime": "19:31",
        "EndTime": "21:11",
        "Duration": 1.67,
        "Cost": 171.7
    },
    {
        "TrainID": "G8575",
        "TrainType": "高铁",
        "From": "成都东站",
        "To": "重庆西站",
        "BeginTime": "22:36",
        "EndTime": "23:54",
        "Duration": 1.3,
        "Cost": 171.7
    },
    {
        "TrainID": "K1258",
        "TrainType": "快速",
        "From": "成都西站",
        "To": "重庆北站",
        "BeginTime": "10:37",
        "EndTime": "14:12",
        "Duration": 3.58,
        "Cost": 105.66
    },
    {
        "TrainID": "G2851",
        "TrainType": "高铁",
        "From": "成都东站",
        "To": "重庆西站",
        "BeginTime": "14:01",
        "EndTime": "15:33",
        "Duration": 1.65,
        "Cost": 171.7
    },
    {
        "TrainID": "K144",
        "TrainType": "快速",
        "From": "成都西站",
        "To": "重庆西站",
        "BeginTime": "13:41",
        "EndTime": "17:23",
        "Duration": 3.7,
        "Cost": 105.66
    },
    {
        "TrainID": "G2233",
        "TrainType": "高铁",
        "From": "成都东站",
        "To": "重庆西站",
        "BeginTime": "20:45",
        "EndTime": "22:03",
        "Duration": 1.42,
        "Cost": 171.7
    },
    {
        "TrainID": "K1255",
        "TrainType": "快速",
        "From": "成都西站",
        "To": "重庆北站",
        "BeginTime": "10:37",
        "EndTime": "14:12",
        "Duration": 3.58,
        "Cost": 105.66
    },
    {
        "TrainID": "D3055",
        "TrainType": "动车",
        "From": "成都东站",
        "To": "重庆北站",
        "BeginTime": "06:12",
        "EndTime": "08:32",
        "Duration": 2.33,
        "Cost": 158.49
    },
    {
        "TrainID": "D635",
        "TrainType": "动车",
        "From": "成都东站",
        "To": "重庆北站",
        "BeginTime": "07:10",
        "EndTime": "09:23",
        "Duration": 2.22,
        "Cost": 158.49
    },
    {
        "TrainID": "G1838",
        "TrainType": "高铁",
        "From": "成都东站",
        "To": "重庆西站",
        "BeginTime": "21:15",
        "EndTime": "22:33",
        "Duration": 1.4,
        "Cost": 171.7
    },
    {
        "TrainID": "G1831",
        "TrainType": "高铁",
        "From": "成都东站",
        "To": "重庆西站",
        "BeginTime": "17:39",
        "EndTime": "19:18",
        "Duration": 1.72,
        "Cost": 171.7
    },
    {
        "TrainID": "G1475",
        "TrainType": "高铁",
        "From": "成都东站",
        "To": "重庆北站",
        "BeginTime": "07:13",
        "EndTime": "09:19",
        "Duration": 2.1,
        "Cost": 171.7
    },
    {
        "TrainID": "G317",
        "TrainType": "高铁",
        "From": "成都东站",
        "To": "重庆北站",
        "BeginTime": "06:53",
        "EndTime": "09:04",
        "Duration": 2.18,
        "Cost": 171.7
    },
    {
        "TrainID": "G1974",
        "TrainType": "高铁",
        "From": "成都东站",
        "To": "重庆西站",
        "BeginTime": "18:33",
        "EndTime": "19:57",
        "Duration": 1.48,
        "Cost": 171.7
    },
    {
        "TrainID": "G2370",
        "TrainType": "高铁",
        "From": "成都东站",
        "To": "重庆西站",
        "BeginTime": "06:48",
        "EndTime": "08:05",
        "Duration": 1.28,
        "Cost": 171.7
    },
    {
        "TrainID": "G3423",
        "TrainType": "高铁",
        "From": "成都东站",
        "To": "重庆北站",
        "BeginTime": "08:50",
        "EndTime": "10:32",
        "Duration": 1.7,
        "Cost": 171.7
    },
    {
        "TrainID": "G3465",
        "TrainType": "高铁",
        "From": "成都东站",
        "To": "重庆北站",
        "BeginTime": "16:36",
        "EndTime": "18:31",
        "Duration": 1.92,
        "Cost": 171.7
    },
    {
        "TrainID": "C72",
        "TrainType": "城际动车",
        "From": "成都东站",
        "To": "重庆北站",
        "BeginTime": "19:23",
        "EndTime": "22:03",
        "Duration": 2.87,
        "Cost": 118.87
    },
    {
        "TrainID": "G1982",
        "TrainType": "高铁",
        "From": "成都东站",
        "To": "重庆西站",
        "BeginTime": "08:05",
        "EndTime": "09:47",
        "Duration": 1.7,
        "Cost": 171.7
    },
    {
        "TrainID": "G8685",
        "TrainType": "高铁",
        "From": "成都东站",
        "To": "重庆北站",
        "BeginTime": "09:03",
        "EndTime": "10:57",
        "Duration": 2.0,
        "Cost": 171.7
    },
    {
        "TrainID": "G8701",
        "TrainType": "高铁",
        "From": "成都东站",
        "To": "重庆北站",
        "BeginTime": "07:30",
        "EndTime": "09:35",
        "Duration": 2.08,
        "Cost": 171.7
    },
    {
        "TrainID": "G3427",
        "TrainType": "高铁",
        "From": "成都东站",
        "To": "重庆北站",
        "BeginTime": "15:22",
        "EndTime": "16:56",
        "Duration": 1.57,
        "Cost": 171.7
    },
    {
        "TrainID": "G1758",
        "TrainType": "高铁",
        "From": "成都东站",
        "To": "重庆西站",
        "BeginTime": "07:24",
        "EndTime": "09:04",
        "Duration": 1.67,
        "Cost": 171.7
    },
    {
        "TrainID": "G333",
        "TrainType": "高铁",
        "From": "成都东站",
        "To": "重庆北站",
        "BeginTime": "08:55",
        "EndTime": "10:47",
        "Duration": 1.87,
        "Cost": 171.7
    },
    {
        "TrainID": "K874",
        "TrainType": "快速",
        "From": "成都东站",
        "To": "重庆西站",
        "BeginTime": "14:12",
        "EndTime": "17:42",
        "Duration": 3.5,
        "Cost": 105.66
    },
    {
        "TrainID": "G1830",
        "TrainType": "高铁",
        "From": "成都东站",
        "To": "重庆西站",
        "BeginTime": "17:39",
        "EndTime": "19:18",
        "Duration": 1.72,
        "Cost": 171.7
    },
    {
        "TrainID": "G1517",
        "TrainType": "高铁",
        "From": "成都东站",
        "To": "重庆西站",
        "BeginTime": "14:21",
        "EndTime": "16:07",
        "Duration": 1.87,
        "Cost": 171.7
    },
    {
        "TrainID": "G8513",
        "TrainType": "高铁",
        "From": "成都东站",
        "To": "重庆西站",
        "BeginTime": "19:55",
        "EndTime": "21:28",
        "Duration": 1.55,
        "Cost": 171.7
    },
    {
        "TrainID": "G8717",
        "TrainType": "高铁",
        "From": "成都东站",
        "To": "重庆北站",
        "BeginTime": "17:25",
        "EndTime": "18:59",
        "Duration": 1.57,
        "Cost": 171.7
    },
    {
        "TrainID": "G8766",
        "TrainType": "高铁",
        "From": "成都南站",
        "To": "重庆西站",
        "BeginTime": "10:29",
        "EndTime": "12:08",
        "Duration": 1.75,
        "Cost": 171.7
    },
    {
        "TrainID": "G3593",
        "TrainType": "高铁",
        "From": "成都东站",
        "To": "重庆西站",
        "BeginTime": "07:56",
        "EndTime": "09:20",
        "Duration": 1.58,
        "Cost": 171.7
    },
    {
        "TrainID": "G3711",
        "TrainType": "高铁",
        "From": "成都东站",
        "To": "重庆西站",
        "BeginTime": "07:08",
        "EndTime": "08:34",
        "Duration": 1.43,
        "Cost": 171.7
    },
    {
        "TrainID": "G3739",
        "TrainType": "高铁",
        "From": "成都东站",
        "To": "重庆西站",
        "BeginTime": "12:05",
        "EndTime": "13:43",
        "Duration": 1.82,
        "Cost": 171.7
    },
    {
        "TrainID": "G8665",
        "TrainType": "高铁",
        "From": "成都东站",
        "To": "重庆西站",
        "BeginTime": "15:36",
        "EndTime": "17:42",
        "Duration": 2.1,
        "Cost": 171.7
    },
    {
        "TrainID": "G2941",
        "TrainType": "高铁",
        "From": "成都东站",
        "To": "重庆西站",
        "BeginTime": "15:12",
        "EndTime": "16:29",
        "Duration": 1.28,
        "Cost": 171.7
    },
    {
        "TrainID": "G3583",
        "TrainType": "高铁",
        "From": "成都东站",
        "To": "重庆西站",
        "BeginTime": "13:56",
        "EndTime": "15:13",
        "Duration": 1.28,
        "Cost": 171.7
    },
    {
        "TrainID": "G8652",
        "TrainType": "高铁",
        "From": "成都南站",
        "To": "重庆北站",
        "BeginTime": "09:09",
        "EndTime": "11:01",
        "Duration": 1.98,
        "Cost": 171.7
    },
    {
        "TrainID": "D50",
        "TrainType": "动车",
        "From": "成都东站",
        "To": "重庆北站",
        "BeginTime": "13:00",
        "EndTime": "15:40",
        "Duration": 2.67,
        "Cost": 158.49
    },
    {
        "TrainID": "G8748",
        "TrainType": "高铁",
        "From": "成都南站",
        "To": "重庆西站",
        "BeginTime": "16:51",
        "EndTime": "18:44",
        "Duration": 2.07,
        "Cost": 171.7
    },
    {
        "TrainID": "D1828",
        "TrainType": "动车",
        "From": "成都东站",
        "To": "重庆西站",
        "BeginTime": "10:11",
        "EndTime": "12:15",
        "Duration": 2.07,
        "Cost": 158.49
    },
    {
        "TrainID": "G3585",
        "TrainType": "高铁",
        "From": "成都东站",
        "To": "重庆西站",
        "BeginTime": "17:44",
        "EndTime": "19:01",
        "Duration": 1.28,
        "Cost": 171.7
    },
    {
        "TrainID": "Z588",
        "TrainType": "直达特快",
        "From": "成都西站",
        "To": "重庆北站",
        "BeginTime": "20:38",
        "EndTime": "23:32",
        "Duration": 2.9,
        "Cost": 132.08
    },
    {
        "TrainID": "G3581",
        "TrainType": "高铁",
        "From": "成都东站",
        "To": "重庆西站",
        "BeginTime": "09:47",
        "EndTime": "11:26",
        "Duration": 1.65,
        "Cost": 171.7
    },
    {
        "TrainID": "D5110",
        "TrainType": "动车",
        "From": "成都南站",
        "To": "重庆北站",
        "BeginTime": "16:41",
        "EndTime": "19:29",
        "Duration": 2.88,
        "Cost": 158.49
    },
    {
        "TrainID": "G8573",
        "TrainType": "高铁",
        "From": "成都东站",
        "To": "重庆西站",
        "BeginTime": "11:28",
        "EndTime": "12:46",
        "Duration": 1.3,
        "Cost": 171.7
    },
    {
        "TrainID": "G8647",
        "TrainType": "高铁",
        "From": "成都东站",
        "To": "重庆西站",
        "BeginTime": "16:41",
        "EndTime": "18:14",
        "Duration": 1.55,
        "Cost": 171.7
    },
    {
        "TrainID": "G8571",
        "TrainType": "高铁",
        "From": "成都东站",
        "To": "重庆西站",
        "BeginTime": "18:13",
        "EndTime": "19:44",
        "Duration": 1.52,
        "Cost": 171.7
    },
    {
        "TrainID": "G8745",
        "TrainType": "高铁",
        "From": "成都南站",
        "To": "重庆西站",
        "BeginTime": "16:51",
        "EndTime": "18:44",
        "Duration": 2.07,
        "Cost": 171.7
    }
]