[
    {
        "TrainID": "G16",
        "TrainType": "高铁",
        "From": "苏州北站",
        "To": "南京南站",
        "BeginTime": "13:22",
        "EndTime": "14:06",
        "Duration": 0.77,
        "Cost": 122.9
    },
    {
        "TrainID": "G128",
        "TrainType": "高铁",
        "From": "苏州北站",
        "To": "南京南站",
        "BeginTime": "11:45",
        "EndTime": "12:40",
        "Duration": 0.95,
        "Cost": 122.9
    },
    {
        "TrainID": "G158",
        "TrainType": "高铁",
        "From": "苏州北站",
        "To": "南京南站",
        "BeginTime": "17:45",
        "EndTime": "18:43",
        "Duration": 1.0,
        "Cost": 122.9
    },
    {
        "TrainID": "G4",
        "TrainType": "高铁",
        "From": "苏州北站",
        "To": "南京南站",
        "BeginTime": "07:24",
        "EndTime": "08:15",
        "Duration": 0.85,
        "Cost": 122.9
    },
    {
        "TrainID": "G24",
        "TrainType": "高铁",
        "From": "苏州北站",
        "To": "南京南站",
        "BeginTime": "17:23",
        "EndTime": "18:07",
        "Duration": 0.77,
        "Cost": 122.9
    },
    {
        "TrainID": "G112",
        "TrainType": "高铁",
        "From": "苏州北站",
        "To": "南京南站",
        "BeginTime": "08:31",
        "EndTime": "09:26",
        "Duration": 0.95,
        "Cost": 122.9
    },
    {
        "TrainID": "G116",
        "TrainType": "高铁",
        "From": "苏州北站",
        "To": "南京南站",
        "BeginTime": "09:53",
        "EndTime": "10:49",
        "Duration": 0.97,
        "Cost": 122.9
    },
    {
        "TrainID": "G118",
        "TrainType": "高铁",
        "From": "苏州北站",
        "To": "南京南站",
        "BeginTime": "10:08",
        "EndTime": "11:21",
        "Duration": 1.25,
        "Cost": 122.9
    },
    {
        "TrainID": "G124",
        "TrainType": "高铁",
        "From": "苏州北站",
        "To": "南京南站",
        "BeginTime": "11:09",
        "EndTime": "12:07",
        "Duration": 1.0,
        "Cost": 122.9
    },
    {
        "TrainID": "G130",
        "TrainType": "高铁",
        "From": "苏州北站",
        "To": "南京南站",
        "BeginTime": "12:41",
        "EndTime": "13:44",
        "Duration": 1.08,
        "Cost": 122.9
    },
    {
        "TrainID": "G132",
        "TrainType": "高铁",
        "From": "苏州北站",
        "To": "南京南站",
        "BeginTime": "12:46",
        "EndTime": "13:48",
        "Duration": 1.07,
        "Cost": 122.9
    },
    {
        "TrainID": "G142",
        "TrainType": "高铁",
        "From": "苏州北站",
        "To": "南京南站",
        "BeginTime": "14:47",
        "EndTime": "15:35",
        "Duration": 0.93,
        "Cost": 122.9
    },
    {
        "TrainID": "G150",
        "TrainType": "高铁",
        "From": "苏州北站",
        "To": "南京南站",
        "BeginTime": "16:29",
        "EndTime": "17:24",
        "Duration": 0.95,
        "Cost": 122.9
    },
    {
        "TrainID": "G156",
        "TrainType": "高铁",
        "From": "苏州北站",
        "To": "南京南站",
        "BeginTime": "17:41",
        "EndTime": "18:29",
        "Duration": 0.83,
        "Cost": 122.9
    },
    {
        "TrainID": "G160",
        "TrainType": "高铁",
        "From": "苏州北站",
        "To": "南京南站",
        "BeginTime": "18:06",
        "EndTime": "18:55",
        "Duration": 0.85,
        "Cost": 122.9
    },
    {
        "TrainID": "1462",
        "TrainType": "快速",
        "From": "苏州站",
        "To": "南京站",
        "BeginTime": "13:25",
        "EndTime": "15:58",
        "Duration": 2.63,
        "Cost": null
    },
    {
        "TrainID": "T110",
        "TrainType": "特快",
        "From": "苏州站",
        "To": "南京站",
        "BeginTime": "17:25",
        "EndTime": "19:58",
        "Duration": 2.63,
        "Cost": 94.54
    },
    {
        "TrainID": "Z283",
        "TrainType": "直达特快",
        "From": "苏州站",
        "To": "南京站",
        "BeginTime": "20:47",
        "EndTime": "22:44",
        "Duration": 2.02,
        "Cost": 94.54
    },
    {
        "TrainID": "D3057",
        "TrainType": "动车",
        "From": "苏州园区站",
        "To": "南京南站",
        "BeginTime": "07:57",
        "EndTime": "09:37",
        "Duration": 1.7,
        "Cost": 113.45
    },
    {
        "TrainID": "D353",
        "TrainType": "动车",
        "From": "苏州站",
        "To": "南京南站",
        "BeginTime": "06:49",
        "EndTime": "08:30",
        "Duration": 1.72,
        "Cost": 113.45
    },
    {
        "TrainID": "D637",
        "TrainType": "动车",
        "From": "苏州新区站",
        "To": "南京南站",
        "BeginTime": "07:11",
        "EndTime": "08:46",
        "Duration": 1.62,
        "Cost": 113.45
    },
    {
        "TrainID": "D3073",
        "TrainType": "动车",
        "From": "苏州站",
        "To": "南京南站",
        "BeginTime": "07:39",
        "EndTime": "09:11",
        "Duration": 1.57,
        "Cost": 113.45
    },
    {
        "TrainID": "G1476",
        "TrainType": "高铁",
        "From": "苏州北站",
        "To": "南京南站",
        "BeginTime": "10:20",
        "EndTime": "11:29",
        "Duration": 1.25,
        "Cost": 122.9
    },
    {
        "TrainID": "D2213",
        "TrainType": "动车",
        "From": "苏州站",
        "To": "南京南站",
        "BeginTime": "08:22",
        "EndTime": "10:17",
        "Duration": 1.95,
        "Cost": 113.45
    },
    {
        "TrainID": "T237",
        "TrainType": "特快",
        "From": "苏州站",
        "To": "南京站",
        "BeginTime": "11:40",
        "EndTime": "13:57",
        "Duration": 2.38,
        "Cost": 94.54
    },
    {
        "TrainID": "G1975",
        "TrainType": "高铁",
        "From": "苏州北站",
        "To": "南京南站",
        "BeginTime": "07:44",
        "EndTime": "08:40",
        "Duration": 0.98,
        "Cost": 122.9
    },
    {
        "TrainID": "Z40",
        "TrainType": "直达特快",
        "From": "苏州站",
        "To": "南京站",
        "BeginTime": "17:39",
        "EndTime": "19:47",
        "Duration": 2.18,
        "Cost": 94.54
    },
    {
        "TrainID": "G222",
        "TrainType": "高铁",
        "From": "苏州北站",
        "To": "南京南站",
        "BeginTime": "07:35",
        "EndTime": "08:26",
        "Duration": 0.88,
        "Cost": 122.9
    },
    {
        "TrainID": "K152",
        "TrainType": "快速",
        "From": "苏州站",
        "To": "南京站",
        "BeginTime": "23:01",
        "EndTime": "01:21",
        "Duration": 2.4,
        "Cost": 75.63
    },
    {
        "TrainID": "K188",
        "TrainType": "快速",
        "From": "苏州站",
        "To": "南京站",
        "BeginTime": "21:07",
        "EndTime": "23:40",
        "Duration": 2.63,
        "Cost": 75.63
    },
    {
        "TrainID": "K234",
        "TrainType": "快速",
        "From": "苏州站",
        "To": "南京站",
        "BeginTime": "12:21",
        "EndTime": "15:00",
        "Duration": 2.72,
        "Cost": 75.63
    },
    {
        "TrainID": "K282",
        "TrainType": "快速",
        "From": "苏州站",
        "To": "南京站",
        "BeginTime": "21:43",
        "EndTime": "00:46",
        "Duration": 3.12,
        "Cost": 75.63
    },
    {
        "TrainID": "K360",
        "TrainType": "快速",
        "From": "苏州站",
        "To": "南京站",
        "BeginTime": "10:27",
        "EndTime": "13:08",
        "Duration": 2.75,
        "Cost": 75.63
    },
    {
        "TrainID": "K464",
        "TrainType": "快速",
        "From": "苏州站",
        "To": "南京站",
        "BeginTime": "15:57",
        "EndTime": "19:09",
        "Duration": 3.25,
        "Cost": 75.63
    },
    {
        "TrainID": "K560",
        "TrainType": "快速",
        "From": "苏州站",
        "To": "南京站",
        "BeginTime": "16:57",
        "EndTime": "19:32",
        "Duration": 2.65,
        "Cost": 75.63
    },
    {
        "TrainID": "K738",
        "TrainType": "快速",
        "From": "苏州站",
        "To": "南京站",
        "BeginTime": "13:50",
        "EndTime": "17:09",
        "Duration": 3.42,
        "Cost": 75.63
    },
    {
        "TrainID": "K850",
        "TrainType": "快速",
        "From": "苏州站",
        "To": "南京站",
        "BeginTime": "00:30",
        "EndTime": "04:34",
        "Duration": 4.15,
        "Cost": 75.63
    },
    {
        "TrainID": "T116",
        "TrainType": "特快",
        "From": "苏州站",
        "To": "南京站",
        "BeginTime": "16:31",
        "EndTime": "18:48",
        "Duration": 2.35,
        "Cost": 94.54
    },
    {
        "TrainID": "Z164",
        "TrainType": "直达特快",
        "From": "苏州站",
        "To": "南京站",
        "BeginTime": "19:24",
        "EndTime": "21:13",
        "Duration": 1.87,
        "Cost": 94.54
    },
    {
        "TrainID": "Z172",
        "TrainType": "直达特快",
        "From": "苏州站",
        "To": "南京站",
        "BeginTime": "20:26",
        "EndTime": "22:20",
        "Duration": 1.98,
        "Cost": 94.54
    },
    {
        "TrainID": "Z268",
        "TrainType": "直达特快",
        "From": "苏州站",
        "To": "南京站",
        "BeginTime": "15:41",
        "EndTime": "17:43",
        "Duration": 2.1,
        "Cost": 94.54
    },
    {
        "TrainID": "Z376",
        "TrainType": "直达特快",
        "From": "苏州站",
        "To": "南京站",
        "BeginTime": "14:46",
        "EndTime": "16:52",
        "Duration": 2.18,
        "Cost": 94.54
    },
    {
        "TrainID": "G1468",
        "TrainType": "高铁",
        "From": "苏州站",
        "To": "南京南站",
        "BeginTime": "08:12",
        "EndTime": "09:44",
        "Duration": 1.57,
        "Cost": 122.9
    },
    {
        "TrainID": "G2784",
        "TrainType": "高铁",
        "From": "苏州站",
        "To": "南京南站",
        "BeginTime": "07:34",
        "EndTime": "09:04",
        "Duration": 1.53,
        "Cost": 122.9
    },
    {
        "TrainID": "G2788",
        "TrainType": "高铁",
        "From": "苏州站",
        "To": "南京南站",
        "BeginTime": "13:18",
        "EndTime": "14:50",
        "Duration": 1.57,
        "Cost": 122.9
    },
    {
        "TrainID": "G3120",
        "TrainType": "高铁",
        "From": "苏州站",
        "To": "南京南站",
        "BeginTime": "14:23",
        "EndTime": "15:52",
        "Duration": 1.52,
        "Cost": 122.9
    },
    {
        "TrainID": "G7002",
        "TrainType": "高铁",
        "From": "苏州站",
        "To": "南京站",
        "BeginTime": "07:23",
        "EndTime": "08:42",
        "Duration": 1.35,
        "Cost": 122.9
    },
    {
        "TrainID": "G7004",
        "TrainType": "高铁",
        "From": "苏州站",
        "To": "南京站",
        "BeginTime": "08:27",
        "EndTime": "09:40",
        "Duration": 1.25,
        "Cost": 122.9
    },
    {
        "TrainID": "G7006",
        "TrainType": "高铁",
        "From": "苏州站",
        "To": "南京站",
        "BeginTime": "09:27",
        "EndTime": "10:41",
        "Duration": 1.27,
        "Cost": 122.9
    },
    {
        "TrainID": "G7008",
        "TrainType": "高铁",
        "From": "苏州站",
        "To": "南京站",
        "BeginTime": "10:27",
        "EndTime": "11:40",
        "Duration": 1.25,
        "Cost": 122.9
    },
    {
        "TrainID": "G7010",
        "TrainType": "高铁",
        "From": "苏州站",
        "To": "南京站",
        "BeginTime": "11:27",
        "EndTime": "12:39",
        "Duration": 1.23,
        "Cost": 122.9
    },
    {
        "TrainID": "G7012",
        "TrainType": "高铁",
        "From": "苏州站",
        "To": "南京站",
        "BeginTime": "12:32",
        "EndTime": "13:45",
        "Duration": 1.25,
        "Cost": 122.9
    },
    {
        "TrainID": "G7014",
        "TrainType": "高铁",
        "From": "苏州站",
        "To": "南京站",
        "BeginTime": "13:27",
        "EndTime": "14:39",
        "Duration": 1.23,
        "Cost": 122.9
    },
    {
        "TrainID": "G7016",
        "TrainType": "高铁",
        "From": "苏州站",
        "To": "南京站",
        "BeginTime": "14:28",
        "EndTime": "15:41",
        "Duration": 1.25,
        "Cost": 122.9
    },
    {
        "TrainID": "G7018",
        "TrainType": "高铁",
        "From": "苏州站",
        "To": "南京站",
        "BeginTime": "15:27",
        "EndTime": "16:45",
        "Duration": 1.33,
        "Cost": 122.9
    },
    {
        "TrainID": "G7020",
        "TrainType": "高铁",
        "From": "苏州站",
        "To": "南京站",
        "BeginTime": "16:27",
        "EndTime": "17:39",
        "Duration": 1.23,
        "Cost": 122.9
    },
    {
        "TrainID": "G7022",
        "TrainType": "高铁",
        "From": "苏州站",
        "To": "南京站",
        "BeginTime": "17:27",
        "EndTime": "18:39",
        "Duration": 1.23,
        "Cost": 122.9
    },
    {
        "TrainID": "G7024",
        "TrainType": "高铁",
        "From": "苏州站",
        "To": "南京站",
        "BeginTime": "18:27",
        "EndTime": "19:46",
        "Duration": 1.35,
        "Cost": 122.9
    },
    {
        "TrainID": "G7026",
        "TrainType": "高铁",
        "From": "苏州站",
        "To": "南京站",
        "BeginTime": "19:28",
        "EndTime": "20:49",
        "Duration": 1.38,
        "Cost": 122.9
    },
    {
        "TrainID": "G7028",
        "TrainType": "高铁",
        "From": "苏州站",
        "To": "南京站",
        "BeginTime": "20:27",
        "EndTime": "21:46",
        "Duration": 1.35,
        "Cost": 122.9
    },
    {
        "TrainID": "G7030",
        "TrainType": "高铁",
        "From": "苏州站",
        "To": "南京站",
        "BeginTime": "21:12",
        "EndTime": "22:34",
        "Duration": 1.4,
        "Cost": 122.9
    },
    {
        "TrainID": "G7040",
        "TrainType": "高铁",
        "From": "苏州站",
        "To": "南京站",
        "BeginTime": "10:15",
        "EndTime": "11:45",
        "Duration": 1.53,
        "Cost": 122.9
    },
    {
        "TrainID": "G7050",
        "TrainType": "高铁",
        "From": "苏州园区站",
        "To": "南京站",
        "BeginTime": "14:59",
        "EndTime": "16:29",
        "Duration": 1.53,
        "Cost": 122.9
    },
    {
        "TrainID": "G7052",
        "TrainType": "高铁",
        "From": "苏州园区站",
        "To": "南京站",
        "BeginTime": "16:13",
        "EndTime": "17:34",
        "Duration": 1.38,
        "Cost": 122.9
    },
    {
        "TrainID": "G7054",
        "TrainType": "高铁",
        "From": "苏州站",
        "To": "南京站",
        "BeginTime": "16:48",
        "EndTime": "18:16",
        "Duration": 1.5,
        "Cost": 122.9
    },
    {
        "TrainID": "G7056",
        "TrainType": "高铁",
        "From": "苏州站",
        "To": "南京站",
        "BeginTime": "18:15",
        "EndTime": "19:37",
        "Duration": 1.4,
        "Cost": 122.9
    },
    {
        "TrainID": "G7058",
        "TrainType": "高铁",
        "From": "苏州园区站",
        "To": "南京站",
        "BeginTime": "18:47",
        "EndTime": "20:21",
        "Duration": 1.6,
        "Cost": 122.9
    },
    {
        "TrainID": "G7060",
        "TrainType": "高铁",
        "From": "苏州园区站",
        "To": "南京南站",
        "BeginTime": "11:07",
        "EndTime": "12:42",
        "Duration": 1.62,
        "Cost": 122.9
    },
    {
        "TrainID": "G7064",
        "TrainType": "高铁",
        "From": "苏州站",
        "To": "南京站",
        "BeginTime": "21:00",
        "EndTime": "22:19",
        "Duration": 1.35,
        "Cost": 122.9
    },
    {
        "TrainID": "G7066",
        "TrainType": "高铁",
        "From": "苏州站",
        "To": "南京站",
        "BeginTime": "20:51",
        "EndTime": "22:09",
        "Duration": 1.33,
        "Cost": 122.9
    },
    {
        "TrainID": "G7070",
        "TrainType": "高铁",
        "From": "苏州园区站",
        "To": "南京南站",
        "BeginTime": "21:20",
        "EndTime": "22:48",
        "Duration": 1.5,
        "Cost": 122.9
    },
    {
        "TrainID": "G7076",
        "TrainType": "高铁",
        "From": "苏州站",
        "To": "南京南站",
        "BeginTime": "17:15",
        "EndTime": "18:35",
        "Duration": 1.37,
        "Cost": 122.9
    },
    {
        "TrainID": "G7080",
        "TrainType": "高铁",
        "From": "苏州站",
        "To": "南京南站",
        "BeginTime": "06:54",
        "EndTime": "08:33",
        "Duration": 1.68,
        "Cost": 122.9
    },
    {
        "TrainID": "G7084",
        "TrainType": "高铁",
        "From": "苏州站",
        "To": "南京南站",
        "BeginTime": "09:16",
        "EndTime": "10:37",
        "Duration": 1.38,
        "Cost": 122.9
    },
    {
        "TrainID": "G7098",
        "TrainType": "高铁",
        "From": "苏州站",
        "To": "南京站",
        "BeginTime": "21:39",
        "EndTime": "22:59",
        "Duration": 1.37,
        "Cost": 122.9
    },
    {
        "TrainID": "G7222",
        "TrainType": "高铁",
        "From": "苏州站",
        "To": "南京南站",
        "BeginTime": "17:32",
        "EndTime": "18:52",
        "Duration": 1.37,
        "Cost": 122.9
    },
    {
        "TrainID": "G7226",
        "TrainType": "高铁",
        "From": "苏州站",
        "To": "南京南站",
        "BeginTime": "19:52",
        "EndTime": "21:12",
        "Duration": 1.37,
        "Cost": 122.9
    },
    {
        "TrainID": "G7232",
        "TrainType": "高铁",
        "From": "苏州站",
        "To": "南京南站",
        "BeginTime": "08:49",
        "EndTime": "10:26",
        "Duration": 1.65,
        "Cost": 122.9
    },
    {
        "TrainID": "G7236",
        "TrainType": "高铁",
        "From": "苏州站",
        "To": "南京南站",
        "BeginTime": "11:01",
        "EndTime": "12:38",
        "Duration": 1.65,
        "Cost": 122.9
    },
    {
        "TrainID": "G7240",
        "TrainType": "高铁",
        "From": "苏州站",
        "To": "南京南站",
        "BeginTime": "11:32",
        "EndTime": "12:57",
        "Duration": 1.45,
        "Cost": 122.9
    },
    {
        "TrainID": "G7244",
        "TrainType": "高铁",
        "From": "苏州站",
        "To": "南京南站",
        "BeginTime": "12:27",
        "EndTime": "13:40",
        "Duration": 1.25,
        "Cost": 122.9
    },
    {
        "TrainID": "G7248",
        "TrainType": "高铁",
        "From": "苏州站",
        "To": "南京南站",
        "BeginTime": "13:41",
        "EndTime": "15:10",
        "Duration": 1.52,
        "Cost": 122.9
    },
    {
        "TrainID": "G7260",
        "TrainType": "高铁",
        "From": "苏州站",
        "To": "南京南站",
        "BeginTime": "19:16",
        "EndTime": "21:05",
        "Duration": 1.9,
        "Cost": 122.9
    },
    {
        "TrainID": "G7264",
        "TrainType": "高铁",
        "From": "苏州站",
        "To": "南京南站",
        "BeginTime": "11:47",
        "EndTime": "13:06",
        "Duration": 1.35,
        "Cost": 122.9
    },
    {
        "TrainID": "G7268",
        "TrainType": "高铁",
        "From": "苏州站",
        "To": "南京南站",
        "BeginTime": "08:39",
        "EndTime": "09:58",
        "Duration": 1.35,
        "Cost": 122.9
    },
    {
        "TrainID": "G7282",
        "TrainType": "高铁",
        "From": "苏州园区站",
        "To": "南京南站",
        "BeginTime": "11:59",
        "EndTime": "13:29",
        "Duration": 1.53,
        "Cost": 122.9
    },
    {
        "TrainID": "G7292",
        "TrainType": "高铁",
        "From": "苏州北站",
        "To": "南京南站",
        "BeginTime": "18:19",
        "EndTime": "19:22",
        "Duration": 1.13,
        "Cost": 122.9
    },
    {
        "TrainID": "G7296",
        "TrainType": "高铁",
        "From": "苏州北站",
        "To": "南京南站",
        "BeginTime": "13:07",
        "EndTime": "14:12",
        "Duration": 1.12,
        "Cost": 122.9
    },
    {
        "TrainID": "G7300",
        "TrainType": "高铁",
        "From": "苏州北站",
        "To": "南京南站",
        "BeginTime": "20:32",
        "EndTime": "21:35",
        "Duration": 1.08,
        "Cost": 122.9
    },
    {
        "TrainID": "G7768",
        "TrainType": "高铁",
        "From": "苏州站",
        "To": "南京南站",
        "BeginTime": "12:37",
        "EndTime": "13:56",
        "Duration": 1.35,
        "Cost": 122.9
    },
    {
        "TrainID": "G7772",
        "TrainType": "高铁",
        "From": "苏州站",
        "To": "南京南站",
        "BeginTime": "14:18",
        "EndTime": "15:39",
        "Duration": 1.38,
        "Cost": 122.9
    },
    {
        "TrainID": "K1048",
        "TrainType": "快速",
        "From": "苏州站",
        "To": "南京站",
        "BeginTime": "23:21",
        "EndTime": "02:08",
        "Duration": 2.85,
        "Cost": 75.63
    },
    {
        "TrainID": "K1102",
        "TrainType": "快速",
        "From": "苏州站",
        "To": "南京站",
        "BeginTime": "15:09",
        "EndTime": "18:09",
        "Duration": 3.27,
        "Cost": 75.63
    },
    {
        "TrainID": "K1156",
        "TrainType": "快速",
        "From": "苏州站",
        "To": "南京站",
        "BeginTime": "12:13",
        "EndTime": "15:06",
        "Duration": 3.1,
        "Cost": 75.63
    },
    {
        "TrainID": "K1506",
        "TrainType": "快速",
        "From": "苏州站",
        "To": "南京站",
        "BeginTime": "00:44",
        "EndTime": "03:26",
        "Duration": 2.77,
        "Cost": 75.63
    },
    {
        "TrainID": "K1556",
        "TrainType": "快速",
        "From": "苏州站",
        "To": "南京站",
        "BeginTime": "11:21",
        "EndTime": "14:24",
        "Duration": 3.12,
        "Cost": 75.63
    },
    {
        "TrainID": "K2186",
        "TrainType": "快速",
        "From": "苏州站",
        "To": "南京站",
        "BeginTime": "10:04",
        "EndTime": "12:39",
        "Duration": 2.65,
        "Cost": 75.63
    },
    {
        "TrainID": "K8362",
        "TrainType": "快速",
        "From": "苏州站",
        "To": "南京站",
        "BeginTime": "00:37",
        "EndTime": "03:05",
        "Duration": 2.55,
        "Cost": 75.63
    },
    {
        "TrainID": "K8366",
        "TrainType": "快速",
        "From": "苏州站",
        "To": "南京站",
        "BeginTime": "23:39",
        "EndTime": "02:23",
        "Duration": 2.82,
        "Cost": 75.63
    },
    {
        "TrainID": "K8482",
        "TrainType": "快速",
        "From": "苏州站",
        "To": "南京站",
        "BeginTime": "23:07",
        "EndTime": "01:27",
        "Duration": 2.38,
        "Cost": 75.63
    },
    {
        "TrainID": "D3022",
        "TrainType": "动车",
        "From": "苏州站",
        "To": "南京南站",
        "BeginTime": "09:46",
        "EndTime": "11:42",
        "Duration": 1.97,
        "Cost": 113.45
    },
    {
        "TrainID": "D3060",
        "TrainType": "动车",
        "From": "苏州站",
        "To": "南京南站",
        "BeginTime": "10:22",
        "EndTime": "11:56",
        "Duration": 1.6,
        "Cost": 113.45
    },
    {
        "TrainID": "D3068",
        "TrainType": "动车",
        "From": "苏州站",
        "To": "南京南站",
        "BeginTime": "10:44",
        "EndTime": "12:30",
        "Duration": 1.8,
        "Cost": 113.45
    },
    {
        "TrainID": "K48",
        "TrainType": "快速",
        "From": "苏州站",
        "To": "南京站",
        "BeginTime": "17:58",
        "EndTime": "21:48",
        "Duration": 3.9,
        "Cost": 75.63
    },
    {
        "TrainID": "K1806",
        "TrainType": "快速",
        "From": "苏州站",
        "To": "南京站",
        "BeginTime": "15:51",
        "EndTime": "18:17",
        "Duration": 2.48,
        "Cost": 75.63
    },
    {
        "TrainID": "K336",
        "TrainType": "快速",
        "From": "苏州站",
        "To": "南京站",
        "BeginTime": "22:54",
        "EndTime": "01:15",
        "Duration": 2.43,
        "Cost": 75.63
    },
    {
        "TrainID": "T136",
        "TrainType": "特快",
        "From": "苏州站",
        "To": "南京站",
        "BeginTime": "00:02",
        "EndTime": "02:15",
        "Duration": 2.27,
        "Cost": 94.54
    },
    {
        "TrainID": "D3136",
        "TrainType": "动车",
        "From": "苏州园区站",
        "To": "南京南站",
        "BeginTime": "18:38",
        "EndTime": "20:19",
        "Duration": 1.87,
        "Cost": 113.45
    },
    {
        "TrainID": "D3142",
        "TrainType": "动车",
        "From": "苏州站",
        "To": "南京南站",
        "BeginTime": "16:38",
        "EndTime": "18:08",
        "Duration": 1.53,
        "Cost": 113.45
    },
    {
        "TrainID": "G7192",
        "TrainType": "高铁",
        "From": "苏州北站",
        "To": "南京南站",
        "BeginTime": "18:29",
        "EndTime": "19:46",
        "Duration": 1.32,
        "Cost": 122.9
    },
    {
        "TrainID": "G7314",
        "TrainType": "高铁",
        "From": "苏州站",
        "To": "南京南站",
        "BeginTime": "21:07",
        "EndTime": "22:37",
        "Duration": 1.53,
        "Cost": 122.9
    },
    {
        "TrainID": "G7372",
        "TrainType": "高铁",
        "From": "苏州园区站",
        "To": "南京南站",
        "BeginTime": "09:57",
        "EndTime": "11:30",
        "Duration": 1.67,
        "Cost": 122.9
    },
    {
        "TrainID": "G7376",
        "TrainType": "高铁",
        "From": "苏州园区站",
        "To": "南京南站",
        "BeginTime": "17:02",
        "EndTime": "18:31",
        "Duration": 1.52,
        "Cost": 122.9
    },
    {
        "TrainID": "G7492",
        "TrainType": "高铁",
        "From": "苏州站",
        "To": "南京南站",
        "BeginTime": "09:38",
        "EndTime": "11:10",
        "Duration": 1.57,
        "Cost": 122.9
    },
    {
        "TrainID": "G7764",
        "TrainType": "高铁",
        "From": "苏州北站",
        "To": "南京南站",
        "BeginTime": "11:04",
        "EndTime": "12:11",
        "Duration": 1.15,
        "Cost": 122.9
    },
    {
        "TrainID": "G7310",
        "TrainType": "高铁",
        "From": "苏州站",
        "To": "南京南站",
        "BeginTime": "19:38",
        "EndTime": "20:59",
        "Duration": 1.38,
        "Cost": 122.9
    },
    {
        "TrainID": "G1866",
        "TrainType": "高铁",
        "From": "苏州北站",
        "To": "南京南站",
        "BeginTime": "09:21",
        "EndTime": "10:25",
        "Duration": 1.27,
        "Cost": 122.9
    },
    {
        "TrainID": "G7520",
        "TrainType": "高铁",
        "From": "苏州站",
        "To": "南京站",
        "BeginTime": "19:08",
        "EndTime": "20:27",
        "Duration": 1.35,
        "Cost": 122.9
    },
    {
        "TrainID": "G1228",
        "TrainType": "高铁",
        "From": "苏州北站",
        "To": "南京南站",
        "BeginTime": "12:00",
        "EndTime": "12:48",
        "Duration": 0.83,
        "Cost": 122.9
    },
    {
        "TrainID": "G7350",
        "TrainType": "高铁",
        "From": "苏州站",
        "To": "南京南站",
        "BeginTime": "22:09",
        "EndTime": "23:24",
        "Duration": 1.28,
        "Cost": 122.9
    },
    {
        "TrainID": "G7432",
        "TrainType": "高铁",
        "From": "苏州北站",
        "To": "南京南站",
        "BeginTime": "19:47",
        "EndTime": "21:03",
        "Duration": 1.3,
        "Cost": 122.9
    },
    {
        "TrainID": "G7566",
        "TrainType": "高铁",
        "From": "苏州北站",
        "To": "南京南站",
        "BeginTime": "20:45",
        "EndTime": "21:43",
        "Duration": 1.0,
        "Cost": 122.9
    },
    {
        "TrainID": "G7572",
        "TrainType": "高铁",
        "From": "苏州站",
        "To": "南京南站",
        "BeginTime": "11:42",
        "EndTime": "13:11",
        "Duration": 1.52,
        "Cost": 122.9
    },
    {
        "TrainID": "G7588",
        "TrainType": "高铁",
        "From": "苏州站",
        "To": "南京站",
        "BeginTime": "20:37",
        "EndTime": "22:00",
        "Duration": 1.42,
        "Cost": 122.9
    },
    {
        "TrainID": "G7592",
        "TrainType": "高铁",
        "From": "苏州站",
        "To": "南京南站",
        "BeginTime": "16:58",
        "EndTime": "18:26",
        "Duration": 1.5,
        "Cost": 122.9
    },
    {
        "TrainID": "G7792",
        "TrainType": "高铁",
        "From": "苏州北站",
        "To": "南京南站",
        "BeginTime": "19:01",
        "EndTime": "20:07",
        "Duration": 1.13,
        "Cost": 122.9
    },
    {
        "TrainID": "G264",
        "TrainType": "高铁",
        "From": "苏州北站",
        "To": "南京南站",
        "BeginTime": "15:32",
        "EndTime": "16:28",
        "Duration": 0.97,
        "Cost": 122.9
    },
    {
        "TrainID": "G268",
        "TrainType": "高铁",
        "From": "苏州北站",
        "To": "南京南站",
        "BeginTime": "17:04",
        "EndTime": "18:02",
        "Duration": 1.0,
        "Cost": 122.9
    },
    {
        "TrainID": "G298",
        "TrainType": "高铁",
        "From": "苏州北站",
        "To": "南京南站",
        "BeginTime": "18:34",
        "EndTime": "19:31",
        "Duration": 0.98,
        "Cost": 122.9
    },
    {
        "TrainID": "G378",
        "TrainType": "高铁",
        "From": "苏州北站",
        "To": "南京南站",
        "BeginTime": "09:49",
        "EndTime": "10:45",
        "Duration": 0.97,
        "Cost": 122.9
    },
    {
        "TrainID": "G380",
        "TrainType": "高铁",
        "From": "苏州北站",
        "To": "南京南站",
        "BeginTime": "14:53",
        "EndTime": "15:48",
        "Duration": 0.95,
        "Cost": 122.9
    },
    {
        "TrainID": "G586",
        "TrainType": "高铁",
        "From": "苏州北站",
        "To": "南京南站",
        "BeginTime": "08:51",
        "EndTime": "10:06",
        "Duration": 1.3,
        "Cost": 122.9
    },
    {
        "TrainID": "G676",
        "TrainType": "高铁",
        "From": "苏州北站",
        "To": "南京南站",
        "BeginTime": "09:03",
        "EndTime": "10:23",
        "Duration": 1.37,
        "Cost": 122.9
    },
    {
        "TrainID": "D3006",
        "TrainType": "动车",
        "From": "苏州站",
        "To": "南京南站",
        "BeginTime": "14:33",
        "EndTime": "16:03",
        "Duration": 1.53,
        "Cost": 113.45
    },
    {
        "TrainID": "D3010",
        "TrainType": "动车",
        "From": "苏州站",
        "To": "南京南站",
        "BeginTime": "15:17",
        "EndTime": "16:42",
        "Duration": 1.45,
        "Cost": 113.45
    },
    {
        "TrainID": "D3014",
        "TrainType": "动车",
        "From": "苏州站",
        "To": "南京南站",
        "BeginTime": "16:43",
        "EndTime": "18:20",
        "Duration": 1.65,
        "Cost": 113.45
    },
    {
        "TrainID": "D3026",
        "TrainType": "动车",
        "From": "苏州园区站",
        "To": "南京南站",
        "BeginTime": "13:54",
        "EndTime": "15:45",
        "Duration": 1.88,
        "Cost": 113.45
    },
    {
        "TrainID": "D3032",
        "TrainType": "动车",
        "From": "苏州站",
        "To": "南京南站",
        "BeginTime": "15:52",
        "EndTime": "17:19",
        "Duration": 1.48,
        "Cost": 113.45
    },
    {
        "TrainID": "D3042",
        "TrainType": "动车",
        "From": "苏州站",
        "To": "南京南站",
        "BeginTime": "17:22",
        "EndTime": "19:06",
        "Duration": 1.77,
        "Cost": 113.45
    },
    {
        "TrainID": "D3046",
        "TrainType": "动车",
        "From": "苏州站",
        "To": "南京南站",
        "BeginTime": "18:22",
        "EndTime": "20:10",
        "Duration": 1.83,
        "Cost": 113.45
    },
    {
        "TrainID": "G1204",
        "TrainType": "高铁",
        "From": "苏州北站",
        "To": "南京南站",
        "BeginTime": "09:58",
        "EndTime": "11:04",
        "Duration": 1.13,
        "Cost": 122.9
    },
    {
        "TrainID": "G1232",
        "TrainType": "高铁",
        "From": "苏州北站",
        "To": "南京南站",
        "BeginTime": "08:27",
        "EndTime": "09:22",
        "Duration": 0.95,
        "Cost": 122.9
    },
    {
        "TrainID": "G1236",
        "TrainType": "高铁",
        "From": "苏州北站",
        "To": "南京南站",
        "BeginTime": "09:29",
        "EndTime": "10:32",
        "Duration": 1.08,
        "Cost": 122.9
    },
    {
        "TrainID": "G1252",
        "TrainType": "高铁",
        "From": "苏州北站",
        "To": "南京南站",
        "BeginTime": "11:35",
        "EndTime": "12:34",
        "Duration": 1.02,
        "Cost": 122.9
    },
    {
        "TrainID": "G1464",
        "TrainType": "高铁",
        "From": "苏州站",
        "To": "南京南站",
        "BeginTime": "14:38",
        "EndTime": "16:07",
        "Duration": 1.52,
        "Cost": 122.9
    },
    {
        "TrainID": "G1716",
        "TrainType": "高铁",
        "From": "苏州北站",
        "To": "南京南站",
        "BeginTime": "12:27",
        "EndTime": "13:31",
        "Duration": 1.1,
        "Cost": 122.9
    },
    {
        "TrainID": "G1724",
        "TrainType": "高铁",
        "From": "苏州北站",
        "To": "南京南站",
        "BeginTime": "12:05",
        "EndTime": "12:56",
        "Duration": 0.88,
        "Cost": 122.9
    },
    {
        "TrainID": "G1736",
        "TrainType": "高铁",
        "From": "苏州北站",
        "To": "南京南站",
        "BeginTime": "16:01",
        "EndTime": "17:07",
        "Duration": 1.13,
        "Cost": 122.9
    },
    {
        "TrainID": "G1764",
        "TrainType": "高铁",
        "From": "苏州北站",
        "To": "南京南站",
        "BeginTime": "19:25",
        "EndTime": "20:28",
        "Duration": 1.25,
        "Cost": 122.9
    },
    {
        "TrainID": "G1776",
        "TrainType": "高铁",
        "From": "苏州北站",
        "To": "南京南站",
        "BeginTime": "15:48",
        "EndTime": "16:45",
        "Duration": 1.13,
        "Cost": 122.9
    },
    {
        "TrainID": "G1802",
        "TrainType": "高铁",
        "From": "苏州北站",
        "To": "南京南站",
        "BeginTime": "06:40",
        "EndTime": "07:42",
        "Duration": 1.07,
        "Cost": 122.9
    },
    {
        "TrainID": "G1810",
        "TrainType": "高铁",
        "From": "苏州北站",
        "To": "南京南站",
        "BeginTime": "13:27",
        "EndTime": "14:29",
        "Duration": 1.07,
        "Cost": 122.9
    },
    {
        "TrainID": "G1818",
        "TrainType": "高铁",
        "From": "苏州北站",
        "To": "南京南站",
        "BeginTime": "14:58",
        "EndTime": "16:04",
        "Duration": 1.13,
        "Cost": 122.9
    },
    {
        "TrainID": "G1822",
        "TrainType": "高铁",
        "From": "苏州北站",
        "To": "南京南站",
        "BeginTime": "15:57",
        "EndTime": "16:47",
        "Duration": 0.87,
        "Cost": 122.9
    },
    {
        "TrainID": "G1826",
        "TrainType": "高铁",
        "From": "苏州北站",
        "To": "南京南站",
        "BeginTime": "18:39",
        "EndTime": "19:36",
        "Duration": 0.98,
        "Cost": 122.9
    },
    {
        "TrainID": "G1932",
        "TrainType": "高铁",
        "From": "苏州北站",
        "To": "南京南站",
        "BeginTime": "14:03",
        "EndTime": "15:19",
        "Duration": 1.3,
        "Cost": 122.9
    },
    {
        "TrainID": "G1948",
        "TrainType": "高铁",
        "From": "苏州北站",
        "To": "南京南站",
        "BeginTime": "10:47",
        "EndTime": "11:42",
        "Duration": 0.95,
        "Cost": 122.9
    },
    {
        "TrainID": "G1956",
        "TrainType": "高铁",
        "From": "苏州北站",
        "To": "南京南站",
        "BeginTime": "12:36",
        "EndTime": "13:36",
        "Duration": 1.05,
        "Cost": 122.9
    },
    {
        "TrainID": "G1970",
        "TrainType": "高铁",
        "From": "苏州北站",
        "To": "南京南站",
        "BeginTime": "06:35",
        "EndTime": "07:38",
        "Duration": 1.08,
        "Cost": 122.9
    },
    {
        "TrainID": "G2662",
        "TrainType": "高铁",
        "From": "苏州北站",
        "To": "南京南站",
        "BeginTime": "12:20",
        "EndTime": "13:22",
        "Duration": 1.17,
        "Cost": 122.9
    },
    {
        "TrainID": "G3152",
        "TrainType": "高铁",
        "From": "苏州北站",
        "To": "南京南站",
        "BeginTime": "12:10",
        "EndTime": "13:16",
        "Duration": 1.13,
        "Cost": 122.9
    },
    {
        "TrainID": "G3164",
        "TrainType": "高铁",
        "From": "苏州北站",
        "To": "南京南站",
        "BeginTime": "10:03",
        "EndTime": "11:14",
        "Duration": 1.22,
        "Cost": 122.9
    },
    {
        "TrainID": "G7106",
        "TrainType": "高铁",
        "From": "苏州站",
        "To": "南京站",
        "BeginTime": "11:37",
        "EndTime": "12:55",
        "Duration": 1.33,
        "Cost": 122.9
    },
    {
        "TrainID": "G7120",
        "TrainType": "高铁",
        "From": "苏州站",
        "To": "南京南站",
        "BeginTime": "18:37",
        "EndTime": "20:04",
        "Duration": 1.48,
        "Cost": 122.9
    },
    {
        "TrainID": "G7124",
        "TrainType": "高铁",
        "From": "苏州站",
        "To": "南京站",
        "BeginTime": "20:15",
        "EndTime": "21:34",
        "Duration": 1.35,
        "Cost": 122.9
    },
    {
        "TrainID": "G7132",
        "TrainType": "高铁",
        "From": "苏州站",
        "To": "南京南站",
        "BeginTime": "10:10",
        "EndTime": "11:35",
        "Duration": 1.45,
        "Cost": 122.9
    },
    {
        "TrainID": "G7144",
        "TrainType": "高铁",
        "From": "苏州站",
        "To": "南京南站",
        "BeginTime": "17:42",
        "EndTime": "19:11",
        "Duration": 1.52,
        "Cost": 122.9
    },
    {
        "TrainID": "G7160",
        "TrainType": "高铁",
        "From": "苏州站",
        "To": "南京南站",
        "BeginTime": "19:00",
        "EndTime": "20:50",
        "Duration": 1.87,
        "Cost": 122.9
    },
    {
        "TrainID": "G7164",
        "TrainType": "高铁",
        "From": "苏州站",
        "To": "南京南站",
        "BeginTime": "13:36",
        "EndTime": "14:56",
        "Duration": 1.37,
        "Cost": 122.9
    },
    {
        "TrainID": "G7168",
        "TrainType": "高铁",
        "From": "苏州北站",
        "To": "南京南站",
        "BeginTime": "15:27",
        "EndTime": "16:25",
        "Duration": 1.0,
        "Cost": 122.9
    },
    {
        "TrainID": "G7180",
        "TrainType": "高铁",
        "From": "苏州北站",
        "To": "南京南站",
        "BeginTime": "08:55",
        "EndTime": "10:14",
        "Duration": 1.35,
        "Cost": 122.9
    },
    {
        "TrainID": "G7186",
        "TrainType": "高铁",
        "From": "苏州北站",
        "To": "南京南站",
        "BeginTime": "16:39",
        "EndTime": "17:30",
        "Duration": 0.88,
        "Cost": 122.9
    },
    {
        "TrainID": "G7190",
        "TrainType": "高铁",
        "From": "苏州北站",
        "To": "南京南站",
        "BeginTime": "20:15",
        "EndTime": "21:25",
        "Duration": 1.28,
        "Cost": 122.9
    },
    {
        "TrainID": "G7196",
        "TrainType": "高铁",
        "From": "苏州北站",
        "To": "南京南站",
        "BeginTime": "17:15",
        "EndTime": "18:16",
        "Duration": 1.15,
        "Cost": 122.9
    },
    {
        "TrainID": "G7206",
        "TrainType": "高铁",
        "From": "苏州站",
        "To": "南京南站",
        "BeginTime": "17:59",
        "EndTime": "19:31",
        "Duration": 1.57,
        "Cost": 122.9
    },
    {
        "TrainID": "G7570",
        "TrainType": "高铁",
        "From": "苏州北站",
        "To": "南京南站",
        "BeginTime": "20:22",
        "EndTime": "21:49",
        "Duration": 1.48,
        "Cost": 122.9
    },
    {
        "TrainID": "G7596",
        "TrainType": "高铁",
        "From": "苏州北站",
        "To": "南京南站",
        "BeginTime": "20:00",
        "EndTime": "21:18",
        "Duration": 1.33,
        "Cost": 122.9
    },
    {
        "TrainID": "G7726",
        "TrainType": "高铁",
        "From": "苏州站",
        "To": "南京南站",
        "BeginTime": "18:42",
        "EndTime": "20:14",
        "Duration": 1.57,
        "Cost": 122.9
    },
    {
        "TrainID": "G7788",
        "TrainType": "高铁",
        "From": "苏州北站",
        "To": "南京南站",
        "BeginTime": "18:49",
        "EndTime": "19:53",
        "Duration": 1.1,
        "Cost": 122.9
    },
    {
        "TrainID": "D2282",
        "TrainType": "动车",
        "From": "苏州站",
        "To": "南京南站",
        "BeginTime": "21:55",
        "EndTime": "23:19",
        "Duration": 1.43,
        "Cost": 113.45
    },
    {
        "TrainID": "D122",
        "TrainType": "动车",
        "From": "苏州站",
        "To": "南京站",
        "BeginTime": "15:03",
        "EndTime": "16:59",
        "Duration": 2.0,
        "Cost": 113.45
    },
    {
        "TrainID": "D123",
        "TrainType": "动车",
        "From": "苏州站",
        "To": "南京站",
        "BeginTime": "15:03",
        "EndTime": "16:59",
        "Duration": 2.0,
        "Cost": 113.45
    },
    {
        "TrainID": "K291",
        "TrainType": "快速",
        "From": "苏州站",
        "To": "南京站",
        "BeginTime": "10:13",
        "EndTime": "12:46",
        "Duration": 2.65,
        "Cost": 75.63
    },
    {
        "TrainID": "T112",
        "TrainType": "特快",
        "From": "苏州站",
        "To": "南京站",
        "BeginTime": "13:06",
        "EndTime": "15:20",
        "Duration": 2.3,
        "Cost": 94.54
    },
    {
        "TrainID": "K8352",
        "TrainType": "快速",
        "From": "苏州站",
        "To": "南京站",
        "BeginTime": "22:42",
        "EndTime": "01:02",
        "Duration": 2.38,
        "Cost": 75.63
    },
    {
        "TrainID": "K1332",
        "TrainType": "快速",
        "From": "苏州站",
        "To": "南京站",
        "BeginTime": "19:59",
        "EndTime": "22:59",
        "Duration": 3.25,
        "Cost": 75.63
    },
    {
        "TrainID": "K783",
        "TrainType": "快速",
        "From": "苏州站",
        "To": "南京站",
        "BeginTime": "13:32",
        "EndTime": "16:07",
        "Duration": 2.68,
        "Cost": 75.63
    },
    {
        "TrainID": "K33",
        "TrainType": "快速",
        "From": "苏州站",
        "To": "南京站",
        "BeginTime": "13:58",
        "EndTime": "16:35",
        "Duration": 2.62,
        "Cost": 75.63
    },
    {
        "TrainID": "K1150",
        "TrainType": "快速",
        "From": "苏州站",
        "To": "南京站",
        "BeginTime": "10:19",
        "EndTime": "12:55",
        "Duration": 2.68,
        "Cost": 75.63
    },
    {
        "TrainID": "K2666",
        "TrainType": "快速",
        "From": "苏州站",
        "To": "南京站",
        "BeginTime": "14:33",
        "EndTime": "17:55",
        "Duration": 3.37,
        "Cost": 75.63
    },
    {
        "TrainID": "G7576",
        "TrainType": "高铁",
        "From": "苏州站",
        "To": "南京南站",
        "BeginTime": "12:42",
        "EndTime": "14:15",
        "Duration": 1.58,
        "Cost": 122.9
    },
    {
        "TrainID": "G7032",
        "TrainType": "高铁",
        "From": "苏州站",
        "To": "南京站",
        "BeginTime": "06:13",
        "EndTime": "07:39",
        "Duration": 1.47,
        "Cost": 122.9
    },
    {
        "TrainID": "K1512",
        "TrainType": "快速",
        "From": "苏州站",
        "To": "南京站",
        "BeginTime": "17:33",
        "EndTime": "20:24",
        "Duration": 2.9,
        "Cost": 75.63
    },
    {
        "TrainID": "Z176",
        "TrainType": "直达特快",
        "From": "苏州站",
        "To": "南京站",
        "BeginTime": "16:19",
        "EndTime": "18:24",
        "Duration": 2.18,
        "Cost": 94.54
    },
    {
        "TrainID": "Z282",
        "TrainType": "直达特快",
        "From": "苏州站",
        "To": "南京站",
        "BeginTime": "20:47",
        "EndTime": "22:44",
        "Duration": 2.02,
        "Cost": 94.54
    },
    {
        "TrainID": "G162",
        "TrainType": "高铁",
        "From": "苏州北站",
        "To": "南京南站",
        "BeginTime": "18:12",
        "EndTime": "19:12",
        "Duration": 1.05,
        "Cost": 122.9
    },
    {
        "TrainID": "G270",
        "TrainType": "高铁",
        "From": "苏州北站",
        "To": "南京南站",
        "BeginTime": "17:57",
        "EndTime": "18:47",
        "Duration": 0.93,
        "Cost": 122.9
    },
    {
        "TrainID": "G2785",
        "TrainType": "高铁",
        "From": "苏州站",
        "To": "南京南站",
        "BeginTime": "07:34",
        "EndTime": "09:04",
        "Duration": 1.53,
        "Cost": 122.9
    },
    {
        "TrainID": "G2789",
        "TrainType": "高铁",
        "From": "苏州站",
        "To": "南京南站",
        "BeginTime": "13:18",
        "EndTime": "14:50",
        "Duration": 1.57,
        "Cost": 122.9
    },
    {
        "TrainID": "G1465",
        "TrainType": "高铁",
        "From": "苏州站",
        "To": "南京南站",
        "BeginTime": "14:38",
        "EndTime": "16:07",
        "Duration": 1.52,
        "Cost": 122.9
    },
    {
        "TrainID": "D2212",
        "TrainType": "动车",
        "From": "苏州站",
        "To": "南京南站",
        "BeginTime": "08:22",
        "EndTime": "10:17",
        "Duration": 1.95,
        "Cost": 113.45
    },
    {
        "TrainID": "D3072",
        "TrainType": "动车",
        "From": "苏州站",
        "To": "南京南站",
        "BeginTime": "07:39",
        "EndTime": "09:11",
        "Duration": 1.57,
        "Cost": 113.45
    },
    {
        "TrainID": "D3056",
        "TrainType": "动车",
        "From": "苏州园区站",
        "To": "南京南站",
        "BeginTime": "07:57",
        "EndTime": "09:37",
        "Duration": 1.7,
        "Cost": 113.45
    },
    {
        "TrainID": "G376",
        "TrainType": "高铁",
        "From": "苏州北站",
        "To": "南京南站",
        "BeginTime": "08:20",
        "EndTime": "09:16",
        "Duration": 1.17,
        "Cost": 122.9
    },
    {
        "TrainID": "D352",
        "TrainType": "动车",
        "From": "苏州站",
        "To": "南京南站",
        "BeginTime": "06:49",
        "EndTime": "08:30",
        "Duration": 1.72,
        "Cost": 113.45
    },
    {
        "TrainID": "D636",
        "TrainType": "动车",
        "From": "苏州新区站",
        "To": "南京南站",
        "BeginTime": "07:11",
        "EndTime": "08:46",
        "Duration": 1.62,
        "Cost": 113.45
    },
    {
        "TrainID": "G3124",
        "TrainType": "高铁",
        "From": "苏州站",
        "To": "南京南站",
        "BeginTime": "06:40",
        "EndTime": "08:13",
        "Duration": 1.58,
        "Cost": 122.9
    },
    {
        "TrainID": "G7218",
        "TrainType": "高铁",
        "From": "苏州站",
        "To": "南京南站",
        "BeginTime": "16:02",
        "EndTime": "17:13",
        "Duration": 1.22,
        "Cost": 122.9
    },
    {
        "TrainID": "G7042",
        "TrainType": "高铁",
        "From": "苏州站",
        "To": "南京站",
        "BeginTime": "10:39",
        "EndTime": "12:07",
        "Duration": 1.5,
        "Cost": 122.9
    },
    {
        "TrainID": "T236",
        "TrainType": "特快",
        "From": "苏州站",
        "To": "南京站",
        "BeginTime": "11:40",
        "EndTime": "13:57",
        "Duration": 2.38,
        "Cost": 94.54
    },
    {
        "TrainID": "K290",
        "TrainType": "快速",
        "From": "苏州站",
        "To": "南京站",
        "BeginTime": "10:13",
        "EndTime": "12:46",
        "Duration": 2.65,
        "Cost": 75.63
    },
    {
        "TrainID": "K782",
        "TrainType": "快速",
        "From": "苏州站",
        "To": "南京站",
        "BeginTime": "13:32",
        "EndTime": "16:07",
        "Duration": 2.68,
        "Cost": 75.63
    },
    {
        "TrainID": "Z377",
        "TrainType": "直达特快",
        "From": "苏州站",
        "To": "南京站",
        "BeginTime": "14:46",
        "EndTime": "16:52",
        "Duration": 2.18,
        "Cost": 94.54
    },
    {
        "TrainID": "K2187",
        "TrainType": "快速",
        "From": "苏州站",
        "To": "南京站",
        "BeginTime": "10:04",
        "EndTime": "12:39",
        "Duration": 2.65,
        "Cost": 75.63
    },
    {
        "TrainID": "G3165",
        "TrainType": "高铁",
        "From": "苏州北站",
        "To": "南京南站",
        "BeginTime": "10:03",
        "EndTime": "11:14",
        "Duration": 1.22,
        "Cost": 122.9
    },
    {
        "TrainID": "G1971",
        "TrainType": "高铁",
        "From": "苏州北站",
        "To": "南京南站",
        "BeginTime": "06:35",
        "EndTime": "07:38",
        "Duration": 1.08,
        "Cost": 122.9
    },
    {
        "TrainID": "G7793",
        "TrainType": "高铁",
        "From": "苏州北站",
        "To": "南京南站",
        "BeginTime": "19:01",
        "EndTime": "20:07",
        "Duration": 1.13,
        "Cost": 122.9
    },
    {
        "TrainID": "Z165",
        "TrainType": "直达特快",
        "From": "苏州站",
        "To": "南京站",
        "BeginTime": "19:24",
        "EndTime": "21:13",
        "Duration": 1.87,
        "Cost": 94.54
    },
    {
        "TrainID": "G1811",
        "TrainType": "高铁",
        "From": "苏州北站",
        "To": "南京南站",
        "BeginTime": "13:27",
        "EndTime": "14:29",
        "Duration": 1.07,
        "Cost": 122.9
    },
    {
        "TrainID": "G7293",
        "TrainType": "高铁",
        "From": "苏州北站",
        "To": "南京南站",
        "BeginTime": "18:19",
        "EndTime": "19:22",
        "Duration": 1.13,
        "Cost": 122.9
    },
    {
        "TrainID": "G7765",
        "TrainType": "高铁",
        "From": "苏州北站",
        "To": "南京南站",
        "BeginTime": "11:04",
        "EndTime": "12:11",
        "Duration": 1.15,
        "Cost": 122.9
    },
    {
        "TrainID": "G1777",
        "TrainType": "高铁",
        "From": "苏州北站",
        "To": "南京南站",
        "BeginTime": "15:48",
        "EndTime": "16:45",
        "Duration": 1.13,
        "Cost": 122.9
    },
    {
        "TrainID": "G587",
        "TrainType": "高铁",
        "From": "苏州北站",
        "To": "南京南站",
        "BeginTime": "08:51",
        "EndTime": "10:06",
        "Duration": 1.3,
        "Cost": 122.9
    },
    {
        "TrainID": "K49",
        "TrainType": "快速",
        "From": "苏州站",
        "To": "南京站",
        "BeginTime": "17:58",
        "EndTime": "21:48",
        "Duration": 3.9,
        "Cost": 75.63
    },
    {
        "TrainID": "K189",
        "TrainType": "快速",
        "From": "苏州站",
        "To": "南京站",
        "BeginTime": "21:07",
        "EndTime": "23:40",
        "Duration": 2.63,
        "Cost": 75.63
    },
    {
        "TrainID": "G1769",
        "TrainType": "高铁",
        "From": "苏州北站",
        "To": "南京南站",
        "BeginTime": "16:22",
        "EndTime": "17:20",
        "Duration": 1.1,
        "Cost": 122.9
    },
    {
        "TrainID": "G7773",
        "TrainType": "高铁",
        "From": "苏州站",
        "To": "南京南站",
        "BeginTime": "14:18",
        "EndTime": "15:39",
        "Duration": 1.38,
        "Cost": 122.9
    },
    {
        "TrainID": "K1328",
        "TrainType": "快速",
        "From": "苏州站",
        "To": "南京站",
        "BeginTime": "15:28",
        "EndTime": "19:00",
        "Duration": 3.53,
        "Cost": 75.63
    },
    {
        "TrainID": "K36",
        "TrainType": "快速",
        "From": "苏州站",
        "To": "南京站",
        "BeginTime": "13:58",
        "EndTime": "16:35",
        "Duration": 2.62,
        "Cost": 75.63
    },
    {
        "TrainID": "G7156",
        "TrainType": "高铁",
        "From": "苏州站",
        "To": "南京南站",
        "BeginTime": "20:42",
        "EndTime": "22:04",
        "Duration": 1.4,
        "Cost": 122.9
    },
    {
        "TrainID": "G7068",
        "TrainType": "高铁",
        "From": "苏州站",
        "To": "南京站",
        "BeginTime": "22:17",
        "EndTime": "23:23",
        "Duration": 1.13,
        "Cost": 122.9
    },
    {
        "TrainID": "Z269",
        "TrainType": "直达特快",
        "From": "苏州站",
        "To": "南京站",
        "BeginTime": "15:41",
        "EndTime": "17:43",
        "Duration": 2.1,
        "Cost": 94.54
    },
    {
        "TrainID": "K1333",
        "TrainType": "快速",
        "From": "苏州站",
        "To": "南京站",
        "BeginTime": "19:59",
        "EndTime": "22:59",
        "Duration": 3.25,
        "Cost": 75.63
    },
    {
        "TrainID": "K1557",
        "TrainType": "快速",
        "From": "苏州站",
        "To": "南京站",
        "BeginTime": "11:21",
        "EndTime": "14:24",
        "Duration": 3.12,
        "Cost": 75.63
    },
    {
        "TrainID": "G1469",
        "TrainType": "高铁",
        "From": "苏州站",
        "To": "南京南站",
        "BeginTime": "08:12",
        "EndTime": "09:44",
        "Duration": 1.57,
        "Cost": 122.9
    },
    {
        "TrainID": "G3125",
        "TrainType": "高铁",
        "From": "苏州站",
        "To": "南京南站",
        "BeginTime": "06:40",
        "EndTime": "08:13",
        "Duration": 1.58,
        "Cost": 122.9
    },
    {
        "TrainID": "G7283",
        "TrainType": "高铁",
        "From": "苏州园区站",
        "To": "南京南站",
        "BeginTime": "11:59",
        "EndTime": "13:29",
        "Duration": 1.53,
        "Cost": 122.9
    },
    {
        "TrainID": "G7081",
        "TrainType": "高铁",
        "From": "苏州站",
        "To": "南京南站",
        "BeginTime": "06:54",
        "EndTime": "08:33",
        "Duration": 1.68,
        "Cost": 122.9
    },
    {
        "TrainID": "G7133",
        "TrainType": "高铁",
        "From": "苏州站",
        "To": "南京南站",
        "BeginTime": "10:10",
        "EndTime": "11:35",
        "Duration": 1.45,
        "Cost": 122.9
    },
    {
        "TrainID": "G7493",
        "TrainType": "高铁",
        "From": "苏州站",
        "To": "南京南站",
        "BeginTime": "09:38",
        "EndTime": "11:10",
        "Duration": 1.57,
        "Cost": 122.9
    },
    {
        "TrainID": "G7219",
        "TrainType": "高铁",
        "From": "苏州站",
        "To": "南京南站",
        "BeginTime": "16:02",
        "EndTime": "17:13",
        "Duration": 1.22,
        "Cost": 122.9
    },
    {
        "TrainID": "G7077",
        "TrainType": "高铁",
        "From": "苏州站",
        "To": "南京南站",
        "BeginTime": "17:15",
        "EndTime": "18:35",
        "Duration": 1.37,
        "Cost": 122.9
    },
    {
        "TrainID": "G7207",
        "TrainType": "高铁",
        "From": "苏州站",
        "To": "南京南站",
        "BeginTime": "17:59",
        "EndTime": "19:31",
        "Duration": 1.57,
        "Cost": 122.9
    },
    {
        "TrainID": "G7593",
        "TrainType": "高铁",
        "From": "苏州站",
        "To": "南京南站",
        "BeginTime": "16:58",
        "EndTime": "18:26",
        "Duration": 1.5,
        "Cost": 122.9
    },
    {
        "TrainID": "G7769",
        "TrainType": "高铁",
        "From": "苏州站",
        "To": "南京南站",
        "BeginTime": "12:37",
        "EndTime": "13:56",
        "Duration": 1.35,
        "Cost": 122.9
    },
    {
        "TrainID": "K337",
        "TrainType": "快速",
        "From": "苏州站",
        "To": "南京站",
        "BeginTime": "22:54",
        "EndTime": "01:15",
        "Duration": 2.43,
        "Cost": 75.63
    },
    {
        "TrainID": "G1229",
        "TrainType": "高铁",
        "From": "苏州北站",
        "To": "南京南站",
        "BeginTime": "08:27",
        "EndTime": "09:22",
        "Duration": 0.95,
        "Cost": 122.9
    },
    {
        "TrainID": "D956",
        "TrainType": "动车",
        "From": "苏州站",
        "To": "南京南站",
        "BeginTime": "10:00",
        "EndTime": "11:21",
        "Duration": 1.38,
        "Cost": 113.45
    },
    {
        "TrainID": "G136",
        "TrainType": "高铁",
        "From": "苏州北站",
        "To": "南京南站",
        "BeginTime": "13:12",
        "EndTime": "14:20",
        "Duration": 1.17,
        "Cost": 122.9
    },
    {
        "TrainID": "G1974",
        "TrainType": "高铁",
        "From": "苏州北站",
        "To": "南京南站",
        "BeginTime": "07:44",
        "EndTime": "08:40",
        "Duration": 0.98,
        "Cost": 122.9
    },
    {
        "TrainID": "K1157",
        "TrainType": "快速",
        "From": "苏州站",
        "To": "南京站",
        "BeginTime": "12:13",
        "EndTime": "15:06",
        "Duration": 3.1,
        "Cost": 75.63
    },
    {
        "TrainID": "K557",
        "TrainType": "快速",
        "From": "苏州站",
        "To": "南京站",
        "BeginTime": "16:57",
        "EndTime": "19:32",
        "Duration": 2.65,
        "Cost": 75.63
    },
    {
        "TrainID": "K283",
        "TrainType": "快速",
        "From": "苏州站",
        "To": "南京站",
        "BeginTime": "21:43",
        "EndTime": "00:46",
        "Duration": 3.12,
        "Cost": 75.63
    },
    {
        "TrainID": "K1147",
        "TrainType": "快速",
        "From": "苏州站",
        "To": "南京站",
        "BeginTime": "10:19",
        "EndTime": "12:55",
        "Duration": 2.68,
        "Cost": 75.63
    },
    {
        "TrainID": "G1933",
        "TrainType": "高铁",
        "From": "苏州北站",
        "To": "南京南站",
        "BeginTime": "14:03",
        "EndTime": "15:19",
        "Duration": 1.3,
        "Cost": 122.9
    },
    {
        "TrainID": "K235",
        "TrainType": "快速",
        "From": "苏州站",
        "To": "南京站",
        "BeginTime": "12:21",
        "EndTime": "15:00",
        "Duration": 2.72,
        "Cost": 75.63
    },
    {
        "TrainID": "D3137",
        "TrainType": "动车",
        "From": "苏州园区站",
        "To": "南京南站",
        "BeginTime": "18:38",
        "EndTime": "20:19",
        "Duration": 1.87,
        "Cost": 113.45
    },
    {
        "TrainID": "G7249",
        "TrainType": "高铁",
        "From": "苏州站",
        "To": "南京南站",
        "BeginTime": "13:41",
        "EndTime": "15:10",
        "Duration": 1.52,
        "Cost": 122.9
    },
    {
        "TrainID": "G7577",
        "TrainType": "高铁",
        "From": "苏州站",
        "To": "南京南站",
        "BeginTime": "12:42",
        "EndTime": "14:15",
        "Duration": 1.58,
        "Cost": 122.9
    },
    {
        "TrainID": "D3061",
        "TrainType": "动车",
        "From": "苏州站",
        "To": "南京南站",
        "BeginTime": "10:22",
        "EndTime": "11:56",
        "Duration": 1.6,
        "Cost": 113.45
    },
    {
        "TrainID": "G1725",
        "TrainType": "高铁",
        "From": "苏州北站",
        "To": "南京南站",
        "BeginTime": "12:05",
        "EndTime": "12:56",
        "Duration": 0.88,
        "Cost": 122.9
    },
    {
        "TrainID": "D3047",
        "TrainType": "动车",
        "From": "苏州站",
        "To": "南京南站",
        "BeginTime": "18:22",
        "EndTime": "20:10",
        "Duration": 1.83,
        "Cost": 113.45
    },
    {
        "TrainID": "G7241",
        "TrainType": "高铁",
        "From": "苏州站",
        "To": "南京南站",
        "BeginTime": "11:32",
        "EndTime": "12:57",
        "Duration": 1.45,
        "Cost": 122.9
    },
    {
        "TrainID": "G1957",
        "TrainType": "高铁",
        "From": "苏州北站",
        "To": "南京南站",
        "BeginTime": "12:36",
        "EndTime": "13:36",
        "Duration": 1.05,
        "Cost": 122.9
    },
    {
        "TrainID": "G7377",
        "TrainType": "高铁",
        "From": "苏州园区站",
        "To": "南京南站",
        "BeginTime": "17:02",
        "EndTime": "18:31",
        "Duration": 1.52,
        "Cost": 122.9
    },
    {
        "TrainID": "K8363",
        "TrainType": "快速",
        "From": "苏州站",
        "To": "南京站",
        "BeginTime": "00:37",
        "EndTime": "03:05",
        "Duration": 2.55,
        "Cost": 75.63
    },
    {
        "TrainID": "D3143",
        "TrainType": "动车",
        "From": "苏州站",
        "To": "南京南站",
        "BeginTime": "16:38",
        "EndTime": "18:08",
        "Duration": 1.53,
        "Cost": 113.45
    },
    {
        "TrainID": "G7036",
        "TrainType": "高铁",
        "From": "苏州站",
        "To": "南京站",
        "BeginTime": "08:44",
        "EndTime": "10:13",
        "Duration": 1.52,
        "Cost": 122.9
    },
    {
        "TrainID": "G7108",
        "TrainType": "高铁",
        "From": "苏州站",
        "To": "南京站",
        "BeginTime": "12:12",
        "EndTime": "13:40",
        "Duration": 1.5,
        "Cost": 122.9
    },
    {
        "TrainID": "G7110",
        "TrainType": "高铁",
        "From": "苏州站",
        "To": "南京站",
        "BeginTime": "13:13",
        "EndTime": "14:32",
        "Duration": 1.35,
        "Cost": 122.9
    },
    {
        "TrainID": "G7118",
        "TrainType": "高铁",
        "From": "苏州园区站",
        "To": "南京站",
        "BeginTime": "17:44",
        "EndTime": "19:13",
        "Duration": 1.52,
        "Cost": 122.9
    },
    {
        "TrainID": "G7148",
        "TrainType": "高铁",
        "From": "苏州站",
        "To": "南京南站",
        "BeginTime": "14:08",
        "EndTime": "15:28",
        "Duration": 1.37,
        "Cost": 122.9
    },
    {
        "TrainID": "D5662",
        "TrainType": "动车",
        "From": "苏州站",
        "To": "南京站",
        "BeginTime": "22:26",
        "EndTime": "23:37",
        "Duration": 1.23,
        "Cost": 113.45
    },
    {
        "TrainID": "G1768",
        "TrainType": "高铁",
        "From": "苏州北站",
        "To": "南京南站",
        "BeginTime": "16:22",
        "EndTime": "17:20",
        "Duration": 1.1,
        "Cost": 122.9
    },
    {
        "TrainID": "K372",
        "TrainType": "快速",
        "From": "苏州站",
        "To": "南京站",
        "BeginTime": "17:07",
        "EndTime": "20:06",
        "Duration": 3.03,
        "Cost": 75.63
    },
    {
        "TrainID": "G7062",
        "TrainType": "高铁",
        "From": "苏州站",
        "To": "南京站",
        "BeginTime": "19:46",
        "EndTime": "21:15",
        "Duration": 1.52,
        "Cost": 122.9
    },
    {
        "TrainID": "G7126",
        "TrainType": "高铁",
        "From": "苏州站",
        "To": "南京站",
        "BeginTime": "11:52",
        "EndTime": "13:10",
        "Duration": 1.33,
        "Cost": 122.9
    },
    {
        "TrainID": "G7152",
        "TrainType": "高铁",
        "From": "苏州站",
        "To": "南京南站",
        "BeginTime": "16:12",
        "EndTime": "17:37",
        "Duration": 1.45,
        "Cost": 122.9
    },
    {
        "TrainID": "K666",
        "TrainType": "快速",
        "From": "苏州站",
        "To": "南京站",
        "BeginTime": "19:36",
        "EndTime": "22:35",
        "Duration": 3.05,
        "Cost": 75.63
    },
    {
        "TrainID": "Z516",
        "TrainType": "直达特快",
        "From": "苏州站",
        "To": "南京站",
        "BeginTime": "16:25",
        "EndTime": "18:30",
        "Duration": 2.18,
        "Cost": 94.54
    },
    {
        "TrainID": "Z517",
        "TrainType": "直达特快",
        "From": "苏州站",
        "To": "南京站",
        "BeginTime": "16:25",
        "EndTime": "18:30",
        "Duration": 2.18,
        "Cost": 94.54
    },
    {
        "TrainID": "D182",
        "TrainType": "动车",
        "From": "苏州站",
        "To": "南京站",
        "BeginTime": "22:32",
        "EndTime": "00:31",
        "Duration": 2.03,
        "Cost": 113.45
    },
    {
        "TrainID": "D196",
        "TrainType": "动车",
        "From": "苏州站",
        "To": "南京站",
        "BeginTime": "19:17",
        "EndTime": "21:06",
        "Duration": 1.87,
        "Cost": 113.45
    },
    {
        "TrainID": "D92",
        "TrainType": "动车",
        "From": "苏州站",
        "To": "南京站",
        "BeginTime": "19:09",
        "EndTime": "20:58",
        "Duration": 1.87,
        "Cost": 113.45
    },
    {
        "TrainID": "G1916",
        "TrainType": "高铁",
        "From": "苏州北站",
        "To": "南京南站",
        "BeginTime": "16:34",
        "EndTime": "17:37",
        "Duration": 1.08,
        "Cost": 122.9
    },
    {
        "TrainID": "D183",
        "TrainType": "动车",
        "From": "苏州站",
        "To": "南京站",
        "BeginTime": "22:32",
        "EndTime": "00:31",
        "Duration": 2.03,
        "Cost": 113.45
    },
    {
        "TrainID": "D216",
        "TrainType": "动车",
        "From": "苏州站",
        "To": "南京站",
        "BeginTime": "17:46",
        "EndTime": "19:39",
        "Duration": 1.95,
        "Cost": 113.45
    },
    {
        "TrainID": "G1426",
        "TrainType": "高铁",
        "From": "苏州北站",
        "To": "南京南站",
        "BeginTime": "11:24",
        "EndTime": "12:23",
        "Duration": 1.2,
        "Cost": 122.9
    },
    {
        "TrainID": "D10",
        "TrainType": "动车",
        "From": "苏州站",
        "To": "南京站",
        "BeginTime": "22:10",
        "EndTime": "23:56",
        "Duration": 1.8,
        "Cost": 113.45
    },
    {
        "TrainID": "D197",
        "TrainType": "动车",
        "From": "苏州站",
        "To": "南京站",
        "BeginTime": "19:17",
        "EndTime": "21:06",
        "Duration": 1.87,
        "Cost": 113.45
    },
    {
        "TrainID": "D217",
        "TrainType": "动车",
        "From": "苏州站",
        "To": "南京站",
        "BeginTime": "17:46",
        "EndTime": "19:39",
        "Duration": 1.95,
        "Cost": 113.45
    },
    {
        "TrainID": "K5838",
        "TrainType": "快速",
        "From": "苏州站",
        "To": "南京站",
        "BeginTime": "23:15",
        "EndTime": "02:35",
        "Duration": 3.4,
        "Cost": 75.63
    },
    {
        "TrainID": "G7122",
        "TrainType": "高铁",
        "From": "苏州站",
        "To": "南京站",
        "BeginTime": "18:37",
        "EndTime": "19:59",
        "Duration": 1.4,
        "Cost": 122.9
    }
]