[
    {
        "TrainID": "D2218",
        "TrainType": "动车",
        "From": "武汉站",
        "To": "上海虹桥站",
        "BeginTime": "15:24",
        "EndTime": "21:33",
        "Duration": 6.22,
        "Cost": 412.44
    },
    {
        "TrainID": "G3119",
        "TrainType": "高铁",
        "From": "武汉站",
        "To": "上海站",
        "BeginTime": "10:12",
        "EndTime": "16:16",
        "Duration": 6.38,
        "Cost": 446.81
    },
    {
        "TrainID": "D3089",
        "TrainType": "动车",
        "From": "武汉站",
        "To": "上海虹桥站",
        "BeginTime": "15:44",
        "EndTime": "21:59",
        "Duration": 6.25,
        "Cost": 412.44
    },
    {
        "TrainID": "G1715",
        "TrainType": "高铁",
        "From": "武汉站",
        "To": "上海虹桥站",
        "BeginTime": "09:32",
        "EndTime": "13:29",
        "Duration": 4.3,
        "Cost": 446.81
    },
    {
        "TrainID": "G1775",
        "TrainType": "高铁",
        "From": "武汉站",
        "To": "上海虹桥站",
        "BeginTime": "09:37",
        "EndTime": "14:06",
        "Duration": 4.53,
        "Cost": 446.81
    },
    {
        "TrainID": "G3123",
        "TrainType": "高铁",
        "From": "武汉站",
        "To": "上海虹桥站",
        "BeginTime": "13:19",
        "EndTime": "19:47",
        "Duration": 6.47,
        "Cost": 446.81
    },
    {
        "TrainID": "G2817",
        "TrainType": "高铁",
        "From": "武汉站",
        "To": "上海虹桥站",
        "BeginTime": "08:27",
        "EndTime": "14:22",
        "Duration": 5.92,
        "Cost": 446.81
    },
    {
        "TrainID": "G1774",
        "TrainType": "高铁",
        "From": "武汉站",
        "To": "上海虹桥站",
        "BeginTime": "15:09",
        "EndTime": "19:48",
        "Duration": 4.73,
        "Cost": 446.81
    },
    {
        "TrainID": "G588",
        "TrainType": "高铁",
        "From": "武汉站",
        "To": "上海虹桥站",
        "BeginTime": "16:39",
        "EndTime": "21:00",
        "Duration": 4.48,
        "Cost": 446.81
    },
    {
        "TrainID": "G1778",
        "TrainType": "高铁",
        "From": "武汉站",
        "To": "上海虹桥站",
        "BeginTime": "09:37",
        "EndTime": "14:06",
        "Duration": 4.53,
        "Cost": 446.81
    },
    {
        "TrainID": "G2820",
        "TrainType": "高铁",
        "From": "武汉站",
        "To": "上海虹桥站",
        "BeginTime": "08:27",
        "EndTime": "14:22",
        "Duration": 5.92,
        "Cost": 446.81
    },
    {
        "TrainID": "G3122",
        "TrainType": "高铁",
        "From": "武汉站",
        "To": "上海站",
        "BeginTime": "10:12",
        "EndTime": "16:16",
        "Duration": 6.38,
        "Cost": 446.81
    },
    {
        "TrainID": "G3126",
        "TrainType": "高铁",
        "From": "武汉站",
        "To": "上海虹桥站",
        "BeginTime": "13:19",
        "EndTime": "19:47",
        "Duration": 6.47,
        "Cost": 446.81
    },
    {
        "TrainID": "G678",
        "TrainType": "高铁",
        "From": "武汉站",
        "To": "上海虹桥站",
        "BeginTime": "13:25",
        "EndTime": "18:02",
        "Duration": 4.62,
        "Cost": 446.81
    },
    {
        "TrainID": "G1788",
        "TrainType": "高铁",
        "From": "武汉站",
        "To": "上海虹桥站",
        "BeginTime": "18:56",
        "EndTime": "23:22",
        "Duration": 4.43,
        "Cost": 446.81
    },
    {
        "TrainID": "G1722",
        "TrainType": "高铁",
        "From": "武汉站",
        "To": "上海虹桥站",
        "BeginTime": "08:00",
        "EndTime": "11:30",
        "Duration": 3.5,
        "Cost": 446.81
    },
    {
        "TrainID": "D3044",
        "TrainType": "动车",
        "From": "武汉站",
        "To": "上海虹桥站",
        "BeginTime": "10:15",
        "EndTime": "16:00",
        "Duration": 5.75,
        "Cost": 412.44
    },
    {
        "TrainID": "G1738",
        "TrainType": "高铁",
        "From": "武汉站",
        "To": "上海虹桥站",
        "BeginTime": "08:25",
        "EndTime": "12:54",
        "Duration": 4.48,
        "Cost": 446.81
    },
    {
        "TrainID": "G600",
        "TrainType": "高铁",
        "From": "武汉站",
        "To": "上海虹桥站",
        "BeginTime": "15:04",
        "EndTime": "18:37",
        "Duration": 3.55,
        "Cost": 446.81
    },
    {
        "TrainID": "G1730",
        "TrainType": "高铁",
        "From": "武汉站",
        "To": "上海虹桥站",
        "BeginTime": "10:48",
        "EndTime": "15:47",
        "Duration": 5.13,
        "Cost": 446.81
    },
    {
        "TrainID": "G3271",
        "TrainType": "高铁",
        "From": "武汉站",
        "To": "上海虹桥站",
        "BeginTime": "15:10",
        "EndTime": "21:10",
        "Duration": 6.0,
        "Cost": 446.81
    },
    {
        "TrainID": "G1428",
        "TrainType": "高铁",
        "From": "武汉站",
        "To": "上海虹桥站",
        "BeginTime": "19:52",
        "EndTime": "23:54",
        "Duration": 4.17,
        "Cost": 446.81
    },
    {
        "TrainID": "G2386",
        "TrainType": "高铁",
        "From": "武汉站",
        "To": "上海站",
        "BeginTime": "09:56",
        "EndTime": "15:39",
        "Duration": 5.92,
        "Cost": 446.81
    }
]