[
    {
        "TrainID": "G335",
        "TrainType": "高铁",
        "From": "北京西站",
        "To": "武汉站",
        "BeginTime": "07:26",
        "EndTime": "13:12",
        "Duration": 5.77,
        "Cost": 684.27
    },
    {
        "TrainID": "G401",
        "TrainType": "高铁",
        "From": "北京西站",
        "To": "武汉站",
        "BeginTime": "09:15",
        "EndTime": "14:53",
        "Duration": 5.63,
        "Cost": 684.27
    },
    {
        "TrainID": "G67",
        "TrainType": "高铁",
        "From": "北京西站",
        "To": "武汉站",
        "BeginTime": "12:05",
        "EndTime": "16:00",
        "Duration": 3.92,
        "Cost": 684.27
    },
    {
        "TrainID": "G69",
        "TrainType": "高铁",
        "From": "北京西站",
        "To": "武汉站",
        "BeginTime": "18:00",
        "EndTime": "21:55",
        "Duration": 3.92,
        "Cost": 684.27
    },
    {
        "TrainID": "G689",
        "TrainType": "高铁",
        "From": "北京西站",
        "To": "武汉站",
        "BeginTime": "09:20",
        "EndTime": "15:14",
        "Duration": 5.9,
        "Cost": 684.27
    },
    {
        "TrainID": "G811",
        "TrainType": "高铁",
        "From": "北京西站",
        "To": "武汉站",
        "BeginTime": "13:00",
        "EndTime": "16:55",
        "Duration": 3.92,
        "Cost": 684.27
    },
    {
        "TrainID": "G79",
        "TrainType": "高铁",
        "From": "北京西站",
        "To": "武汉站",
        "BeginTime": "10:00",
        "EndTime": "13:55",
        "Duration": 3.92,
        "Cost": 684.27
    },
    {
        "TrainID": "G71",
        "TrainType": "高铁",
        "From": "北京西站",
        "To": "武汉站",
        "BeginTime": "07:05",
        "EndTime": "11:01",
        "Duration": 3.93,
        "Cost": 684.27
    },
    {
        "TrainID": "G65",
        "TrainType": "高铁",
        "From": "北京西站",
        "To": "武汉站",
        "BeginTime": "09:05",
        "EndTime": "12:53",
        "Duration": 3.98,
        "Cost": 684.27
    },
    {
        "TrainID": "G83",
        "TrainType": "高铁",
        "From": "北京西站",
        "To": "武汉站",
        "BeginTime": "17:00",
        "EndTime": "21:11",
        "Duration": 4.18,
        "Cost": 684.27
    },
    {
        "TrainID": "G895",
        "TrainType": "高铁",
        "From": "北京西站",
        "To": "武汉站",
        "BeginTime": "16:55",
        "EndTime": "20:51",
        "Duration": 3.93,
        "Cost": 684.27
    },
    {
        "TrainID": "G73",
        "TrainType": "高铁",
        "From": "北京西站",
        "To": "武汉站",
        "BeginTime": "11:00",
        "EndTime": "15:05",
        "Duration": 4.08,
        "Cost": 684.27
    },
    {
        "TrainID": "G81",
        "TrainType": "高铁",
        "From": "北京西站",
        "To": "武汉站",
        "BeginTime": "14:00",
        "EndTime": "18:11",
        "Duration": 4.18,
        "Cost": 684.27
    },
    {
        "TrainID": "G891",
        "TrainType": "高铁",
        "From": "北京西站",
        "To": "武汉站",
        "BeginTime": "08:05",
        "EndTime": "12:08",
        "Duration": 4.05,
        "Cost": 684.27
    },
    {
        "TrainID": "G521",
        "TrainType": "高铁",
        "From": "北京西站",
        "To": "武汉站",
        "BeginTime": "12:26",
        "EndTime": "18:00",
        "Duration": 5.57,
        "Cost": 684.27
    },
    {
        "TrainID": "G337",
        "TrainType": "高铁",
        "From": "北京西站",
        "To": "武汉站",
        "BeginTime": "10:23",
        "EndTime": "16:11",
        "Duration": 5.8,
        "Cost": 684.27
    },
    {
        "TrainID": "G339",
        "TrainType": "高铁",
        "From": "北京西站",
        "To": "武汉站",
        "BeginTime": "13:10",
        "EndTime": "18:45",
        "Duration": 5.58,
        "Cost": 684.27
    },
    {
        "TrainID": "G421",
        "TrainType": "高铁",
        "From": "北京西站",
        "To": "武汉站",
        "BeginTime": "07:31",
        "EndTime": "13:21",
        "Duration": 6.0,
        "Cost": 684.27
    },
    {
        "TrainID": "G481",
        "TrainType": "高铁",
        "From": "北京西站",
        "To": "武汉站",
        "BeginTime": "10:28",
        "EndTime": "16:36",
        "Duration": 6.13,
        "Cost": 684.27
    },
    {
        "TrainID": "G485",
        "TrainType": "高铁",
        "From": "北京站",
        "To": "武汉站",
        "BeginTime": "06:48",
        "EndTime": "13:08",
        "Duration": 6.33,
        "Cost": 684.27
    },
    {
        "TrainID": "G501",
        "TrainType": "高铁",
        "From": "北京西站",
        "To": "武汉站",
        "BeginTime": "08:42",
        "EndTime": "14:26",
        "Duration": 5.73,
        "Cost": 684.27
    },
    {
        "TrainID": "G503",
        "TrainType": "高铁",
        "From": "北京西站",
        "To": "武汉站",
        "BeginTime": "14:47",
        "EndTime": "20:15",
        "Duration": 5.47,
        "Cost": 684.27
    },
    {
        "TrainID": "G505",
        "TrainType": "高铁",
        "From": "北京西站",
        "To": "武汉站",
        "BeginTime": "15:10",
        "EndTime": "20:34",
        "Duration": 5.4,
        "Cost": 684.27
    },
    {
        "TrainID": "G507",
        "TrainType": "高铁",
        "From": "北京西站",
        "To": "武汉站",
        "BeginTime": "16:30",
        "EndTime": "22:10",
        "Duration": 5.67,
        "Cost": 684.27
    },
    {
        "TrainID": "G523",
        "TrainType": "高铁",
        "From": "北京西站",
        "To": "武汉站",
        "BeginTime": "15:40",
        "EndTime": "21:23",
        "Duration": 5.72,
        "Cost": 684.27
    },
    {
        "TrainID": "G525",
        "TrainType": "高铁",
        "From": "北京西站",
        "To": "武汉站",
        "BeginTime": "16:20",
        "EndTime": "22:06",
        "Duration": 5.77,
        "Cost": 684.27
    },
    {
        "TrainID": "G527",
        "TrainType": "高铁",
        "From": "北京西站",
        "To": "武汉站",
        "BeginTime": "17:20",
        "EndTime": "22:54",
        "Duration": 5.57,
        "Cost": 684.27
    },
    {
        "TrainID": "G893",
        "TrainType": "高铁",
        "From": "北京西站",
        "To": "武汉站",
        "BeginTime": "12:00",
        "EndTime": "15:56",
        "Duration": 3.93,
        "Cost": 684.27
    },
    {
        "TrainID": "G77",
        "TrainType": "高铁",
        "From": "北京西站",
        "To": "武汉站",
        "BeginTime": "08:00",
        "EndTime": "12:03",
        "Duration": 4.05,
        "Cost": 684.27
    },
    {
        "TrainID": "G484",
        "TrainType": "高铁",
        "From": "北京站",
        "To": "武汉站",
        "BeginTime": "06:48",
        "EndTime": "13:08",
        "Duration": 6.33,
        "Cost": 684.27
    },
    {
        "TrainID": "G93",
        "TrainType": "高铁",
        "From": "北京西站",
        "To": "武汉站",
        "BeginTime": "09:00",
        "EndTime": "12:58",
        "Duration": 3.97,
        "Cost": 684.27
    }
]