[
    {
        "TrainID": "G2784",
        "TrainType": "高铁",
        "From": "上海站",
        "To": "深圳北站",
        "BeginTime": "06:55",
        "EndTime": "17:00",
        "Duration": 10.08,
        "Cost": 788.63
    },
    {
        "TrainID": "G2788",
        "TrainType": "高铁",
        "From": "上海站",
        "To": "深圳站",
        "BeginTime": "12:50",
        "EndTime": "22:33",
        "Duration": 9.72,
        "Cost": 788.63
    },
    {
        "TrainID": "T101",
        "TrainType": "特快",
        "From": "上海南站",
        "To": "深圳站",
        "BeginTime": "12:53",
        "EndTime": "07:35",
        "Duration": 18.7,
        "Cost": 606.64
    },
    {
        "TrainID": "T211",
        "TrainType": "特快",
        "From": "上海南站",
        "To": "深圳东站",
        "BeginTime": "11:32",
        "EndTime": "06:10",
        "Duration": 18.63,
        "Cost": 606.64
    },
    {
        "TrainID": "D2283",
        "TrainType": "动车",
        "From": "上海虹桥站",
        "To": "深圳北站",
        "BeginTime": "11:18",
        "EndTime": "22:26",
        "Duration": 11.2,
        "Cost": 727.96
    },
    {
        "TrainID": "D2289",
        "TrainType": "动车",
        "From": "上海虹桥站",
        "To": "深圳坪山站",
        "BeginTime": "09:01",
        "EndTime": "19:58",
        "Duration": 11.07,
        "Cost": 727.96
    },
    {
        "TrainID": "D3125",
        "TrainType": "动车",
        "From": "上海虹桥站",
        "To": "深圳北站",
        "BeginTime": "10:27",
        "EndTime": "21:20",
        "Duration": 10.95,
        "Cost": 727.96
    },
    {
        "TrainID": "D377",
        "TrainType": "动车",
        "From": "上海虹桥站",
        "To": "深圳北站",
        "BeginTime": "07:41",
        "EndTime": "18:48",
        "Duration": 11.12,
        "Cost": 727.96
    },
    {
        "TrainID": "G997",
        "TrainType": "高铁",
        "From": "上海虹桥站",
        "To": "深圳站",
        "BeginTime": "07:15",
        "EndTime": "14:05",
        "Duration": 6.83,
        "Cost": 788.63
    },
    {
        "TrainID": "D2281",
        "TrainType": "动车",
        "From": "上海虹桥站",
        "To": "深圳坪山站",
        "BeginTime": "08:47",
        "EndTime": "19:48",
        "Duration": 11.18,
        "Cost": 727.96
    },
    {
        "TrainID": "D2287",
        "TrainType": "动车",
        "From": "上海虹桥站",
        "To": "深圳北站",
        "BeginTime": "06:57",
        "EndTime": "18:17",
        "Duration": 11.33,
        "Cost": 727.96
    },
    {
        "TrainID": "D3107",
        "TrainType": "动车",
        "From": "上海虹桥站",
        "To": "深圳北站",
        "BeginTime": "09:39",
        "EndTime": "21:25",
        "Duration": 11.77,
        "Cost": 727.96
    },
    {
        "TrainID": "G2785",
        "TrainType": "高铁",
        "From": "上海站",
        "To": "深圳北站",
        "BeginTime": "06:55",
        "EndTime": "17:00",
        "Duration": 10.08,
        "Cost": 788.63
    },
    {
        "TrainID": "G2789",
        "TrainType": "高铁",
        "From": "上海站",
        "To": "深圳站",
        "BeginTime": "12:50",
        "EndTime": "22:33",
        "Duration": 9.72,
        "Cost": 788.63
    },
    {
        "TrainID": "D2292",
        "TrainType": "动车",
        "From": "上海虹桥站",
        "To": "深圳坪山站",
        "BeginTime": "09:01",
        "EndTime": "19:58",
        "Duration": 11.07,
        "Cost": 727.96
    },
    {
        "TrainID": "D2286",
        "TrainType": "动车",
        "From": "上海虹桥站",
        "To": "深圳北站",
        "BeginTime": "11:18",
        "EndTime": "22:26",
        "Duration": 11.2,
        "Cost": 727.96
    },
    {
        "TrainID": "D941",
        "TrainType": "动车",
        "From": "上海虹桥站",
        "To": "深圳北站",
        "BeginTime": "19:55",
        "EndTime": "06:21",
        "Duration": 10.43,
        "Cost": 727.96
    },
    {
        "TrainID": "D931",
        "TrainType": "动车",
        "From": "上海虹桥站",
        "To": "深圳北站",
        "BeginTime": "20:00",
        "EndTime": "06:26",
        "Duration": 10.43,
        "Cost": 727.96
    },
    {
        "TrainID": "D935",
        "TrainType": "动车",
        "From": "上海虹桥站",
        "To": "深圳北站",
        "BeginTime": "20:05",
        "EndTime": "06:33",
        "Duration": 10.47,
        "Cost": 727.96
    },
    {
        "TrainID": "D907",
        "TrainType": "动车",
        "From": "上海虹桥站",
        "To": "深圳北站",
        "BeginTime": "20:15",
        "EndTime": "06:45",
        "Duration": 10.5,
        "Cost": 727.96
    },
    {
        "TrainID": "G99",
        "TrainType": "高铁",
        "From": "上海虹桥站",
        "To": "深圳北站",
        "BeginTime": "14:09",
        "EndTime": "21:32",
        "Duration": 7.38,
        "Cost": 788.63
    }
]