[
    {
        "TrainID": "G1184",
        "TrainType": "高铁",
        "From": "武汉站",
        "To": "杭州西站",
        "BeginTime": "13:03",
        "EndTime": "17:42",
        "Duration": 4.75,
        "Cost": 365.22
    },
    {
        "TrainID": "G1546",
        "TrainType": "高铁",
        "From": "武汉站",
        "To": "杭州西站",
        "BeginTime": "15:49",
        "EndTime": "20:10",
        "Duration": 4.48,
        "Cost": 365.22
    },
    {
        "TrainID": "G596",
        "TrainType": "高铁",
        "From": "武汉站",
        "To": "杭州西站",
        "BeginTime": "14:10",
        "EndTime": "18:28",
        "Duration": 4.3,
        "Cost": 365.22
    },
    {
        "TrainID": "G584",
        "TrainType": "高铁",
        "From": "武汉站",
        "To": "杭州东站",
        "BeginTime": "09:01",
        "EndTime": "13:31",
        "Duration": 4.5,
        "Cost": 365.22
    },
    {
        "TrainID": "G3248",
        "TrainType": "高铁",
        "From": "武汉站",
        "To": "杭州西站",
        "BeginTime": "08:30",
        "EndTime": "13:05",
        "Duration": 4.58,
        "Cost": 365.22
    },
    {
        "TrainID": "G3237",
        "TrainType": "高铁",
        "From": "武汉站",
        "To": "杭州西站",
        "BeginTime": "07:19",
        "EndTime": "12:54",
        "Duration": 5.58,
        "Cost": 365.22
    },
    {
        "TrainID": "G2390",
        "TrainType": "高铁",
        "From": "武汉站",
        "To": "杭州西站",
        "BeginTime": "12:39",
        "EndTime": "18:30",
        "Duration": 5.93,
        "Cost": 365.22
    },
    {
        "TrainID": "G1789",
        "TrainType": "高铁",
        "From": "武汉站",
        "To": "杭州东站",
        "BeginTime": "12:10",
        "EndTime": "16:07",
        "Duration": 3.95,
        "Cost": 365.22
    },
    {
        "TrainID": "G2351",
        "TrainType": "高铁",
        "From": "武汉站",
        "To": "杭州东站",
        "BeginTime": "09:39",
        "EndTime": "14:35",
        "Duration": 4.93,
        "Cost": 365.22
    },
    {
        "TrainID": "G581",
        "TrainType": "高铁",
        "From": "武汉站",
        "To": "杭州东站",
        "BeginTime": "09:01",
        "EndTime": "13:31",
        "Duration": 4.5,
        "Cost": 365.22
    },
    {
        "TrainID": "G3245",
        "TrainType": "高铁",
        "From": "武汉站",
        "To": "杭州西站",
        "BeginTime": "08:30",
        "EndTime": "13:05",
        "Duration": 4.58,
        "Cost": 365.22
    },
    {
        "TrainID": "G593",
        "TrainType": "高铁",
        "From": "武汉站",
        "To": "杭州西站",
        "BeginTime": "14:10",
        "EndTime": "18:28",
        "Duration": 4.3,
        "Cost": 365.22
    },
    {
        "TrainID": "G1181",
        "TrainType": "高铁",
        "From": "武汉站",
        "To": "杭州西站",
        "BeginTime": "13:03",
        "EndTime": "17:42",
        "Duration": 4.75,
        "Cost": 365.22
    },
    {
        "TrainID": "G2387",
        "TrainType": "高铁",
        "From": "武汉站",
        "To": "杭州西站",
        "BeginTime": "12:39",
        "EndTime": "18:30",
        "Duration": 5.93,
        "Cost": 365.22
    },
    {
        "TrainID": "G1792",
        "TrainType": "高铁",
        "From": "武汉站",
        "To": "杭州东站",
        "BeginTime": "12:10",
        "EndTime": "16:07",
        "Duration": 3.95,
        "Cost": 365.22
    },
    {
        "TrainID": "G4067",
        "TrainType": "高铁",
        "From": "武汉站",
        "To": "杭州西站",
        "BeginTime": "15:01",
        "EndTime": "19:42",
        "Duration": 4.68,
        "Cost": 365.22
    }
]