[
    {
        "TrainID": "D2223",
        "TrainType": "动车",
        "From": "杭州东站",
        "To": "成都东站",
        "BeginTime": "08:08",
        "EndTime": "21:58",
        "Duration": 13.83,
        "Cost": 925.0
    },
    {
        "TrainID": "D2263",
        "TrainType": "动车",
        "From": "杭州东站",
        "To": "成都东站",
        "BeginTime": "09:07",
        "EndTime": "23:16",
        "Duration": 14.15,
        "Cost": 925.0
    },
    {
        "TrainID": "K351",
        "TrainType": "快速",
        "From": "杭州南站",
        "To": "成都西站",
        "BeginTime": "12:29",
        "EndTime": "19:56",
        "Duration": 31.55,
        "Cost": 616.66
    },
    {
        "TrainID": "G2189",
        "TrainType": "高铁",
        "From": "杭州东站",
        "To": "成都东站",
        "BeginTime": "08:32",
        "EndTime": "20:45",
        "Duration": 12.3,
        "Cost": 1002.08
    },
    {
        "TrainID": "G2193",
        "TrainType": "高铁",
        "From": "杭州东站",
        "To": "成都东站",
        "BeginTime": "11:42",
        "EndTime": "23:25",
        "Duration": 11.75,
        "Cost": 1002.08
    },
    {
        "TrainID": "K529",
        "TrainType": "快速",
        "From": "杭州站",
        "To": "成都东站",
        "BeginTime": "12:26",
        "EndTime": "16:48",
        "Duration": 28.37,
        "Cost": 616.66
    },
    {
        "TrainID": "D2222",
        "TrainType": "动车",
        "From": "杭州东站",
        "To": "成都东站",
        "BeginTime": "08:08",
        "EndTime": "21:58",
        "Duration": 13.83,
        "Cost": 925.0
    },
    {
        "TrainID": "G2185",
        "TrainType": "高铁",
        "From": "杭州东站",
        "To": "成都东站",
        "BeginTime": "07:15",
        "EndTime": "19:48",
        "Duration": 12.55,
        "Cost": 1002.08
    },
    {
        "TrainID": "D2262",
        "TrainType": "动车",
        "From": "杭州东站",
        "To": "成都东站",
        "BeginTime": "09:07",
        "EndTime": "23:16",
        "Duration": 14.15,
        "Cost": 925.0
    },
    {
        "TrainID": "G2196",
        "TrainType": "高铁",
        "From": "杭州东站",
        "To": "成都东站",
        "BeginTime": "11:42",
        "EndTime": "23:25",
        "Duration": 11.75,
        "Cost": 1002.08
    }
]