[
    {
        "TrainID": "D2217",
        "TrainType": "动车",
        "From": "武汉站",
        "To": "重庆北站",
        "BeginTime": "14:47",
        "EndTime": "21:50",
        "Duration": 7.17,
        "Cost": 452.8
    },
    {
        "TrainID": "D367",
        "TrainType": "动车",
        "From": "武汉站",
        "To": "重庆北站",
        "BeginTime": "07:35",
        "EndTime": "14:40",
        "Duration": 7.08,
        "Cost": 452.8
    },
    {
        "TrainID": "D3252",
        "TrainType": "动车",
        "From": "武汉站",
        "To": "重庆北站",
        "BeginTime": "10:20",
        "EndTime": "17:26",
        "Duration": 7.28,
        "Cost": 452.8
    },
    {
        "TrainID": "D2233",
        "TrainType": "动车",
        "From": "武汉站",
        "To": "重庆北站",
        "BeginTime": "14:58",
        "EndTime": "22:08",
        "Duration": 7.38,
        "Cost": 452.8
    },
    {
        "TrainID": "D2376",
        "TrainType": "动车",
        "From": "武汉站",
        "To": "重庆北站",
        "BeginTime": "15:37",
        "EndTime": "22:29",
        "Duration": 6.95,
        "Cost": 452.8
    },
    {
        "TrainID": "D2232",
        "TrainType": "动车",
        "From": "武汉站",
        "To": "重庆北站",
        "BeginTime": "14:58",
        "EndTime": "22:08",
        "Duration": 7.38,
        "Cost": 452.8
    },
    {
        "TrainID": "D2227",
        "TrainType": "动车",
        "From": "武汉站",
        "To": "重庆北站",
        "BeginTime": "15:14",
        "EndTime": "22:18",
        "Duration": 7.17,
        "Cost": 452.8
    },
    {
        "TrainID": "D2216",
        "TrainType": "动车",
        "From": "武汉站",
        "To": "重庆北站",
        "BeginTime": "14:47",
        "EndTime": "21:50",
        "Duration": 7.17,
        "Cost": 452.8
    },
    {
        "TrainID": "D2242",
        "TrainType": "动车",
        "From": "武汉站",
        "To": "重庆北站",
        "BeginTime": "12:35",
        "EndTime": "19:58",
        "Duration": 7.48,
        "Cost": 452.8
    },
    {
        "TrainID": "D2226",
        "TrainType": "动车",
        "From": "武汉站",
        "To": "重庆北站",
        "BeginTime": "15:14",
        "EndTime": "22:18",
        "Duration": 7.17,
        "Cost": 452.8
    },
    {
        "TrainID": "D366",
        "TrainType": "动车",
        "From": "武汉站",
        "To": "重庆北站",
        "BeginTime": "07:35",
        "EndTime": "14:40",
        "Duration": 7.08,
        "Cost": 452.8
    },
    {
        "TrainID": "D618",
        "TrainType": "动车",
        "From": "武汉站",
        "To": "重庆北站",
        "BeginTime": "08:54",
        "EndTime": "16:27",
        "Duration": 7.55,
        "Cost": 452.8
    }
]