[
    {
        "TrainID": "D953",
        "TrainType": "动车",
        "From": "南京南站",
        "To": "成都东站",
        "BeginTime": "10:14",
        "EndTime": "20:52",
        "Duration": 10.67,
        "Cost": 844.74
    },
    {
        "TrainID": "D3057",
        "TrainType": "动车",
        "From": "南京南站",
        "To": "成都东站",
        "BeginTime": "09:43",
        "EndTime": "22:04",
        "Duration": 12.45,
        "Cost": 844.74
    },
    {
        "TrainID": "D2223",
        "TrainType": "动车",
        "From": "南京南站",
        "To": "成都东站",
        "BeginTime": "09:49",
        "EndTime": "21:58",
        "Duration": 12.22,
        "Cost": 844.74
    },
    {
        "TrainID": "D3077",
        "TrainType": "动车",
        "From": "南京南站",
        "To": "成都东站",
        "BeginTime": "08:02",
        "EndTime": "19:43",
        "Duration": 11.75,
        "Cost": 844.74
    },
    {
        "TrainID": "D353",
        "TrainType": "动车",
        "From": "南京南站",
        "To": "成都东站",
        "BeginTime": "08:37",
        "EndTime": "20:34",
        "Duration": 12.07,
        "Cost": 844.74
    },
    {
        "TrainID": "D637",
        "TrainType": "动车",
        "From": "南京南站",
        "To": "成都东站",
        "BeginTime": "08:52",
        "EndTime": "20:40",
        "Duration": 11.9,
        "Cost": 844.74
    },
    {
        "TrainID": "D2373",
        "TrainType": "动车",
        "From": "南京南站",
        "To": "成都东站",
        "BeginTime": "07:20",
        "EndTime": "19:16",
        "Duration": 11.93,
        "Cost": 844.74
    },
    {
        "TrainID": "G1476",
        "TrainType": "高铁",
        "From": "南京南站",
        "To": "成都东站",
        "BeginTime": "11:32",
        "EndTime": "22:25",
        "Duration": 10.93,
        "Cost": 915.14
    },
    {
        "TrainID": "D2255",
        "TrainType": "动车",
        "From": "南京南站",
        "To": "成都东站",
        "BeginTime": "08:32",
        "EndTime": "20:28",
        "Duration": 12.07,
        "Cost": 844.74
    },
    {
        "TrainID": "G1887",
        "TrainType": "高铁",
        "From": "南京南站",
        "To": "成都东站",
        "BeginTime": "07:39",
        "EndTime": "17:51",
        "Duration": 10.2,
        "Cost": 915.14
    },
    {
        "TrainID": "G1975",
        "TrainType": "高铁",
        "From": "南京南站",
        "To": "成都东站",
        "BeginTime": "08:46",
        "EndTime": "18:28",
        "Duration": 9.8,
        "Cost": 915.14
    },
    {
        "TrainID": "K282",
        "TrainType": "快速",
        "From": "南京站",
        "To": "成都西站",
        "BeginTime": "00:52",
        "EndTime": "08:44",
        "Duration": 31.97,
        "Cost": 563.16
    },
    {
        "TrainID": "K1156",
        "TrainType": "快速",
        "From": "南京站",
        "To": "成都西站",
        "BeginTime": "15:15",
        "EndTime": "17:55",
        "Duration": 26.82,
        "Cost": 563.16
    },
    {
        "TrainID": "K291",
        "TrainType": "快速",
        "From": "南京站",
        "To": "成都西站",
        "BeginTime": "12:59",
        "EndTime": "19:13",
        "Duration": 30.45,
        "Cost": 563.16
    },
    {
        "TrainID": "D2222",
        "TrainType": "动车",
        "From": "南京南站",
        "To": "成都东站",
        "BeginTime": "09:49",
        "EndTime": "21:58",
        "Duration": 12.22,
        "Cost": 844.74
    },
    {
        "TrainID": "D3076",
        "TrainType": "动车",
        "From": "南京南站",
        "To": "成都东站",
        "BeginTime": "08:02",
        "EndTime": "19:43",
        "Duration": 11.75,
        "Cost": 844.74
    },
    {
        "TrainID": "D3056",
        "TrainType": "动车",
        "From": "南京南站",
        "To": "成都东站",
        "BeginTime": "09:43",
        "EndTime": "22:04",
        "Duration": 12.45,
        "Cost": 844.74
    },
    {
        "TrainID": "D352",
        "TrainType": "动车",
        "From": "南京南站",
        "To": "成都东站",
        "BeginTime": "08:37",
        "EndTime": "20:34",
        "Duration": 12.07,
        "Cost": 844.74
    },
    {
        "TrainID": "D636",
        "TrainType": "动车",
        "From": "南京南站",
        "To": "成都东站",
        "BeginTime": "08:52",
        "EndTime": "20:40",
        "Duration": 11.9,
        "Cost": 844.74
    },
    {
        "TrainID": "K290",
        "TrainType": "快速",
        "From": "南京站",
        "To": "成都西站",
        "BeginTime": "12:59",
        "EndTime": "19:13",
        "Duration": 30.45,
        "Cost": 563.16
    },
    {
        "TrainID": "D952",
        "TrainType": "动车",
        "From": "南京南站",
        "To": "成都东站",
        "BeginTime": "10:14",
        "EndTime": "20:52",
        "Duration": 10.67,
        "Cost": 844.74
    },
    {
        "TrainID": "G1974",
        "TrainType": "高铁",
        "From": "南京南站",
        "To": "成都东站",
        "BeginTime": "08:46",
        "EndTime": "18:28",
        "Duration": 9.8,
        "Cost": 915.14
    },
    {
        "TrainID": "K1157",
        "TrainType": "快速",
        "From": "南京站",
        "To": "成都西站",
        "BeginTime": "15:15",
        "EndTime": "17:55",
        "Duration": 26.82,
        "Cost": 563.16
    },
    {
        "TrainID": "K283",
        "TrainType": "快速",
        "From": "南京站",
        "To": "成都西站",
        "BeginTime": "00:52",
        "EndTime": "08:44",
        "Duration": 31.97,
        "Cost": 563.16
    },
    {
        "TrainID": "D2254",
        "TrainType": "动车",
        "From": "南京南站",
        "To": "成都东站",
        "BeginTime": "08:32",
        "EndTime": "20:28",
        "Duration": 12.07,
        "Cost": 844.74
    }
]