[
    {
        "TrainID": "G39",
        "TrainType": "高铁",
        "From": "南京南站",
        "To": "杭州东站",
        "BeginTime": "22:20",
        "EndTime": "23:22",
        "Duration": 1.08,
        "Cost": 154.02
    },
    {
        "TrainID": "G193",
        "TrainType": "高铁",
        "From": "南京南站",
        "To": "杭州东站",
        "BeginTime": "20:49",
        "EndTime": "22:04",
        "Duration": 1.28,
        "Cost": 154.02
    },
    {
        "TrainID": "G195",
        "TrainType": "高铁",
        "From": "南京南站",
        "To": "杭州东站",
        "BeginTime": "21:01",
        "EndTime": "22:16",
        "Duration": 1.28,
        "Cost": 154.02
    },
    {
        "TrainID": "G183",
        "TrainType": "高铁",
        "From": "南京南站",
        "To": "杭州东站",
        "BeginTime": "17:10",
        "EndTime": "18:33",
        "Duration": 1.42,
        "Cost": 154.02
    },
    {
        "TrainID": "G169",
        "TrainType": "高铁",
        "From": "南京南站",
        "To": "杭州东站",
        "BeginTime": "14:09",
        "EndTime": "15:38",
        "Duration": 1.57,
        "Cost": 154.02
    },
    {
        "TrainID": "G191",
        "TrainType": "高铁",
        "From": "南京南站",
        "To": "杭州东站",
        "BeginTime": "20:11",
        "EndTime": "21:26",
        "Duration": 1.32,
        "Cost": 154.02
    },
    {
        "TrainID": "G33",
        "TrainType": "高铁",
        "From": "南京南站",
        "To": "杭州东站",
        "BeginTime": "12:23",
        "EndTime": "13:26",
        "Duration": 1.1,
        "Cost": 154.02
    },
    {
        "TrainID": "G177",
        "TrainType": "高铁",
        "From": "南京南站",
        "To": "杭州东站",
        "BeginTime": "12:48",
        "EndTime": "13:56",
        "Duration": 1.18,
        "Cost": 154.02
    },
    {
        "TrainID": "G35",
        "TrainType": "高铁",
        "From": "南京南站",
        "To": "杭州东站",
        "BeginTime": "13:22",
        "EndTime": "14:26",
        "Duration": 1.1,
        "Cost": 154.02
    },
    {
        "TrainID": "G179",
        "TrainType": "高铁",
        "From": "南京南站",
        "To": "杭州东站",
        "BeginTime": "13:02",
        "EndTime": "14:13",
        "Duration": 1.23,
        "Cost": 154.02
    },
    {
        "TrainID": "G181",
        "TrainType": "高铁",
        "From": "南京南站",
        "To": "杭州东站",
        "BeginTime": "15:24",
        "EndTime": "17:08",
        "Duration": 1.83,
        "Cost": 154.02
    },
    {
        "TrainID": "G31",
        "TrainType": "高铁",
        "From": "南京南站",
        "To": "杭州东站",
        "BeginTime": "11:24",
        "EndTime": "12:33",
        "Duration": 1.23,
        "Cost": 154.02
    },
    {
        "TrainID": "G115",
        "TrainType": "高铁",
        "From": "南京南站",
        "To": "杭州东站",
        "BeginTime": "13:33",
        "EndTime": "15:47",
        "Duration": 2.3,
        "Cost": 154.02
    },
    {
        "TrainID": "G37",
        "TrainType": "高铁",
        "From": "南京南站",
        "To": "杭州西站",
        "BeginTime": "14:34",
        "EndTime": "15:44",
        "Duration": 1.27,
        "Cost": 154.02
    },
    {
        "TrainID": "G173",
        "TrainType": "高铁",
        "From": "南京南站",
        "To": "杭州东站",
        "BeginTime": "11:39",
        "EndTime": "13:02",
        "Duration": 1.45,
        "Cost": 154.02
    },
    {
        "TrainID": "G185",
        "TrainType": "高铁",
        "From": "南京南站",
        "To": "杭州东站",
        "BeginTime": "17:54",
        "EndTime": "19:16",
        "Duration": 1.42,
        "Cost": 154.02
    },
    {
        "TrainID": "G187",
        "TrainType": "高铁",
        "From": "南京南站",
        "To": "杭州东站",
        "BeginTime": "18:13",
        "EndTime": "19:42",
        "Duration": 1.53,
        "Cost": 154.02
    },
    {
        "TrainID": "G189",
        "TrainType": "高铁",
        "From": "南京南站",
        "To": "杭州东站",
        "BeginTime": "19:46",
        "EndTime": "21:01",
        "Duration": 1.3,
        "Cost": 154.02
    },
    {
        "TrainID": "G197",
        "TrainType": "高铁",
        "From": "南京南站",
        "To": "杭州东站",
        "BeginTime": "12:38",
        "EndTime": "13:50",
        "Duration": 1.25,
        "Cost": 154.02
    },
    {
        "TrainID": "Z281",
        "TrainType": "直达特快",
        "From": "南京站",
        "To": "杭州站",
        "BeginTime": "05:19",
        "EndTime": "10:57",
        "Duration": 5.77,
        "Cost": 118.47
    },
    {
        "TrainID": "D2248",
        "TrainType": "动车",
        "From": "南京南站",
        "To": "杭州东站",
        "BeginTime": "18:28",
        "EndTime": "20:00",
        "Duration": 1.68,
        "Cost": 142.17
    },
    {
        "TrainID": "D2224",
        "TrainType": "动车",
        "From": "南京南站",
        "To": "杭州东站",
        "BeginTime": "19:35",
        "EndTime": "21:35",
        "Duration": 2.07,
        "Cost": 142.17
    },
    {
        "TrainID": "D2274",
        "TrainType": "动车",
        "From": "南京南站",
        "To": "杭州西站",
        "BeginTime": "18:01",
        "EndTime": "19:28",
        "Duration": 1.5,
        "Cost": 142.17
    },
    {
        "TrainID": "K47",
        "TrainType": "快速",
        "From": "南京站",
        "To": "杭州站",
        "BeginTime": "01:38",
        "EndTime": "09:12",
        "Duration": 7.68,
        "Cost": 94.78
    },
    {
        "TrainID": "K1805",
        "TrainType": "快速",
        "From": "南京站",
        "To": "杭州站",
        "BeginTime": "22:24",
        "EndTime": "06:40",
        "Duration": 8.58,
        "Cost": 94.78
    },
    {
        "TrainID": "K335",
        "TrainType": "快速",
        "From": "南京站",
        "To": "杭州南站",
        "BeginTime": "01:16",
        "EndTime": "07:27",
        "Duration": 6.28,
        "Cost": 94.78
    },
    {
        "TrainID": "K1091",
        "TrainType": "快速",
        "From": "南京站",
        "To": "杭州站",
        "BeginTime": "00:38",
        "EndTime": "10:03",
        "Duration": 9.52,
        "Cost": 94.78
    },
    {
        "TrainID": "K525",
        "TrainType": "快速",
        "From": "南京站",
        "To": "杭州南站",
        "BeginTime": "13:31",
        "EndTime": "20:29",
        "Duration": 6.97,
        "Cost": 94.78
    },
    {
        "TrainID": "G1865",
        "TrainType": "高铁",
        "From": "南京南站",
        "To": "杭州东站",
        "BeginTime": "17:49",
        "EndTime": "20:21",
        "Duration": 2.57,
        "Cost": 154.02
    },
    {
        "TrainID": "G7791",
        "TrainType": "高铁",
        "From": "南京南站",
        "To": "杭州东站",
        "BeginTime": "10:00",
        "EndTime": "12:41",
        "Duration": 2.77,
        "Cost": 154.02
    },
    {
        "TrainID": "G7371",
        "TrainType": "高铁",
        "From": "南京南站",
        "To": "杭州东站",
        "BeginTime": "16:04",
        "EndTime": "19:08",
        "Duration": 3.15,
        "Cost": 154.02
    },
    {
        "TrainID": "G7571",
        "TrainType": "高铁",
        "From": "南京南站",
        "To": "杭州东站",
        "BeginTime": "14:03",
        "EndTime": "17:11",
        "Duration": 3.17,
        "Cost": 154.02
    },
    {
        "TrainID": "D3141",
        "TrainType": "动车",
        "From": "南京南站",
        "To": "杭州东站",
        "BeginTime": "11:12",
        "EndTime": "14:20",
        "Duration": 3.13,
        "Cost": 142.17
    },
    {
        "TrainID": "G7389",
        "TrainType": "高铁",
        "From": "南京站",
        "To": "杭州东站",
        "BeginTime": "07:33",
        "EndTime": "10:33",
        "Duration": 3.0,
        "Cost": 154.02
    },
    {
        "TrainID": "G7491",
        "TrainType": "高铁",
        "From": "南京南站",
        "To": "杭州东站",
        "BeginTime": "17:18",
        "EndTime": "20:17",
        "Duration": 3.07,
        "Cost": 154.02
    },
    {
        "TrainID": "G7591",
        "TrainType": "高铁",
        "From": "南京南站",
        "To": "杭州东站",
        "BeginTime": "09:42",
        "EndTime": "12:56",
        "Duration": 3.3,
        "Cost": 154.02
    },
    {
        "TrainID": "G7375",
        "TrainType": "高铁",
        "From": "南京南站",
        "To": "杭州东站",
        "BeginTime": "10:58",
        "EndTime": "13:37",
        "Duration": 2.78,
        "Cost": 154.02
    },
    {
        "TrainID": "G7431",
        "TrainType": "高铁",
        "From": "南京南站",
        "To": "杭州东站",
        "BeginTime": "09:24",
        "EndTime": "12:15",
        "Duration": 2.9,
        "Cost": 154.02
    },
    {
        "TrainID": "G7595",
        "TrainType": "高铁",
        "From": "南京南站",
        "To": "杭州东站",
        "BeginTime": "11:03",
        "EndTime": "13:51",
        "Duration": 2.85,
        "Cost": 154.02
    },
    {
        "TrainID": "D2281",
        "TrainType": "动车",
        "From": "南京南站",
        "To": "杭州东站",
        "BeginTime": "06:32",
        "EndTime": "10:06",
        "Duration": 3.57,
        "Cost": 142.17
    },
    {
        "TrainID": "D3135",
        "TrainType": "动车",
        "From": "南京南站",
        "To": "杭州东站",
        "BeginTime": "08:03",
        "EndTime": "12:08",
        "Duration": 4.08,
        "Cost": 142.17
    },
    {
        "TrainID": "G1509",
        "TrainType": "高铁",
        "From": "南京南站",
        "To": "杭州东站",
        "BeginTime": "07:00",
        "EndTime": "09:32",
        "Duration": 2.53,
        "Cost": 154.02
    },
    {
        "TrainID": "G7313",
        "TrainType": "高铁",
        "From": "南京南站",
        "To": "杭州东站",
        "BeginTime": "07:24",
        "EndTime": "10:29",
        "Duration": 3.08,
        "Cost": 154.02
    },
    {
        "TrainID": "G7349",
        "TrainType": "高铁",
        "From": "南京南站",
        "To": "杭州东站",
        "BeginTime": "07:37",
        "EndTime": "10:01",
        "Duration": 2.4,
        "Cost": 154.02
    },
    {
        "TrainID": "G7396",
        "TrainType": "高铁",
        "From": "南京南站",
        "To": "杭州站",
        "BeginTime": "18:33",
        "EndTime": "19:56",
        "Duration": 1.38,
        "Cost": 154.02
    },
    {
        "TrainID": "G7505",
        "TrainType": "高铁",
        "From": "南京南站",
        "To": "杭州东站",
        "BeginTime": "07:13",
        "EndTime": "09:51",
        "Duration": 2.63,
        "Cost": 154.02
    },
    {
        "TrainID": "G7507",
        "TrainType": "高铁",
        "From": "南京南站",
        "To": "杭州东站",
        "BeginTime": "08:24",
        "EndTime": "11:04",
        "Duration": 2.67,
        "Cost": 154.02
    },
    {
        "TrainID": "G7511",
        "TrainType": "高铁",
        "From": "南京南站",
        "To": "杭州东站",
        "BeginTime": "10:07",
        "EndTime": "12:52",
        "Duration": 2.75,
        "Cost": 154.02
    },
    {
        "TrainID": "G7589",
        "TrainType": "高铁",
        "From": "南京南站",
        "To": "杭州东站",
        "BeginTime": "08:39",
        "EndTime": "11:32",
        "Duration": 2.98,
        "Cost": 154.02
    },
    {
        "TrainID": "G7599",
        "TrainType": "高铁",
        "From": "南京南站",
        "To": "杭州东站",
        "BeginTime": "09:20",
        "EndTime": "11:57",
        "Duration": 2.67,
        "Cost": 154.02
    },
    {
        "TrainID": "G1227",
        "TrainType": "高铁",
        "From": "南京南站",
        "To": "杭州东站",
        "BeginTime": "17:03",
        "EndTime": "19:43",
        "Duration": 2.73,
        "Cost": 154.02
    },
    {
        "TrainID": "Z175",
        "TrainType": "直达特快",
        "From": "南京站",
        "To": "杭州站",
        "BeginTime": "00:03",
        "EndTime": "05:50",
        "Duration": 5.88,
        "Cost": 118.47
    },
    {
        "TrainID": "K551",
        "TrainType": "快速",
        "From": "南京站",
        "To": "杭州站",
        "BeginTime": "19:50",
        "EndTime": "02:36",
        "Duration": 7.07,
        "Cost": 94.78
    },
    {
        "TrainID": "K347",
        "TrainType": "快速",
        "From": "南京站",
        "To": "杭州站",
        "BeginTime": "20:10",
        "EndTime": "03:08",
        "Duration": 7.28,
        "Cost": 94.78
    },
    {
        "TrainID": "G448",
        "TrainType": "高铁",
        "From": "南京南站",
        "To": "杭州东站",
        "BeginTime": "15:14",
        "EndTime": "16:38",
        "Duration": 1.45,
        "Cost": 154.02
    },
    {
        "TrainID": "G441",
        "TrainType": "高铁",
        "From": "南京南站",
        "To": "杭州东站",
        "BeginTime": "11:06",
        "EndTime": "12:16",
        "Duration": 1.23,
        "Cost": 154.02
    },
    {
        "TrainID": "G1223",
        "TrainType": "高铁",
        "From": "南京南站",
        "To": "杭州东站",
        "BeginTime": "16:22",
        "EndTime": "17:37",
        "Duration": 1.33,
        "Cost": 154.02
    },
    {
        "TrainID": "G2623",
        "TrainType": "高铁",
        "From": "南京南站",
        "To": "杭州西站",
        "BeginTime": "19:03",
        "EndTime": "20:20",
        "Duration": 1.35,
        "Cost": 154.02
    },
    {
        "TrainID": "G1379",
        "TrainType": "高铁",
        "From": "南京南站",
        "To": "杭州东站",
        "BeginTime": "07:43",
        "EndTime": "09:28",
        "Duration": 1.75,
        "Cost": 154.02
    },
    {
        "TrainID": "G1481",
        "TrainType": "高铁",
        "From": "南京南站",
        "To": "杭州东站",
        "BeginTime": "11:35",
        "EndTime": "13:07",
        "Duration": 1.53,
        "Cost": 154.02
    },
    {
        "TrainID": "G1483",
        "TrainType": "高铁",
        "From": "南京南站",
        "To": "杭州东站",
        "BeginTime": "15:19",
        "EndTime": "16:48",
        "Duration": 1.48,
        "Cost": 154.02
    },
    {
        "TrainID": "G1503",
        "TrainType": "高铁",
        "From": "南京南站",
        "To": "杭州东站",
        "BeginTime": "08:28",
        "EndTime": "09:54",
        "Duration": 1.43,
        "Cost": 154.02
    },
    {
        "TrainID": "G2335",
        "TrainType": "高铁",
        "From": "南京南站",
        "To": "杭州东站",
        "BeginTime": "11:50",
        "EndTime": "13:12",
        "Duration": 1.37,
        "Cost": 154.02
    },
    {
        "TrainID": "G1546",
        "TrainType": "高铁",
        "From": "南京南站",
        "To": "杭州西站",
        "BeginTime": "18:40",
        "EndTime": "20:10",
        "Duration": 1.58,
        "Cost": 154.02
    },
    {
        "TrainID": "G1661",
        "TrainType": "高铁",
        "From": "南京南站",
        "To": "杭州东站",
        "BeginTime": "08:32",
        "EndTime": "09:50",
        "Duration": 1.42,
        "Cost": 154.02
    },
    {
        "TrainID": "G1667",
        "TrainType": "高铁",
        "From": "南京南站",
        "To": "杭州东站",
        "BeginTime": "07:02",
        "EndTime": "08:31",
        "Duration": 1.48,
        "Cost": 154.02
    },
    {
        "TrainID": "G1675",
        "TrainType": "高铁",
        "From": "南京南站",
        "To": "杭州东站",
        "BeginTime": "13:38",
        "EndTime": "15:06",
        "Duration": 1.47,
        "Cost": 154.02
    },
    {
        "TrainID": "G1677",
        "TrainType": "高铁",
        "From": "南京南站",
        "To": "杭州东站",
        "BeginTime": "16:29",
        "EndTime": "17:50",
        "Duration": 1.35,
        "Cost": 154.02
    },
    {
        "TrainID": "D2293",
        "TrainType": "动车",
        "From": "南京南站",
        "To": "杭州东站",
        "BeginTime": "10:57",
        "EndTime": "12:43",
        "Duration": 1.77,
        "Cost": 142.17
    },
    {
        "TrainID": "D3235",
        "TrainType": "动车",
        "From": "南京南站",
        "To": "杭州东站",
        "BeginTime": "15:04",
        "EndTime": "16:33",
        "Duration": 1.48,
        "Cost": 142.17
    },
    {
        "TrainID": "G1605",
        "TrainType": "高铁",
        "From": "南京南站",
        "To": "杭州东站",
        "BeginTime": "07:19",
        "EndTime": "09:02",
        "Duration": 1.72,
        "Cost": 154.02
    },
    {
        "TrainID": "G7754",
        "TrainType": "高铁",
        "From": "南京南站",
        "To": "杭州东站",
        "BeginTime": "15:10",
        "EndTime": "16:42",
        "Duration": 1.6,
        "Cost": 154.02
    },
    {
        "TrainID": "G7755",
        "TrainType": "高铁",
        "From": "南京南站",
        "To": "杭州东站",
        "BeginTime": "10:27",
        "EndTime": "12:01",
        "Duration": 1.65,
        "Cost": 154.02
    },
    {
        "TrainID": "G7798",
        "TrainType": "高铁",
        "From": "南京南站",
        "To": "杭州东站",
        "BeginTime": "17:21",
        "EndTime": "18:49",
        "Duration": 1.58,
        "Cost": 154.02
    },
    {
        "TrainID": "G7484",
        "TrainType": "高铁",
        "From": "南京南站",
        "To": "杭州东站",
        "BeginTime": "13:17",
        "EndTime": "14:45",
        "Duration": 1.55,
        "Cost": 154.02
    },
    {
        "TrainID": "G7488",
        "TrainType": "高铁",
        "From": "南京南站",
        "To": "杭州东站",
        "BeginTime": "15:54",
        "EndTime": "17:17",
        "Duration": 1.47,
        "Cost": 154.02
    },
    {
        "TrainID": "G7612",
        "TrainType": "高铁",
        "From": "南京南站",
        "To": "杭州东站",
        "BeginTime": "08:51",
        "EndTime": "10:19",
        "Duration": 1.5,
        "Cost": 154.02
    },
    {
        "TrainID": "G7618",
        "TrainType": "高铁",
        "From": "南京南站",
        "To": "杭州东站",
        "BeginTime": "16:42",
        "EndTime": "18:11",
        "Duration": 1.55,
        "Cost": 154.02
    },
    {
        "TrainID": "G7664",
        "TrainType": "高铁",
        "From": "南京南站",
        "To": "杭州东站",
        "BeginTime": "17:26",
        "EndTime": "18:54",
        "Duration": 1.58,
        "Cost": 154.02
    },
    {
        "TrainID": "G7676",
        "TrainType": "高铁",
        "From": "南京南站",
        "To": "杭州东站",
        "BeginTime": "14:29",
        "EndTime": "16:02",
        "Duration": 1.58,
        "Cost": 154.02
    },
    {
        "TrainID": "G7680",
        "TrainType": "高铁",
        "From": "南京南站",
        "To": "杭州东站",
        "BeginTime": "16:52",
        "EndTime": "18:21",
        "Duration": 1.55,
        "Cost": 154.02
    },
    {
        "TrainID": "G7694",
        "TrainType": "高铁",
        "From": "南京南站",
        "To": "杭州东站",
        "BeginTime": "09:44",
        "EndTime": "11:06",
        "Duration": 1.42,
        "Cost": 154.02
    },
    {
        "TrainID": "G592",
        "TrainType": "高铁",
        "From": "南京南站",
        "To": "杭州东站",
        "BeginTime": "15:31",
        "EndTime": "17:00",
        "Duration": 1.52,
        "Cost": 154.02
    },
    {
        "TrainID": "G596",
        "TrainType": "高铁",
        "From": "南京南站",
        "To": "杭州西站",
        "BeginTime": "17:03",
        "EndTime": "18:28",
        "Duration": 1.5,
        "Cost": 154.02
    },
    {
        "TrainID": "G7695",
        "TrainType": "高铁",
        "From": "南京南站",
        "To": "杭州东站",
        "BeginTime": "10:22",
        "EndTime": "12:06",
        "Duration": 1.8,
        "Cost": 154.02
    },
    {
        "TrainID": "G7469",
        "TrainType": "高铁",
        "From": "南京南站",
        "To": "杭州东站",
        "BeginTime": "08:28",
        "EndTime": "10:34",
        "Duration": 2.22,
        "Cost": 154.02
    },
    {
        "TrainID": "G1493",
        "TrainType": "高铁",
        "From": "南京南站",
        "To": "杭州东站",
        "BeginTime": "12:58",
        "EndTime": "14:18",
        "Duration": 1.33,
        "Cost": 154.02
    },
    {
        "TrainID": "G1495",
        "TrainType": "高铁",
        "From": "南京南站",
        "To": "杭州东站",
        "BeginTime": "14:00",
        "EndTime": "15:26",
        "Duration": 1.43,
        "Cost": 154.02
    },
    {
        "TrainID": "G1665",
        "TrainType": "高铁",
        "From": "南京南站",
        "To": "杭州东站",
        "BeginTime": "09:00",
        "EndTime": "10:39",
        "Duration": 1.75,
        "Cost": 154.02
    },
    {
        "TrainID": "G7473",
        "TrainType": "高铁",
        "From": "南京南站",
        "To": "杭州东站",
        "BeginTime": "15:48",
        "EndTime": "17:27",
        "Duration": 1.7,
        "Cost": 154.02
    },
    {
        "TrainID": "G7567",
        "TrainType": "高铁",
        "From": "南京南站",
        "To": "杭州东站",
        "BeginTime": "13:27",
        "EndTime": "14:56",
        "Duration": 1.48,
        "Cost": 154.02
    },
    {
        "TrainID": "G7581",
        "TrainType": "高铁",
        "From": "南京南站",
        "To": "杭州东站",
        "BeginTime": "08:07",
        "EndTime": "09:23",
        "Duration": 1.27,
        "Cost": 154.02
    },
    {
        "TrainID": "G7605",
        "TrainType": "高铁",
        "From": "南京南站",
        "To": "杭州东站",
        "BeginTime": "09:55",
        "EndTime": "11:18",
        "Duration": 1.55,
        "Cost": 154.02
    },
    {
        "TrainID": "G7611",
        "TrainType": "高铁",
        "From": "南京南站",
        "To": "杭州东站",
        "BeginTime": "08:46",
        "EndTime": "10:08",
        "Duration": 1.37,
        "Cost": 154.02
    },
    {
        "TrainID": "G7613",
        "TrainType": "高铁",
        "From": "南京南站",
        "To": "杭州东站",
        "BeginTime": "17:50",
        "EndTime": "19:11",
        "Duration": 1.35,
        "Cost": 154.02
    },
    {
        "TrainID": "G7625",
        "TrainType": "高铁",
        "From": "南京南站",
        "To": "杭州东站",
        "BeginTime": "06:48",
        "EndTime": "08:23",
        "Duration": 1.58,
        "Cost": 154.02
    },
    {
        "TrainID": "G7627",
        "TrainType": "高铁",
        "From": "南京南站",
        "To": "杭州东站",
        "BeginTime": "08:55",
        "EndTime": "10:24",
        "Duration": 1.58,
        "Cost": 154.02
    },
    {
        "TrainID": "G7629",
        "TrainType": "高铁",
        "From": "南京南站",
        "To": "杭州东站",
        "BeginTime": "19:51",
        "EndTime": "21:08",
        "Duration": 1.28,
        "Cost": 154.02
    },
    {
        "TrainID": "G7649",
        "TrainType": "高铁",
        "From": "南京南站",
        "To": "杭州东站",
        "BeginTime": "18:23",
        "EndTime": "19:38",
        "Duration": 1.25,
        "Cost": 154.02
    },
    {
        "TrainID": "G7665",
        "TrainType": "高铁",
        "From": "南京南站",
        "To": "杭州东站",
        "BeginTime": "08:17",
        "EndTime": "09:41",
        "Duration": 1.52,
        "Cost": 154.02
    },
    {
        "TrainID": "G343",
        "TrainType": "高铁",
        "From": "南京南站",
        "To": "杭州东站",
        "BeginTime": "10:32",
        "EndTime": "11:51",
        "Duration": 1.37,
        "Cost": 154.02
    },
    {
        "TrainID": "G281",
        "TrainType": "高铁",
        "From": "南京南站",
        "To": "杭州东站",
        "BeginTime": "12:09",
        "EndTime": "13:36",
        "Duration": 1.53,
        "Cost": 154.02
    },
    {
        "TrainID": "G2815",
        "TrainType": "高铁",
        "From": "南京南站",
        "To": "杭州东站",
        "BeginTime": "14:14",
        "EndTime": "15:57",
        "Duration": 1.78,
        "Cost": 154.02
    },
    {
        "TrainID": "K8351",
        "TrainType": "快速",
        "From": "南京站",
        "To": "杭州站",
        "BeginTime": "01:04",
        "EndTime": "06:28",
        "Duration": 5.5,
        "Cost": 94.78
    },
    {
        "TrainID": "T111",
        "TrainType": "特快",
        "From": "南京站",
        "To": "杭州站",
        "BeginTime": "13:00",
        "EndTime": "18:22",
        "Duration": 5.48,
        "Cost": 118.47
    },
    {
        "TrainID": "D5501",
        "TrainType": "动车",
        "From": "南京南站",
        "To": "杭州西站",
        "BeginTime": "12:10",
        "EndTime": "14:30",
        "Duration": 2.4,
        "Cost": 142.17
    },
    {
        "TrainID": "G2379",
        "TrainType": "高铁",
        "From": "南京南站",
        "To": "杭州西站",
        "BeginTime": "15:06",
        "EndTime": "17:12",
        "Duration": 2.17,
        "Cost": 154.02
    },
    {
        "TrainID": "D2113",
        "TrainType": "动车",
        "From": "南京南站",
        "To": "杭州西站",
        "BeginTime": "08:38",
        "EndTime": "10:11",
        "Duration": 1.55,
        "Cost": 142.17
    },
    {
        "TrainID": "G7607",
        "TrainType": "高铁",
        "From": "南京南站",
        "To": "杭州西站",
        "BeginTime": "14:42",
        "EndTime": "16:20",
        "Duration": 1.63,
        "Cost": 154.02
    },
    {
        "TrainID": "G1861",
        "TrainType": "高铁",
        "From": "南京南站",
        "To": "杭州西站",
        "BeginTime": "20:05",
        "EndTime": "21:33",
        "Duration": 1.5,
        "Cost": 154.02
    },
    {
        "TrainID": "G2667",
        "TrainType": "高铁",
        "From": "南京南站",
        "To": "杭州西站",
        "BeginTime": "19:20",
        "EndTime": "20:38",
        "Duration": 1.38,
        "Cost": 154.02
    },
    {
        "TrainID": "G7575",
        "TrainType": "高铁",
        "From": "南京南站",
        "To": "杭州东站",
        "BeginTime": "12:12",
        "EndTime": "15:19",
        "Duration": 3.17,
        "Cost": 154.02
    },
    {
        "TrainID": "T135",
        "TrainType": "特快",
        "From": "南京站",
        "To": "杭州南站",
        "BeginTime": "00:49",
        "EndTime": "06:46",
        "Duration": 6.05,
        "Cost": 118.47
    },
    {
        "TrainID": "G3105",
        "TrainType": "高铁",
        "From": "南京南站",
        "To": "杭州东站",
        "BeginTime": "11:30",
        "EndTime": "12:53",
        "Duration": 1.45,
        "Cost": 154.02
    },
    {
        "TrainID": "G7615",
        "TrainType": "高铁",
        "From": "南京南站",
        "To": "杭州东站",
        "BeginTime": "16:42",
        "EndTime": "18:11",
        "Duration": 1.55,
        "Cost": 154.02
    },
    {
        "TrainID": "G7669",
        "TrainType": "高铁",
        "From": "南京南站",
        "To": "杭州东站",
        "BeginTime": "12:29",
        "EndTime": "13:45",
        "Duration": 1.37,
        "Cost": 154.02
    },
    {
        "TrainID": "G7485",
        "TrainType": "高铁",
        "From": "南京南站",
        "To": "杭州东站",
        "BeginTime": "15:54",
        "EndTime": "17:17",
        "Duration": 1.47,
        "Cost": 154.02
    },
    {
        "TrainID": "D3239",
        "TrainType": "动车",
        "From": "南京南站",
        "To": "杭州东站",
        "BeginTime": "06:11",
        "EndTime": "07:21",
        "Duration": 1.17,
        "Cost": 142.17
    },
    {
        "TrainID": "G7673",
        "TrainType": "高铁",
        "From": "南京南站",
        "To": "杭州东站",
        "BeginTime": "14:29",
        "EndTime": "16:02",
        "Duration": 1.58,
        "Cost": 154.02
    },
    {
        "TrainID": "G7681",
        "TrainType": "高铁",
        "From": "南京南站",
        "To": "杭州东站",
        "BeginTime": "10:06",
        "EndTime": "11:36",
        "Duration": 1.57,
        "Cost": 154.02
    },
    {
        "TrainID": "G7481",
        "TrainType": "高铁",
        "From": "南京南站",
        "To": "杭州东站",
        "BeginTime": "13:17",
        "EndTime": "14:45",
        "Duration": 1.55,
        "Cost": 154.02
    },
    {
        "TrainID": "G7661",
        "TrainType": "高铁",
        "From": "南京南站",
        "To": "杭州东站",
        "BeginTime": "17:26",
        "EndTime": "18:54",
        "Duration": 1.58,
        "Cost": 154.02
    },
    {
        "TrainID": "G7691",
        "TrainType": "高铁",
        "From": "南京南站",
        "To": "杭州东站",
        "BeginTime": "09:44",
        "EndTime": "11:06",
        "Duration": 1.42,
        "Cost": 154.02
    },
    {
        "TrainID": "G7795",
        "TrainType": "高铁",
        "From": "南京南站",
        "To": "杭州东站",
        "BeginTime": "17:21",
        "EndTime": "18:49",
        "Duration": 1.58,
        "Cost": 154.02
    },
    {
        "TrainID": "G7609",
        "TrainType": "高铁",
        "From": "南京南站",
        "To": "杭州东站",
        "BeginTime": "08:51",
        "EndTime": "10:19",
        "Duration": 1.5,
        "Cost": 154.02
    },
    {
        "TrainID": "G7677",
        "TrainType": "高铁",
        "From": "南京南站",
        "To": "杭州东站",
        "BeginTime": "16:52",
        "EndTime": "18:21",
        "Duration": 1.55,
        "Cost": 154.02
    },
    {
        "TrainID": "G7477",
        "TrainType": "高铁",
        "From": "南京南站",
        "To": "杭州东站",
        "BeginTime": "09:33",
        "EndTime": "10:54",
        "Duration": 1.38,
        "Cost": 154.02
    },
    {
        "TrainID": "G7751",
        "TrainType": "高铁",
        "From": "南京南站",
        "To": "杭州东站",
        "BeginTime": "15:10",
        "EndTime": "16:42",
        "Duration": 1.6,
        "Cost": 154.02
    },
    {
        "TrainID": "G295",
        "TrainType": "高铁",
        "From": "南京南站",
        "To": "杭州东站",
        "BeginTime": "10:00",
        "EndTime": "11:26",
        "Duration": 1.58,
        "Cost": 154.02
    },
    {
        "TrainID": "G1731",
        "TrainType": "高铁",
        "From": "南京南站",
        "To": "杭州东站",
        "BeginTime": "10:42",
        "EndTime": "12:11",
        "Duration": 1.58,
        "Cost": 154.02
    },
    {
        "TrainID": "D2195",
        "TrainType": "动车",
        "From": "南京南站",
        "To": "杭州东站",
        "BeginTime": "09:50",
        "EndTime": "11:11",
        "Duration": 1.42,
        "Cost": 142.17
    },
    {
        "TrainID": "G589",
        "TrainType": "高铁",
        "From": "南京南站",
        "To": "杭州东站",
        "BeginTime": "15:31",
        "EndTime": "17:00",
        "Duration": 1.52,
        "Cost": 154.02
    },
    {
        "TrainID": "G445",
        "TrainType": "高铁",
        "From": "南京南站",
        "To": "杭州东站",
        "BeginTime": "15:14",
        "EndTime": "16:38",
        "Duration": 1.45,
        "Cost": 154.02
    },
    {
        "TrainID": "G2807",
        "TrainType": "高铁",
        "From": "南京南站",
        "To": "杭州东站",
        "BeginTime": "13:32",
        "EndTime": "15:19",
        "Duration": 1.85,
        "Cost": 154.02
    },
    {
        "TrainID": "G171",
        "TrainType": "高铁",
        "From": "南京南站",
        "To": "杭州东站",
        "BeginTime": "11:12",
        "EndTime": "12:20",
        "Duration": 1.17,
        "Cost": 154.02
    },
    {
        "TrainID": "K1511",
        "TrainType": "快速",
        "From": "南京站",
        "To": "杭州南站",
        "BeginTime": "00:56",
        "EndTime": "07:00",
        "Duration": 6.17,
        "Cost": 94.78
    },
    {
        "TrainID": "G3109",
        "TrainType": "高铁",
        "From": "南京南站",
        "To": "杭州西站",
        "BeginTime": "20:17",
        "EndTime": "21:47",
        "Duration": 1.62,
        "Cost": 154.02
    },
    {
        "TrainID": "G253",
        "TrainType": "高铁",
        "From": "南京南站",
        "To": "杭州西站",
        "BeginTime": "21:58",
        "EndTime": "23:09",
        "Duration": 1.23,
        "Cost": 154.02
    },
    {
        "TrainID": "G593",
        "TrainType": "高铁",
        "From": "南京南站",
        "To": "杭州西站",
        "BeginTime": "17:03",
        "EndTime": "18:28",
        "Duration": 1.5,
        "Cost": 154.02
    },
    {
        "TrainID": "K1808",
        "TrainType": "快速",
        "From": "南京站",
        "To": "杭州站",
        "BeginTime": "22:24",
        "EndTime": "06:40",
        "Duration": 8.58,
        "Cost": 94.78
    },
    {
        "TrainID": "D2194",
        "TrainType": "动车",
        "From": "南京南站",
        "To": "杭州西站",
        "BeginTime": "13:55",
        "EndTime": "15:27",
        "Duration": 1.6,
        "Cost": 142.17
    },
    {
        "TrainID": "G2670",
        "TrainType": "高铁",
        "From": "南京南站",
        "To": "杭州西站",
        "BeginTime": "19:20",
        "EndTime": "20:38",
        "Duration": 1.38,
        "Cost": 154.02
    },
    {
        "TrainID": "K50",
        "TrainType": "快速",
        "From": "南京站",
        "To": "杭州站",
        "BeginTime": "01:38",
        "EndTime": "09:12",
        "Duration": 7.68,
        "Cost": 94.78
    },
    {
        "TrainID": "G7472",
        "TrainType": "高铁",
        "From": "南京南站",
        "To": "杭州东站",
        "BeginTime": "08:28",
        "EndTime": "10:34",
        "Duration": 2.22,
        "Cost": 154.02
    },
    {
        "TrainID": "T114",
        "TrainType": "特快",
        "From": "南京站",
        "To": "杭州站",
        "BeginTime": "13:00",
        "EndTime": "18:22",
        "Duration": 5.48,
        "Cost": 118.47
    },
    {
        "TrainID": "K8354",
        "TrainType": "快速",
        "From": "南京站",
        "To": "杭州站",
        "BeginTime": "01:04",
        "EndTime": "06:28",
        "Duration": 5.5,
        "Cost": 94.78
    },
    {
        "TrainID": "G7794",
        "TrainType": "高铁",
        "From": "南京南站",
        "To": "杭州东站",
        "BeginTime": "10:00",
        "EndTime": "12:41",
        "Duration": 2.77,
        "Cost": 154.02
    },
    {
        "TrainID": "G7698",
        "TrainType": "高铁",
        "From": "南京南站",
        "To": "杭州东站",
        "BeginTime": "10:22",
        "EndTime": "12:06",
        "Duration": 1.8,
        "Cost": 154.02
    },
    {
        "TrainID": "K346",
        "TrainType": "快速",
        "From": "南京站",
        "To": "杭州站",
        "BeginTime": "20:10",
        "EndTime": "03:08",
        "Duration": 7.28,
        "Cost": 94.78
    },
    {
        "TrainID": "G7494",
        "TrainType": "高铁",
        "From": "南京南站",
        "To": "杭州东站",
        "BeginTime": "17:18",
        "EndTime": "20:17",
        "Duration": 3.07,
        "Cost": 154.02
    },
    {
        "TrainID": "G7594",
        "TrainType": "高铁",
        "From": "南京南站",
        "To": "杭州东站",
        "BeginTime": "09:42",
        "EndTime": "12:56",
        "Duration": 3.3,
        "Cost": 154.02
    },
    {
        "TrainID": "G256",
        "TrainType": "高铁",
        "From": "南京南站",
        "To": "杭州西站",
        "BeginTime": "21:58",
        "EndTime": "23:09",
        "Duration": 1.23,
        "Cost": 154.02
    },
    {
        "TrainID": "G284",
        "TrainType": "高铁",
        "From": "南京南站",
        "To": "杭州东站",
        "BeginTime": "12:09",
        "EndTime": "13:36",
        "Duration": 1.53,
        "Cost": 154.02
    },
    {
        "TrainID": "Z178",
        "TrainType": "直达特快",
        "From": "南京站",
        "To": "杭州站",
        "BeginTime": "00:03",
        "EndTime": "05:50",
        "Duration": 5.88,
        "Cost": 118.47
    },
    {
        "TrainID": "K554",
        "TrainType": "快速",
        "From": "南京站",
        "To": "杭州站",
        "BeginTime": "19:50",
        "EndTime": "02:36",
        "Duration": 7.07,
        "Cost": 94.78
    },
    {
        "TrainID": "K338",
        "TrainType": "快速",
        "From": "南京站",
        "To": "杭州南站",
        "BeginTime": "01:16",
        "EndTime": "07:27",
        "Duration": 6.28,
        "Cost": 94.78
    },
    {
        "TrainID": "G1226",
        "TrainType": "高铁",
        "From": "南京南站",
        "To": "杭州东站",
        "BeginTime": "17:03",
        "EndTime": "19:43",
        "Duration": 2.73,
        "Cost": 154.02
    },
    {
        "TrainID": "G1222",
        "TrainType": "高铁",
        "From": "南京南站",
        "To": "杭州东站",
        "BeginTime": "16:22",
        "EndTime": "17:37",
        "Duration": 1.33,
        "Cost": 154.02
    },
    {
        "TrainID": "G2622",
        "TrainType": "高铁",
        "From": "南京南站",
        "To": "杭州西站",
        "BeginTime": "19:03",
        "EndTime": "20:20",
        "Duration": 1.35,
        "Cost": 154.02
    },
    {
        "TrainID": "G1868",
        "TrainType": "高铁",
        "From": "南京南站",
        "To": "杭州东站",
        "BeginTime": "17:49",
        "EndTime": "20:21",
        "Duration": 2.57,
        "Cost": 154.02
    },
    {
        "TrainID": "G7374",
        "TrainType": "高铁",
        "From": "南京南站",
        "To": "杭州东站",
        "BeginTime": "16:04",
        "EndTime": "19:08",
        "Duration": 3.15,
        "Cost": 154.02
    },
    {
        "TrainID": "Z284",
        "TrainType": "直达特快",
        "From": "南京站",
        "To": "杭州站",
        "BeginTime": "05:19",
        "EndTime": "10:57",
        "Duration": 5.77,
        "Cost": 118.47
    },
    {
        "TrainID": "D2198",
        "TrainType": "动车",
        "From": "南京南站",
        "To": "杭州东站",
        "BeginTime": "09:50",
        "EndTime": "11:11",
        "Duration": 1.42,
        "Cost": 142.17
    },
    {
        "TrainID": "D2190",
        "TrainType": "动车",
        "From": "南京南站",
        "To": "杭州西站",
        "BeginTime": "12:34",
        "EndTime": "14:25",
        "Duration": 1.95,
        "Cost": 142.17
    },
    {
        "TrainID": "G7393",
        "TrainType": "高铁",
        "From": "南京南站",
        "To": "杭州站",
        "BeginTime": "08:02",
        "EndTime": "09:24",
        "Duration": 1.37,
        "Cost": 154.02
    },
    {
        "TrainID": "G7397",
        "TrainType": "高铁",
        "From": "南京南站",
        "To": "杭州站",
        "BeginTime": "18:33",
        "EndTime": "19:56",
        "Duration": 1.38,
        "Cost": 154.02
    },
    {
        "TrainID": "G1864",
        "TrainType": "高铁",
        "From": "南京南站",
        "To": "杭州西站",
        "BeginTime": "20:05",
        "EndTime": "21:33",
        "Duration": 1.5,
        "Cost": 154.02
    },
    {
        "TrainID": "G7378",
        "TrainType": "高铁",
        "From": "南京南站",
        "To": "杭州东站",
        "BeginTime": "10:58",
        "EndTime": "13:37",
        "Duration": 2.78,
        "Cost": 154.02
    },
    {
        "TrainID": "G7434",
        "TrainType": "高铁",
        "From": "南京南站",
        "To": "杭州东站",
        "BeginTime": "09:24",
        "EndTime": "12:15",
        "Duration": 2.9,
        "Cost": 154.02
    },
    {
        "TrainID": "G7598",
        "TrainType": "高铁",
        "From": "南京南站",
        "To": "杭州东站",
        "BeginTime": "11:03",
        "EndTime": "13:51",
        "Duration": 2.85,
        "Cost": 154.02
    },
    {
        "TrainID": "G7578",
        "TrainType": "高铁",
        "From": "南京南站",
        "To": "杭州东站",
        "BeginTime": "12:12",
        "EndTime": "15:19",
        "Duration": 3.17,
        "Cost": 154.02
    },
    {
        "TrainID": "G1664",
        "TrainType": "高铁",
        "From": "南京南站",
        "To": "杭州东站",
        "BeginTime": "08:32",
        "EndTime": "09:50",
        "Duration": 1.42,
        "Cost": 154.02
    },
    {
        "TrainID": "G1734",
        "TrainType": "高铁",
        "From": "南京南站",
        "To": "杭州东站",
        "BeginTime": "10:42",
        "EndTime": "12:11",
        "Duration": 1.58,
        "Cost": 154.02
    },
    {
        "TrainID": "G3191",
        "TrainType": "高铁",
        "From": "南京南站",
        "To": "杭州东站",
        "BeginTime": "20:57",
        "EndTime": "22:11",
        "Duration": 1.27,
        "Cost": 154.02
    },
    {
        "TrainID": "D17",
        "TrainType": "动车",
        "From": "南京站",
        "To": "杭州站",
        "BeginTime": "04:52",
        "EndTime": "09:00",
        "Duration": 4.23,
        "Cost": 142.17
    },
    {
        "TrainID": "D11",
        "TrainType": "动车",
        "From": "南京站",
        "To": "杭州站",
        "BeginTime": "07:03",
        "EndTime": "11:11",
        "Duration": 4.23,
        "Cost": 142.17
    },
    {
        "TrainID": "G7619",
        "TrainType": "高铁",
        "From": "南京南站",
        "To": "杭州东站",
        "BeginTime": "10:16",
        "EndTime": "11:41",
        "Duration": 1.5,
        "Cost": 154.02
    },
    {
        "TrainID": "D198",
        "TrainType": "动车",
        "From": "南京站",
        "To": "杭州站",
        "BeginTime": "07:26",
        "EndTime": "11:46",
        "Duration": 4.47,
        "Cost": 142.17
    },
    {
        "TrainID": "G1423",
        "TrainType": "高铁",
        "From": "南京南站",
        "To": "杭州西站",
        "BeginTime": "16:17",
        "EndTime": "17:47",
        "Duration": 1.5,
        "Cost": 154.02
    },
    {
        "TrainID": "G3075",
        "TrainType": "高铁",
        "From": "南京南站",
        "To": "杭州西站",
        "BeginTime": "07:35",
        "EndTime": "09:10",
        "Duration": 1.58,
        "Cost": 154.02
    },
    {
        "TrainID": "G7621",
        "TrainType": "高铁",
        "From": "南京南站",
        "To": "杭州西站",
        "BeginTime": "06:28",
        "EndTime": "07:53",
        "Duration": 1.42,
        "Cost": 154.02
    },
    {
        "TrainID": "G3266",
        "TrainType": "高铁",
        "From": "南京南站",
        "To": "杭州西站",
        "BeginTime": "16:02",
        "EndTime": "17:55",
        "Duration": 1.95,
        "Cost": 154.02
    },
    {
        "TrainID": "G2378",
        "TrainType": "高铁",
        "From": "南京南站",
        "To": "杭州西站",
        "BeginTime": "15:06",
        "EndTime": "17:12",
        "Duration": 2.17,
        "Cost": 154.02
    },
    {
        "TrainID": "D181",
        "TrainType": "动车",
        "From": "南京站",
        "To": "杭州站",
        "BeginTime": "04:46",
        "EndTime": "09:30",
        "Duration": 4.83,
        "Cost": 142.17
    },
    {
        "TrainID": "G3089",
        "TrainType": "高铁",
        "From": "南京南站",
        "To": "杭州西站",
        "BeginTime": "14:59",
        "EndTime": "16:31",
        "Duration": 1.53,
        "Cost": 154.02
    },
    {
        "TrainID": "G3093",
        "TrainType": "高铁",
        "From": "南京南站",
        "To": "杭州西站",
        "BeginTime": "08:12",
        "EndTime": "09:35",
        "Duration": 1.38,
        "Cost": 154.02
    },
    {
        "TrainID": "G3267",
        "TrainType": "高铁",
        "From": "南京南站",
        "To": "杭州西站",
        "BeginTime": "16:02",
        "EndTime": "17:55",
        "Duration": 1.95,
        "Cost": 154.02
    },
    {
        "TrainID": "G7667",
        "TrainType": "高铁",
        "From": "南京南站",
        "To": "杭州东站",
        "BeginTime": "14:04",
        "EndTime": "15:33",
        "Duration": 1.48,
        "Cost": 154.02
    },
    {
        "TrainID": "K5837",
        "TrainType": "快速",
        "From": "南京站",
        "To": "杭州站",
        "BeginTime": "00:38",
        "EndTime": "10:03",
        "Duration": 9.52,
        "Cost": 94.78
    },
    {
        "TrainID": "Y464",
        "TrainType": "旅游列车",
        "From": "南京站",
        "To": "杭州站",
        "BeginTime": "05:42",
        "EndTime": "14:26",
        "Duration": 9.02,
        "Cost": null
    }
]