[
    {
        "TrainID": "G1302",
        "TrainType": "高铁",
        "From": "广州南站",
        "To": "上海虹桥站",
        "BeginTime": "13:22",
        "EndTime": "21:51",
        "Duration": 8.63,
        "Cost": 787.73
    },
    {
        "TrainID": "G818",
        "TrainType": "高铁",
        "From": "广州南站",
        "To": "上海虹桥站",
        "BeginTime": "08:00",
        "EndTime": "14:48",
        "Duration": 6.8,
        "Cost": 787.73
    },
    {
        "TrainID": "G1306",
        "TrainType": "高铁",
        "From": "广州南站",
        "To": "上海虹桥站",
        "BeginTime": "15:25",
        "EndTime": "23:04",
        "Duration": 7.65,
        "Cost": 787.73
    },
    {
        "TrainID": "D942",
        "TrainType": "动车",
        "From": "广州南站",
        "To": "上海虹桥站",
        "BeginTime": "19:35",
        "EndTime": "07:00",
        "Duration": 11.83,
        "Cost": 727.13
    },
    {
        "TrainID": "D933",
        "TrainType": "动车",
        "From": "广州南站",
        "To": "上海虹桥站",
        "BeginTime": "19:20",
        "EndTime": "06:50",
        "Duration": 11.57,
        "Cost": 727.13
    },
    {
        "TrainID": "D937",
        "TrainType": "动车",
        "From": "广州南站",
        "To": "上海虹桥站",
        "BeginTime": "19:30",
        "EndTime": "06:55",
        "Duration": 11.42,
        "Cost": 727.13
    },
    {
        "TrainID": "T170",
        "TrainType": "特快",
        "From": "广州站",
        "To": "上海南站",
        "BeginTime": "14:56",
        "EndTime": "08:34",
        "Duration": 17.63,
        "Cost": 605.95
    },
    {
        "TrainID": "Z100",
        "TrainType": "直达特快",
        "From": "广州站",
        "To": "上海站",
        "BeginTime": "18:10",
        "EndTime": "10:40",
        "Duration": 16.5,
        "Cost": 605.95
    }
]