[
    {
        "TrainID": "G39",
        "TrainType": "高铁",
        "From": "北京南站",
        "To": "杭州东站",
        "BeginTime": "19:04",
        "EndTime": "23:22",
        "Duration": 4.3,
        "Cost": 730.27
    },
    {
        "TrainID": "G193",
        "TrainType": "高铁",
        "From": "北京南站",
        "To": "杭州东站",
        "BeginTime": "16:07",
        "EndTime": "22:04",
        "Duration": 5.95,
        "Cost": 730.27
    },
    {
        "TrainID": "G195",
        "TrainType": "高铁",
        "From": "北京南站",
        "To": "杭州东站",
        "BeginTime": "16:17",
        "EndTime": "22:16",
        "Duration": 5.98,
        "Cost": 730.27
    },
    {
        "TrainID": "G183",
        "TrainType": "高铁",
        "From": "北京南站",
        "To": "杭州东站",
        "BeginTime": "12:43",
        "EndTime": "18:33",
        "Duration": 5.83,
        "Cost": 730.27
    },
    {
        "TrainID": "G169",
        "TrainType": "高铁",
        "From": "北京南站",
        "To": "杭州东站",
        "BeginTime": "09:38",
        "EndTime": "15:38",
        "Duration": 6.0,
        "Cost": 730.27
    },
    {
        "TrainID": "G191",
        "TrainType": "高铁",
        "From": "北京南站",
        "To": "杭州东站",
        "BeginTime": "15:18",
        "EndTime": "21:26",
        "Duration": 6.13,
        "Cost": 730.27
    },
    {
        "TrainID": "G33",
        "TrainType": "高铁",
        "From": "北京南站",
        "To": "杭州东站",
        "BeginTime": "08:56",
        "EndTime": "13:26",
        "Duration": 4.5,
        "Cost": 730.27
    },
    {
        "TrainID": "G177",
        "TrainType": "高铁",
        "From": "北京南站",
        "To": "杭州东站",
        "BeginTime": "07:49",
        "EndTime": "13:56",
        "Duration": 6.12,
        "Cost": 730.27
    },
    {
        "TrainID": "G35",
        "TrainType": "高铁",
        "From": "北京南站",
        "To": "杭州东站",
        "BeginTime": "09:56",
        "EndTime": "14:26",
        "Duration": 4.5,
        "Cost": 730.27
    },
    {
        "TrainID": "G179",
        "TrainType": "高铁",
        "From": "北京南站",
        "To": "杭州东站",
        "BeginTime": "08:29",
        "EndTime": "14:13",
        "Duration": 5.73,
        "Cost": 730.27
    },
    {
        "TrainID": "G181",
        "TrainType": "高铁",
        "From": "北京南站",
        "To": "杭州东站",
        "BeginTime": "10:42",
        "EndTime": "17:08",
        "Duration": 6.43,
        "Cost": 730.27
    },
    {
        "TrainID": "G31",
        "TrainType": "高铁",
        "From": "北京南站",
        "To": "杭州东站",
        "BeginTime": "07:56",
        "EndTime": "12:33",
        "Duration": 4.62,
        "Cost": 730.27
    },
    {
        "TrainID": "G115",
        "TrainType": "高铁",
        "From": "北京南站",
        "To": "杭州东站",
        "BeginTime": "09:10",
        "EndTime": "15:47",
        "Duration": 6.62,
        "Cost": 730.27
    },
    {
        "TrainID": "G37",
        "TrainType": "高铁",
        "From": "北京南站",
        "To": "杭州西站",
        "BeginTime": "10:56",
        "EndTime": "15:44",
        "Duration": 4.8,
        "Cost": 730.27
    },
    {
        "TrainID": "G173",
        "TrainType": "高铁",
        "From": "北京南站",
        "To": "杭州东站",
        "BeginTime": "07:04",
        "EndTime": "13:02",
        "Duration": 5.97,
        "Cost": 730.27
    },
    {
        "TrainID": "G185",
        "TrainType": "高铁",
        "From": "北京南站",
        "To": "杭州东站",
        "BeginTime": "13:20",
        "EndTime": "19:16",
        "Duration": 5.93,
        "Cost": 730.27
    },
    {
        "TrainID": "G187",
        "TrainType": "高铁",
        "From": "北京南站",
        "To": "杭州东站",
        "BeginTime": "13:38",
        "EndTime": "19:42",
        "Duration": 6.07,
        "Cost": 730.27
    },
    {
        "TrainID": "G189",
        "TrainType": "高铁",
        "From": "北京南站",
        "To": "杭州东站",
        "BeginTime": "15:12",
        "EndTime": "21:01",
        "Duration": 5.82,
        "Cost": 730.27
    },
    {
        "TrainID": "G197",
        "TrainType": "高铁",
        "From": "北京南站",
        "To": "杭州东站",
        "BeginTime": "08:12",
        "EndTime": "13:50",
        "Duration": 5.63,
        "Cost": 730.27
    },
    {
        "TrainID": "Z281",
        "TrainType": "直达特快",
        "From": "北京丰台站",
        "To": "杭州站",
        "BeginTime": "19:21",
        "EndTime": "10:57",
        "Duration": 16.02,
        "Cost": 561.75
    },
    {
        "TrainID": "G171",
        "TrainType": "高铁",
        "From": "北京南站",
        "To": "杭州东站",
        "BeginTime": "06:30",
        "EndTime": "12:20",
        "Duration": 5.83,
        "Cost": 730.27
    },
    {
        "TrainID": "K1109",
        "TrainType": "快速",
        "From": "北京丰台站",
        "To": "杭州站",
        "BeginTime": "13:15",
        "EndTime": "08:54",
        "Duration": 19.65,
        "Cost": 449.4
    },
    {
        "TrainID": "Z284",
        "TrainType": "直达特快",
        "From": "北京丰台站",
        "To": "杭州站",
        "BeginTime": "19:21",
        "EndTime": "10:57",
        "Duration": 16.02,
        "Cost": 561.75
    },
    {
        "TrainID": "D17",
        "TrainType": "动车",
        "From": "北京站",
        "To": "杭州站",
        "BeginTime": "19:16",
        "EndTime": "09:00",
        "Duration": 13.73,
        "Cost": 674.09
    },
    {
        "TrainID": "D11",
        "TrainType": "动车",
        "From": "北京站",
        "To": "杭州站",
        "BeginTime": "21:15",
        "EndTime": "11:11",
        "Duration": 13.93,
        "Cost": 674.09
    },
    {
        "TrainID": "K1278",
        "TrainType": "快速",
        "From": "北京丰台站",
        "To": "杭州站",
        "BeginTime": "23:37",
        "EndTime": "20:38",
        "Duration": 21.88,
        "Cost": 449.4
    },
    {
        "TrainID": "G2557",
        "TrainType": "高铁",
        "From": "北京南站",
        "To": "杭州东站",
        "BeginTime": "14:04",
        "EndTime": "20:51",
        "Duration": 6.78,
        "Cost": 730.27
    }
]