[
    {
        "TrainID": "D367",
        "TrainType": "动车",
        "From": "武汉站",
        "To": "成都东站",
        "BeginTime": "07:35",
        "EndTime": "17:06",
        "Duration": 9.52,
        "Cost": 587.87
    },
    {
        "TrainID": "D2242",
        "TrainType": "动车",
        "From": "武汉站",
        "To": "成都东站",
        "BeginTime": "12:35",
        "EndTime": "22:12",
        "Duration": 9.72,
        "Cost": 587.87
    },
    {
        "TrainID": "D366",
        "TrainType": "动车",
        "From": "武汉站",
        "To": "成都东站",
        "BeginTime": "07:35",
        "EndTime": "17:06",
        "Duration": 9.52,
        "Cost": 587.87
    },
    {
        "TrainID": "D618",
        "TrainType": "动车",
        "From": "武汉站",
        "To": "成都东站",
        "BeginTime": "08:54",
        "EndTime": "18:50",
        "Duration": 9.93,
        "Cost": 587.87
    }
]