[
    {
        "TrainID": "D3057",
        "TrainType": "动车",
        "From": "苏州站",
        "To": "成都东站",
        "BeginTime": "08:06",
        "EndTime": "22:04",
        "Duration": 14.0,
        "Cost": 945.53
    },
    {
        "TrainID": "D353",
        "TrainType": "动车",
        "From": "苏州站",
        "To": "成都东站",
        "BeginTime": "06:49",
        "EndTime": "20:34",
        "Duration": 13.78,
        "Cost": 945.53
    },
    {
        "TrainID": "D637",
        "TrainType": "动车",
        "From": "苏州新区站",
        "To": "成都东站",
        "BeginTime": "07:11",
        "EndTime": "20:40",
        "Duration": 13.52,
        "Cost": 945.53
    },
    {
        "TrainID": "G1476",
        "TrainType": "高铁",
        "From": "苏州北站",
        "To": "成都东站",
        "BeginTime": "10:20",
        "EndTime": "22:25",
        "Duration": 12.18,
        "Cost": 1024.32
    },
    {
        "TrainID": "G1975",
        "TrainType": "高铁",
        "From": "苏州北站",
        "To": "成都东站",
        "BeginTime": "07:44",
        "EndTime": "18:28",
        "Duration": 10.78,
        "Cost": 1024.32
    },
    {
        "TrainID": "K282",
        "TrainType": "快速",
        "From": "苏州站",
        "To": "成都西站",
        "BeginTime": "21:43",
        "EndTime": "08:44",
        "Duration": 35.08,
        "Cost": 630.35
    },
    {
        "TrainID": "K1156",
        "TrainType": "快速",
        "From": "苏州站",
        "To": "成都西站",
        "BeginTime": "12:13",
        "EndTime": "17:55",
        "Duration": 29.92,
        "Cost": 630.35
    },
    {
        "TrainID": "K291",
        "TrainType": "快速",
        "From": "苏州站",
        "To": "成都西站",
        "BeginTime": "10:13",
        "EndTime": "19:13",
        "Duration": 33.1,
        "Cost": 630.35
    },
    {
        "TrainID": "D3056",
        "TrainType": "动车",
        "From": "苏州站",
        "To": "成都东站",
        "BeginTime": "08:06",
        "EndTime": "22:04",
        "Duration": 14.0,
        "Cost": 945.53
    },
    {
        "TrainID": "D352",
        "TrainType": "动车",
        "From": "苏州站",
        "To": "成都东站",
        "BeginTime": "06:49",
        "EndTime": "20:34",
        "Duration": 13.78,
        "Cost": 945.53
    },
    {
        "TrainID": "D636",
        "TrainType": "动车",
        "From": "苏州新区站",
        "To": "成都东站",
        "BeginTime": "07:11",
        "EndTime": "20:40",
        "Duration": 13.52,
        "Cost": 945.53
    },
    {
        "TrainID": "K290",
        "TrainType": "快速",
        "From": "苏州站",
        "To": "成都西站",
        "BeginTime": "10:13",
        "EndTime": "19:13",
        "Duration": 33.1,
        "Cost": 630.35
    },
    {
        "TrainID": "G1974",
        "TrainType": "高铁",
        "From": "苏州北站",
        "To": "成都东站",
        "BeginTime": "07:44",
        "EndTime": "18:28",
        "Duration": 10.78,
        "Cost": 1024.32
    },
    {
        "TrainID": "K1157",
        "TrainType": "快速",
        "From": "苏州站",
        "To": "成都西站",
        "BeginTime": "12:13",
        "EndTime": "17:55",
        "Duration": 29.92,
        "Cost": 630.35
    },
    {
        "TrainID": "K283",
        "TrainType": "快速",
        "From": "苏州站",
        "To": "成都西站",
        "BeginTime": "21:43",
        "EndTime": "08:44",
        "Duration": 35.08,
        "Cost": 630.35
    }
]