id,name,hotelname_en,featurehoteltype,lat,lon,price,numbed
0,杭州西湖湖滨平海路亚朵酒店,"Atour Hotel Pinghai Road, West Lake, Hangzhou",家庭房,30.254433,120.169771,482,1
1,杭州滨江开元名都大酒店,Grand New Century Hotel Binjiang Hangzhou,管家服务,30.169152,120.168127,498,2
2,杭州西溪谷君亭酒店,SSAW Boutique Hotel Hangzhou Xixi Park,管家服务,30.264508,120.106204,598,1
3,杭州海外海皇冠大酒店,Haiwaihai Crown Hotel,泳池,30.294193,120.159412,598,1
4,杭州湖山雷迪森庄园,Landison hushan Resort Hangzhou,湖景房,30.358211,120.201935,466,1
5,杭州西溪湿地亚朵酒店,Atour Hotel (Hangzhou Xixi Wetland),免费停车,30.257955,120.071142,350,1
6,浙江三立开元名都大酒店,Grand New Century Hotel Canal Hangzhou,行政酒廊,30.310393,120.159222,459,2
7,杭州钱塘璞硯酒店,The PuYan Hotel,免费停车,30.310149,120.33805,528,1
8,杭州中山西子湖酒店,Zhongshan West Lake Hotel Hangzhou,湖景房,30.254004,120.169733,499,1
9,杭州钱潮开元酒店,New Century Hotel Binjiang Hangzhou,江河景房,30.205832,120.209218,514,2
10,杭州火车东站亚朵酒店,Atour Hotel Hangzhou east railway station,免费停车,30.296208,120.202809,412,2
11,杭州华盛达雷迪森广场酒店,Landison HSD Plaza Hotel Hangzhou,多功能厅,30.324772,120.17902,507,2
12,杭州九堡客运中心璞硯酒店,Hangzhou Jiubao Passenger Transport Center puyan hotel,管家服务,30.309185,120.272213,470,1
13,杭州滨江Pagoda君亭设计酒店,Pagoda  Hotel Hangzhou Binjiang,江河景房,30.203529,120.196761,541,2
14,杭州钱江新城君亭酒店(近江地铁站店),Hangzhou Qianjiang New City SSAW Hotel,管家服务,30.230411,120.195464,499,1
15,杭州拱墅亚运公园亚朵酒店,Hangzhou GongShu Asian Games Park Atour Hotel,窗外好景,30.314895,120.108867,385,1
16,杭州安朴酒店,The Amber House Hangzhou,江河景房,30.180374,120.131903,552,2
17,杭州滨江宝龙艺珺酒店,Hangzhou Binjiang Powerlong Juntels Hotel,机器人服务,30.188592,120.167121,499,2
18,杭州宝盛水博园大酒店,Hangzhou Blossom Water Museum Hotel,泳池,30.2558,120.313314,478,1
19,杭州宝鼎开元名都大酒店,Grand New Century HotelGrand New Century Hotel Linping Hangzhou,泳池,30.475083,120.200886,486,1
20,浙江省人民大会堂宾馆,Zhejiang Great Hall of the people Hotel,免费停车,30.263833,120.154517,486,2
21,杭州钱王开元名都酒店,Grand New Century Hotel Linan Hangzhou,免费停车,30.229412,119.716507,570,1
22,杭州白马湖建国饭店,White Horse Lake Jianguo Hotel,泳池,30.161489,120.203711,498,2
23,杭州逸酒店,The East Hotel,管家服务,30.281218,120.154141,499,2
24,杭州紫金港Pagoda君亭设计酒店,Hangzhou Zijingang Pagoda SSAW Design Hotel,家庭房,30.311631,120.076522,492,2
25,杭州艺尚雷迪森广场酒店,LANDISON PLAZA  E-FASHION  HOTEL  HANGZHOU,泳池,30.385572,120.291436,499,1
26,杭州紫金港莎玛酒店,Shama Serviced Apartments Zijingang Hangzhou,管家服务,30.29942,120.097448,420,2
27,杭州中都青山湖畔大酒店,Hangzhou Wonderland Hotel,泳池,30.228687,119.764833,578,2
28,杭州钱江湾开元名都酒店,Hangzhou Qianjiangwan New Century Grand Hotel,家庭房,30.168164,120.134016,488,1
29,杭州金马饭店,Jinma Palace,泳池,30.170511,120.287331,425,1
30,杭州西湖武林Pagoda君亭设计酒店,Hangzhou West Lake Wulin Pagoda Junting Design Hotel,管家服务,30.269229,120.168384,538,1
31,杭州锦豪雷迪森酒店,Landison Jinhao Hotel Hangzhou,停车场,30.007298,119.92966,447,1
32,杭州西湖中维香溢大酒店,Hangzhou West Lake Zhongwei Xiangyi Hotel,机器人服务,30.251167,120.174776,409,2
33,杭州开元名都大酒店,New Century Grand Hotel Hangzhou,泳池,30.179774,120.268289,580,2
34,浙江饭店,Zhejiang Hotel,免费停车,30.263373,120.163326,486,1
35,杭州滨江奥体亚朵S酒店,Atour S Hotel Hangzhou Binjiang Olympic Sports,免费停车,30.211329,120.216655,605,2
36,杭州友好饭店,Friendship Hotel Hangzhou,免费停车,30.253756,120.166437,528,2
37,杭州望湖宾馆,Lakeview Hotel Hangzhou,窗外好景,30.258457,120.158973,607,1
38,杭州西湖庆春路城际酒店,IntercityHotel Hangzhou West Lake Qingchun Road,免费停车,30.258103,120.190361,597,1
39,杭州星都宾馆,Hangzhou Xingdu Hotel,免费停车,30.27906,120.153823,468,1
40,杭州马可波罗假日酒店(西湖店),Merchant Marco Hotel,湖景房,30.254476,120.168205,439,1
41,桔子水晶杭州西湖湖滨银泰酒店,Crystal Orange Hotel(Hangzhou West Lake),湖畔美居,30.251102,120.171332,431,1
42,杭州钱江世纪城国际博览中心希尔顿欢朋酒店,Hampton by Hilton Hangzhou Qianjiang Century City International Expo Center,免费停车,30.233822,120.255283,406,1
43,杭州雷迪森铂丽大饭店,Grand Parkray Hangzhou,泳池,30.203022,120.268241,600,2
44,杭州西湖仁和饭店(湖滨银泰龙翔桥店),Ren He Hotel,湖景房,30.252076,120.163529,412,1
45,杭州西湖希尔顿欢朋酒店,Hampton by Hilton,免费停车,30.25701,120.183338,517,1
46,杭州西湖东智选假日酒店,Holiday Inn Express Hangzhou West Lake East,免费停车,30.245503,120.181963,450,1
47,桔子水晶杭州西湖酒店,Crystal Orange Hotel (Hangzhou West Lake),机器人服务,30.237964,120.158613,519,1
48,杭州西湖亚朵音乐酒店,Atour  Music Hotel(Hangzhou West Lake ),免费停车,30.267026,120.128707,500,1
49,杭州博奥开元名都酒店,Grand New Century Hotel (Hangzhou Boao),泳池,30.183031,120.24237,580,1
50,浙江大酒店,Zhejiang Grand Hotel,充电桩,30.268885,120.162888,480,2
51,杭州萧山人民广场希尔顿欢朋酒店,Hampton by Hilton Hangzhou Xiaoshan People's Square,免费停车,30.188408,120.266725,499,2
52,杭州西湖湖滨中山北路亚朵酒店,Atour Hotel(Hangzhou Zhongshan North Road),免费停车,30.260517,120.1689,491,1
53,杭州殊胜龙井酒店,Hangzhou Shusheng Longjing Floor Heating Hotel,管家服务,30.245905,120.123139,618,1
54,杭州浙旅开元名庭大酒店,Hangzhou Zhelv Kaiyuan Mingting Hotel,免费停车,30.286356,120.218951,400,1
55,杭州西湖湖滨延安路亚朵X酒店,"Yaduo X Hotel, Yan'an Road, West Lake, Hangzhou",湖畔美居,30.257614,120.164192,526,1
56,杭州富春山居高尔夫度假村,Fuchun Mountain Residence Golf Resort,桑拿,30.077079,119.993296,2105,2
57,杭州西溪景顺丽呈酒店,Hangzhou Xixi Jingshun Rezen Hotel,泳池,30.228629,120.049879,363,1
58,杭州浙大紫金港美爵酒店,Grand Mercure Hangzhou Zijingang,泳池,30.310454,120.112551,539,1
59,杭州新天地丽笙酒店,Radisson Blu Hangzhou Xintiandi,SPA,30.326301,120.17902,672,1
60,杭州博地中心丽筠酒店,Radisson Hangzhou Qianjiang,泳池,30.234977,120.251933,607,2
61,杭州花家山庄,Hangzhou Hua Jia Shan Resort,湖景房,30.223352,120.132363,758,2
62,杭州西湖大华饭店,Grand Hotel,中式庭院,30.248944,120.160143,917,2
63,桔子水晶杭州钱江新城西湖酒店,Orange Crystal Hangzhou Qianjiang New Town West Lake Hotel,江河景房,30.235413,120.195336,413,1
64,杭州中科久泰饭店,Hangzhou Jiutai Hotel,泳池,30.239425,120.212509,1288,2
65,杭州西溪悦榕庄,Banyan Tree Hangzhou,泳池,30.267338,120.087028,2325,1
66,杭州温德姆至尊豪廷大酒店,Wyndham Grand Plaza Royale Hangzhou,山景房,30.262684,120.159057,860,1
67,杭州君悦酒店,Grand Hyatt Hangzhou,动人夜景,30.254835,120.161509,1495,2
68,CityNote希诺酒店(杭州西湖湖滨银泰店),CityNote Hotel (Hangzhou Xihu Lakeside Yintai Branch),湖景房,30.250372,120.168973,333,1
69,杭州万合酒店(西湖风景区水澄桥地铁站店),Vanhe Hotel,免费停车,30.206154,120.156867,428,1
70,杭州黄龙饭店,The Dragon Hotel Hangzhou,桑拿,30.266832,120.143189,800,1
71,凤起潮鸣·黄龙饭店,Feng Qi Chao Ming·The Dragon,泳池,30.263682,120.186911,799,2
72,浙江西湖山庄,West Lake Villa,山景房,30.255122,120.141576,1078,1
73,杭州所见·西溪度假酒店,Savoir Resort,设计师酒店,30.275334,120.068692,2310,2
74,杭州法云安缦,Amanfayun,泳池,30.235328,120.097504,5750,2
75,杭州英冠索菲特酒店,Sofitel Hangzhou Yingguan,SPA,30.206904,120.249002,1080,1
76,杭州绿城尊蓝钱江豪华精选酒店,"The Azure Qiantang, a Luxury Collection Hotel, Hangzhou",泳池,30.22464,120.196688,1199,2
77,罗莱夏朵·杭州紫萱度假村,Relais & Chateaux Seven Villas Hangzhou,桑拿,30.229213,120.133714,3900,2
78,杭州滨江星光大道亚朵酒店,Atour Hotel Hangzhou Binjiang Avenue of Stars,免费停车,30.209172,120.205202,491,1
79,杭州木守西溪酒店,Small Luxury Hotels of The Word-Hangzhou Muh Shoou Xixi Hotel,泳池,30.255041,120.053005,2300,1
80,杭州良渚洲际酒店,Intercontinental Hangzhou Liangzhu,泳池,30.363859,120.057596,989,1
81,杭州龙湖紫荆天街帕卡城市酒店,Parca Rezen Hotel,SPA,30.322643,120.100222,399,2
82,杭州湘湖逍遥庄园,Xianghu Xiaoyao Manor,桑拿,30.157594,120.231249,1088,2
83,杭州城北文澜大酒店,Northern Wenlan Hangzhou Hotel,泳池,30.305217,120.127802,607,2
84,杭州滨江宝龙城亚朵酒店,Atour Hotel Hangzhou Binjiang Baolongcheng,机器人服务,30.185971,120.171103,447,1
85,杭州西溪天堂丽呈西轩酒店,Rezen High Xuan SPA Hotel Hangzhou Xixi,管家服务,30.26527,120.087509,724,1
86,杭州心隅设计师酒店,The Nook Hotel Hangzhou,山景房,30.26868,120.111646,590,1
87,杭州上城英迪格酒店,"Indigo Hangzhou Uptown, an IHG Hotel",泳池,30.204505,120.151211,924,2
88,杭州钱江新城雷迪森维嘉酒店,Veegle By Landison Hotel Hangzhou Qianjiang New City,免费停车,30.238804,120.208113,356,1
89,杭州西湖武林广场延安路亚朵X酒店,"Atour X Hotel, Yan'an Road, Wulin Square, West Lake, Hangzhou",免费停车,30.266229,120.164277,429,1
90,杭州纳德世家,Nade ShiJia,免费停车,30.273204,120.157524,499,1
91,杭州钱江新城庆春广场亚朵酒店,Atour HotelHangzhou Qianjiang Xincheng qingchun Square Atour Hotel,免费停车,30.262108,120.207157,420,2
92,美豪丽致酒店(杭州钱江世纪城奥体博览城店),LIZ HOTEL,免费停车,30.23004,120.252871,464,1
93,杭州西湖文化广场地铁站上塘路亚朵酒店,"Atour Hotel (Shangtang Road, West Lake Culture Square)",免费停车,30.280024,120.169883,412,1
94,杭州湘湖逍遥庄园·香园,XIANGHU XIAOYAO MANOR XIANG VILLA,泳池,30.157595,120.231247,2567,2
95,丽呈東谷酒店(杭州钱江世纪城奥体博览城店),Rezen Dong Hotel Hangzhou Qianjiang Century City Olympic and International Expo Center,免费停车,30.231255,120.258188,429,1
96,杭州西溪喜来登度假大酒店,Sheraton Grand Hangzhou Wetland Park Resort,桑拿,30.267639,120.088753,799,2
97,杭州远洋凯宾斯基酒店,Kempinski Hotel Hangzhou,桑拿,30.306642,120.140958,1030,1
98,杭州云中径度假酒店,Hangzhou Yunzhongjing Resort,泳池,30.193701,120.094306,1288,2
99,杭州Vallie酒店,Vallie Hotel,管家服务,30.196725,120.131664,5800,2
100,杭州钱江新城禧玥酒店,JOYA Hangzhou Qianjiang CBD,免费停车,30.241558,120.206425,793,1
101,杭州萧山众安假日酒店,Holiday Inn Hangzhou Xiaoshan Zhong an,免费停车,30.17796,120.263125,408,2
102,杭州国寿君澜大饭店,Guoshou Narada Grand Hotel,免费停车,30.250219,120.210929,948,2
103,杭州西溪悦椿度假酒店,Angsana Hangzhou,泳池,30.26566,120.088592,630,1
104,杭州奥克斯中心皇冠假日酒店,Crowne Plaza HANGZHOU SCIENCE CITY,行政酒廊,30.280249,119.998152,973,1
105,杭州明豪voco酒店,voco Hangzhou Binjiang Minghao,管家服务,30.202743,120.202772,804,1
106,宜尚PLUS酒店(杭州滨江星光大道店),ECHARM PLUS Hotel Hangzhou(Binjiang Star Avenue ),免费停车,30.208324,120.209671,383,1
107,杭州新新饭店,Hangzhou The New Hotel,历史名宅,30.256038,120.143979,1108,1
108,杭州托尼洛·兰博基尼ROSSO酒店,Tonino Lamborghini Rosso Hangzhou,亲子主题房,30.236837,120.256672,1399,1
109,杭州西湖蝶来雅谷泉山庄,Deefly Yagu Resort,园林建筑,30.226011,120.131945,811,2
110,杭州奥体华美达安可酒店,Ramada Encore by Wyndham Hangzhou Aoti,免费停车,30.236584,120.238982,449,1
111,杭州凡云西溪酒店,HANGZHOU FAERY XIXI HOTEL,湖景房,30.274281,120.069982,1699,1
112,杭州西溪花间堂,Blossom House Xixi Hangzhou,管家服务,30.251353,120.054187,862,2
113,杭州庐境西溪酒店,The Lucid Resort Xixi,泳池,30.281847,120.066618,637,1
114,杭州千禧度假酒店,Millennium Resort Hangzhou,泳池,30.189194,120.116638,888,1
115,杭州国际博览中心北辰大酒店,North Star Hangzhou International Expo Center Hotel,免费停车,30.229753,120.240919,638,1
116,杭州西溪谷天目里亚朵酒店,Atour Hotel (Hangzhou Xixigu),免费停车,30.26279,120.09903,464,2
117,杭州转塘美院希尔顿欢朋酒店,Hampton by Hilton Hangzhou Zhuantang Meiyuan,免费停车,30.145628,120.071157,411,1
118,杭州天目山英迪格酒店,Indigo Hangzhou Tianmushan,泳池,30.256308,119.480167,883,2
119,艺龙酒店(杭州武林广场建国北路店),Yilong Hotel,家庭房,30.265725,120.180414,340,1
120,杭州西湖安隅酒店,ANYU Hotel Hangzhou,山景房,30.217365,120.136139,1798,1
121,丽呈東谷酒店(杭州龙湖西溪天街浙江大学紫金港店),Rezen Dong Hotel (Hangzhou Xixi Longhu Paradise Walk),免费停车,30.295054,120.06891,415,1
122,杭州九里云松度假酒店,Pins De La Brume Hotel,SPA,30.24484,120.113264,1599,1
123,杭州滨江江陵路亚朵酒店,Atour Hotel (Hangzhou Binjiang Jiangling Road),免费停车,30.183205,120.218617,540,1
124,无它心舍(杭州鸬鸟店),Wuta Xinshe Tangquan Homestay (Hangzhou Stork Branch),私人泳池,30.463839,119.752872,1093,2
125,杭州雷迪森龙井庄园,Landison Longjing Resort Hangzhou,日光浴场,30.228962,120.114142,740,1
126,杭州萧山江南科技城希尔顿欢朋酒店,Hampton by Hilton Hangzhou Xiaoshan Jiangnan Technology City,免费停车,30.237888,120.347764,429,2
127,桔子水晶杭州萧山建设三路酒店,Crystal Orange Hotel (Hangzhou Xiaoshn Jianshesan Road),免费停车,30.203869,120.267359,404,1
128,杭州西湖区万怡酒店,Courtyard By Marriott Hangzhou Xihu,免费停车,30.329179,120.038282,688,1
129,罗莱夏朵·杭州湖边邨酒店,Relais & Chateaux Chaptel Hangzhou,历史名宅,30.256292,120.161025,2565,2
130,杭州未来科技城希尔顿欢朋酒店(阿里巴巴西溪园区店),Hampton by Hilton Hangzhou Future Technology City (Alibaba Basixi Park),免费停车,30.284171,120.015469,545,1
131,杭州西湖湖滨亚朵酒店,Atour Hotel (Hangzhou West Lake),免费停车,30.263288,120.160649,464,1
132,杭州滨江天街书香世家酒店,Binjiang Scholars Hotel,免费停车,30.195992,120.214323,398,1
133,杭州拱宸桥·财神院(京杭大运河店),Fortune Yard,停车场,30.31692,120.138174,1435,2
134,杭州奥克伍德国际酒店公寓,Oakwood Residence Hangzhou,桑拿,30.27429,120.136798,708,2
135,洲至奢选杭州华夏之心酒店,Continental Luxury Hotel Hangzhou Huaxia Heart Hotel,泳池,30.283141,120.001886,848,2
136,杭州中冶和璟酒店(西湖店),Zhongyihejing Hotel,健身室,30.291011,120.133909,352,1
137,城市西游里酒店(西湖湖滨店),City West Tourist Hotel (West Lake Hubin Branch),家庭房,30.263489,120.163109,543,1
138,杭州未来科技城同派酒店(火车西站店),Hangzhou Future Technology City Tongpai Hotel (West Railway Station),免费停车,30.281666,119.995632,418,1
139,杭州西湖相宜妆园,West Lake Soeng Ji Villa,空调,30.208564,120.156384,899,1
140,杭州径山1977酒店,Hangzhou Jingshan 1977 Hotel,网红泳池,30.331518,119.879199,704,2
141,杭州新天地万枫酒店,Fairfield by Marriott Hangzhou Xintiandi,免费停车,30.322535,120.182428,405,1
142,杭州陌领融郡精品度假酒店,Mollin Room Dreams Art Resort,免费停车,30.174294,120.03766,898,1
143,浙江国际雷迪森广场酒店,PLAZA INTERNATIONAL HOTEL.ZHEJIANG,机器人服务,30.269064,120.170324,394,1
144,杭州浙大城市学院西联桥亚朵酒店,"Atour Hotel West Lianqiao, Zhejiang University, Hangzhou",窗外好景,30.317549,120.164865,385,1
145,湘湖自由庄园,Xianghu Liberty Manor,网红泳池,30.134225,120.207774,1081,1
146,杭州紫金港国际饭店,Zijingang International Hotel,免费停车,30.306753,120.094615,444,2
147,杭州领军酒店(钱江新城店),Hangzhou Lingjun Hotel Apartment (Qianjiang New Town Shop),酒店公寓,30.251302,120.219729,414,1
148,杭州西湖黄龙城际酒店,Intercity Hangzhou West Lake Huanglong Hotel,停车场,30.27234,120.117588,430,1
149,杭州野风君亭酒店,SSAW Boutique Hotel Hangzhou Wildwind,免费停车,30.288868,120.17535,523,2
150,那云星空宿酒店(杭州西溪店),Nayun Xingkong  Hotel (Hangzhou Xixi Branch),免费停车,30.254715,120.020336,400,1
151,杭州滨江浙商发展大厦亚朵S酒店,Atour S Hotel Hangzhou Binjiang Zheshang Development Building,家庭房,30.196881,120.195761,535,1
152,美豪丽致酒店(杭州西溪湿地科技城店),Mehood Lestie Hotel (Hangzhou Xixi Wetland Science and Technology City),免费停车,30.251441,120.038992,347,1
153,杭州四季青庆菱路地铁站亚朵酒店,Atour Hotel Hangzhou Siji Qingqingyu Road Metro Station,停车场,30.25817,120.192269,394,1
154,杭州浙大圆正启真水晶酒店,Qizhen Crystal Hotel,免费停车,30.301519,120.097684,359,2
155,杭州大厦,Hangzhou Tower Hotel,免费停车,30.271902,120.161119,558,1
156,杭州悦东湖美仑国际酒店,Grand Madison Hangzhou  Yuedonghu Hotel,免费停车,30.429314,120.307869,395,1
157,杭州运河海歆酒店,Hang zhou Canal Seagull Hotel,停车场,30.367565,120.136993,356,2
158,花筑·杭州轩湖阁民宿,Floral Hotel · Xuan Hu Ge Hangzhou,免费停车,30.406678,119.890739,450,1
159,之江印象君亭酒店(杭州转塘美院象山地铁站店),SSAW Boutique Hotel ZHIJIANG IMPRESSION,免费停车,30.145491,120.077791,388,1
160,杭州凤凰艺馆酒店,Hangzhou Phoenix Creative Hotel,管家服务,30.139096,120.070128,298,2
161,杭州华顶国际大酒店,Huading International Hotel,免费停车,30.288366,120.113225,414,2
162,浙江宾馆,Zhejiang Hotel,湖景房,30.232228,120.128058,589,1
163,时光漫步S酒店(杭州西湖银泰店),Nostalgia S Hotel (Hangzhou West Lake Yintai),家庭房,30.240082,120.174671,401,1
164,杭州溪上云间酒店,Xishang Yunjian Holiday Hotel,免费停车,30.272987,120.069251,494,1
165,杭州西溪元茂福楼酒店,Yuanmao Fulou Hotel,免费停车,30.264696,120.090083,488,2
166,杭州西溪素上酒店,Xixi Susun Hotel,免费停车,30.246022,120.05569,387,1
167,杭州拱墅假日酒店,Holiday Inn Hangzhou Gongshu,免费停车,30.324909,120.120593,497,1
168,宝盛道谷酒店(杭州奥体中心店),Blossom Tao Hotel (Hangzhou International Expo Center),免费停车,30.238444,120.246341,409,1
169,浙江金都宾馆,Jindu Hotel,免费停车,30.271708,120.137099,396,1
170,Gallery27艺术中心酒店(滨江星光大道店),Gallery27 hotel(bingjiangxingguangdadaodian),影音房,30.20692,120.210525,458,1
171,天目山上客堂禅意酒店,Shangketang Chanye Hotel,免费停车,30.321541,119.448333,474,2
172,杭州西溪瑞莱克斯大酒店,Relax Hotel,免费停车,30.25646,120.038685,349,1
173,杭州运·河院子酒店,The Grand Canal Courtyard Hangzhou,江河景房,30.306521,120.137372,493,2
174,杭州花千谷民宿,Huaqiangu Hostel,免费停车,30.387915,119.563448,535,2
175,杭州临安夏尔·亲子度假溯溪民宿,Hangzhou Lin'an Xia'er · Parent Child Vacation and River Tracing Homestay,免费停车,30.373748,119.56274,499,1
176,兰斐酒店(杭州钱江世纪城奥体中心店),Lanfei Hotel (Hangzhou Qianjiang Century City Olympic Sports Center),免费停车,30.23164,120.257303,357,2
177,嘉海·Yaza House酒店,Jiahai • Yaza House Hotel,免费停车,30.270321,120.135023,505,1
178,杭州帝景大酒店,Dijing Hotel,免费停车,30.289021,120.066177,363,1
179,西湖若白雅苑民宿(浴鹄湾店),Ruobai Yayuan Homestay,免费停车,30.224803,120.137131,947,1
180,杭州大会展中心假日酒店,Holiday Inn Hangzhou Grand Convention and Exhibition Center (GCEC),停车场,30.267845,120.415515,505,2
181,杭州余杭王位山恬园美垆民宿,Hangzhou Yuhang Wangwei Mountain Liyuan Meiyi Homestay,免费停车,30.473187,119.799286,432,1
182,天港漫非酒店(杭州西湖区店),Tiangang Manfei Hotel (Hangzhou Xihu District Branch),网红泳池,30.254735,120.130635,360,1
183,杭州电子科技大学国际交流中心酒店,International Communication Center of HUD,免费停车,30.311533,120.34707,376,1
184,亲橙客栈(云谷店),Qincheng Inn,停车场,30.316989,120.022218,388,1
185,杭州洪园·栖溪隐秀度假山庄,Hangzhou Hongyuan Qixi YinXiu Holiday Resort,管家服务,30.266824,120.048445,558,1
186,杭州东方银河汇酒店,Grand Hyatt Hangzhou Galaxy Hotel,免费停车,30.251091,120.219876,413,1
187,杭州柏锦花园酒店,Hangzhou Bojin Huayuan Hotel,免费停车,30.244314,120.034319,388,1
188,杭州钱江世纪城智选假日酒店,Holiday Inn Express Hangzhou Qianjiang Century City,停车场,30.21608,120.270871,352,1
189,西湖简象酒店(龙井桂雨店),West Lake Ele Jane Hotel (Longjing Guiyu Branch),民宿,30.216916,120.123592,480,2
190,西湖天伦精品酒店,West Lake Tea Boutique Hotel,免费停车,30.258241,120.123454,458,2
191,杭州朱阁民宿(西湖景区店),Hangzhou Zhuge Homestay (Xihu Scenic Area),免费停车,30.215972,120.117609,657,1
192,杭州西湖新侨饭店,Hangzhou West Lake Xinqiao Hotel,免费停车,30.250737,120.165582,381,1
193,杭州西湖武林广场建国北路亚朵酒店,Atour Hotel Jianguo North Road Wulin Square West Lake Hangzhou,免费停车,30.264858,120.181204,403,1
194,全季酒店(杭州大江东宝龙广场店),All Seasons Hotel (Hangzhou Dajiang Dongbaolong Plaza),免费停车,30.302997,120.494308,440,1
195,杭州觅萩野民宿,Hangzhou mi qiu ye Guesthouse,山景房,30.219022,120.122089,675,1
196,西湖己度民宿,Jidu Guesthouse,充电桩,30.239358,120.106992,431,1
197,杭州华辰国际饭店(西湖湖滨店),Huachen International Hotel,充电桩,30.253942,120.168061,348,1
198,杭州隐三里·觅鸬设计师度假民宿,Hangzhou Yinsanli Milu Designer Holiday Homestay,免费停车,30.456189,119.749133,578,1
199,朵一·法式小墅(西湖景区店),Duoyi French Villa (Xihu Scenic Area),免费停车,30.216957,120.117668,556,1
200,杭州马可波罗滨湖酒店(西湖湖滨店),Merchant Marco Edgelake Hotel,动人夜景,30.249309,120.166053,232,1
201,西湖蜜隐禅和源酒店,Miyinchanhe Hotel,民宿,30.244103,120.108087,498,1
202,杭州乐朴云安民宿,Lepu YunAn Inn,民宿,30.244469,119.076012,401,2
203,昊颐酒店(杭州西湖南宋御街店),Haoyi Hotel(Hangzhou West Lake Southern Song Yujie store),管家服务,30.244866,120.170782,259,1
204,林隐西庐民宿(杭州西湖吴山广场店),Lin Yin Xi Lu (Hangzhou West Lake Wushan Square),山景房,30.234113,120.162879,698,1
205,杭州不足山宿(西湖景区店),Hangzhou Insufficient Mountain Su (Xihu Scenic Area Branch),山景房,30.21872,120.11848,487,2
206,杭州临安平萍民宿,Hangzhou Lin'an Pingxuan Homestay,日光浴场,30.256537,119.101785,640,1
207,杭州余杭区鸬鸟镇径锡民宿,Hangzhou Jingxi Homestay,免费停车,30.406599,119.761839,535,2
208,简语民宿(杭州西湖风景区店),Jianyu Hostel,小而美,30.214042,120.117485,590,1
209,花筑·杭州竺隐园民宿,Floral Hotel·Hangzhou Zhuyin Garden Homestay,智能马桶,30.237747,120.10698,527,1
210,维也纳国际酒店(杭州未来科技城店),Vienna International Hotel (Hangzhou Weilai Science City),会议厅,30.286562,120.016801,353,1
211,杭州新天地骊悦酒店,Leyue Hotel Hangzhou Xintiandi,SPA,30.323923,120.183023,320,1
212,杭州径山寺溪山竹院,Hangzhou Jingshan Temple Xishan Bamboo Courtyard,免费停车,30.359924,119.840615,588,1
213,书香世家酒店(杭州西湖武林广场浙大店),Scholars Hotel (Hangzhou West Lake Wulin Square Zhejiang University),免费停车,30.289707,120.145196,314,1
214,西湖枕流居民宿,West Lake Pillow Residence,家庭房,30.213024,120.117709,368,1
215,杭州西湖闲处民宿(太子湾店),Rock Wood Cozy House,民宿,30.2267,120.13296,583,2
216,杭州一曲溪流一曲烟民宿,"A stream, a smoke Inn",免费停车,30.088501,118.988104,508,2
217,殊胜寻真2号院(灵隐寺店),Shusheng Xunzhen No.2 Courtyard (Lingyin Temple Branch),管家服务,30.245253,120.110553,678,2
218,艺龙电竞酒店(杭州西湖湖滨建国北路地铁站店),Yilong E-Sports Hotel (Hangzhou West Lake Hubin Jianguo North Road Subway Station Branch),电竞房,30.265562,120.180313,399,2
219,王位山·原上星空·野奢美宿,Throne Mountain·Original Starry Sky·Wild Luxurious Beauty Stay,免费停车,30.479596,119.807082,520,1
220,杭州西湖茗白山景民宿(西湖景区店),Hangzhou West Lake - Baishanjing Homestay (Xihu Scenic Area),免费停车,30.216169,120.138046,495,1
221,杭州西湖河坊街亚朵酒店,Atour Hotel (Hangzhou West Lake Hefang Street),免费停车,30.233106,120.174408,385,1
222,杭州未远酒店,Hangzhou Weiyuan Hotel,免费停车,30.2277,120.133625,550,1
223,杭州上舍民宿,Shang She Hostel,民宿,30.117705,119.254658,382,2
224,杭州凤起饭店,Fengqi Hotel,免费停车,30.263669,120.162583,462,2
225,杭州西湖云上茶宿,Floral Hotel· Langya Pavilion Tea Hotel,民宿,30.218404,120.122641,385,2
226,杭州道合森房车露营基地,DHS RV Camping,免费停车,30.400236,119.840273,686,2
227,坛曲云舍民宿(杭州指南村店),Tanqu Yunshe Homestay (Hangzhou Zhizhicun Branch),免费停车,30.36298,119.579424,497,1
228,花筑·临安简宋山居(指南村店),Floral Hotel·Jian Song Shanju (Guide Village Store),日光浴场,30.364036,119.579756,450,2
229,杭州西湖银泰南宋御街轻居酒店,Hangzhou West Lake Southern Song Dynasty Yujie Light Hotel,停车场,30.245249,120.170792,407,1
230,临安温泉物语亲子度假民宿,Lin'an Hot Spring Story Private Hot Spring Resort B&B,民宿,30.039694,119.167572,417,1
231,云渡·临安山野度假民宿(大明山风之谷店),Yundu Lin'an Mountain Wild Resort Homestay (Daming Mountain Fengzhigu Branch),免费停车,30.114911,119.22048,608,1
232,杭州径山慕茗山居,Hangzhou Jingshan MumingMountain Residence,免费停车,30.397154,119.798852,426,2
233,杭州临安后山别院,Hangzhou Lin'an Houshan Bieyuan,免费停车,30.102879,119.239307,479,1
234,杭州童尚集·尚居民宿,Hangzhou tongshangji · Shangju house,茶室,30.238972,120.171775,604,2
235,杭州小茅堰民宿(双溪竹海径山店),Hangzhou Xiaomaoyu Homestay (Shuangxi Zhuhaijingshan Branch),免费停车,30.427313,119.916963,388,2
236,茶·醒香山房,Tea·Awakening Shanfang,免费停车,30.218122,120.129132,445,1
237,曼居酒店(杭州萧山机场南阳店),Manju Hotel • Hangzhou xiaoshan Airport Nanyang,免费停车,30.2749,120.43017,440,2
238,杭州质感空间民宿,Home stay in Hangzhou,免费停车,30.237042,119.766011,420,2
239,杭州山也民宿(西湖景区店),Hangzhou Shanye B&B (West Lake Scenic Area Branch),免费停车,30.215291,120.118803,500,1
240,杭州初忆小院民宿,Chuyi Courtyard Hostel,民宿,30.099031,119.249871,466,1
241,云中居民宿(杭州西湖龙井店),Yunzhongju Hostel,山景房,30.217978,120.117187,375,1
242,北上,Northern Upper,免费停车,30.083252,118.992091,677,2
243,王位山云宿·且停山居,Wangyishan Yunsu·Qingtingshanju,免费停车,30.479638,119.806375,475,2
244,杭州临安依隅民宿,yiyu,免费停车,30.163308,119.267833,530,2
245,杭州萧山梅里云居民宿,Hangzhou Xiaoshan Meiliyun Bed&Breakfast,免费停车,29.992049,120.221601,403,1
246,留白民宿(杭州富阳龙鳞坝景区店),Hangzhou Fuyang Liubai Homestay,免费停车,29.811051,119.948907,464,1
247,杭州同坞里乡居美墅,Tongwuli Countryside Villa,免费停车,30.203179,120.057779,523,2
248,余杭观岚酒店(又见山风店),Yuhang Guanlan Hotel (See Nature Again),免费停车,30.318907,119.878708,646,2
249,杭州林栖·吴山小院,Linxi Wushan Inn,桑拿,30.238027,120.165948,547,2
250,杭州心宿归源精品民宿,Xinsu Guiyuan Boutique Hotel,免费停车,30.415381,119.570468,574,1
251,瑾馨酒店,Jinxin Hotel,免费停车,30.289181,120.047017,408,2
252,微泮·杭州南野初见·Light luxury·度假美宿(临安指南村店),Hangzhou Nanye Chujian Light luxury Terraced Private Tangmeisu (Lin'an Taihuyuan Zhizhicun Branch),免费停车,30.373406,119.576521,616,1
253,杭州云树酒店,Aventree Hotel,免费停车,30.22035,120.116425,506,1
254,杭州临安云上白牛民宿,Hangzhou Lin'an Yunshang Bainiu Homestay,家庭房,30.181166,119.173627,384,2
255,杭州山和院民宿,Hangzhou Mountain & Garden Homestay,免费停车,30.344876,119.81336,527,2
256,杭州莲遇酒店,Lotus Glade Hotel,免费停车,30.247197,120.131821,502,2
257,杭州西湖薇花园民宿(太子湾店),We Garden Hotel,民宿,30.217332,120.134722,483,2
258,杭州末阁民宿,MO GE HOMESTAY HOTEL,民宿,30.063274,118.989313,494,2
259,西湖方圆小舍,fangyuan Homestay,民宿,30.195182,120.11548,418,2
260,浙江大学圆正·西溪宾馆,"Zhejiang University, Yuanzheng Xixi Hotel",免费停车,30.27241,120.145331,448,1
261,觅野·ins设计师轻奢度假美宿(河桥镇店),Hangzhou Miye Homestay,免费停车,30.086388,119.252029,467,1
262,杭州本诺民宿,Hangzhou Beno Hostel,免费停车,30.214505,120.11822,551,2
263,杭州半亩塘露营艺术庄园,Hangzhou Banmutang Camping Art Manor,钓鱼,30.139802,119.245919,529,1
264,杭州寻觅民宿,Meet B & B,免费停车,30.172736,120.031546,413,1
265,桔子水晶杭州火车东站酒店,Crystal Orange Hotel (Hangzhou East Railway Station),免费停车,30.289193,120.206034,369,1
266,杭州兮园民宿,Xiyuan Hostel,免费停车,30.343827,119.813398,507,1
267,天目山澄境民宿,Tianmushan Chengjing Homestay,免费停车,30.368117,119.42129,526,2
268,杭州庐隐民宿,Luyin Guesthouse,免费停车,30.294419,119.08986,539,2
269,杭州临安云泊天目养生庄园,Yunbo Tianmu Yangsheng Manor,别墅,30.359278,119.445612,453,2
270,杭州径禅山居民宿(双溪漂流店),Hangzhou Jingchanshan Juzhu B&B (Shuangxi Drifting Store),免费停车,30.40457,119.8362,531,2
271,豪雅酒店(杭州西湖灵隐寺店),Haoiar Hotel (Hangzhou West Lake Lingyin Temple),湖畔美居,30.239737,120.125256,496,2
272,舜地三和园·和墅(西湖断桥店),Hangzhou Sanheyuan Viila,免费停车,30.262356,120.148667,521,1
273,杭州香积.隐域运河别院(香积寺地铁站店),Hangzhou Xiangji. Yinyu Canal Bieyuan (Xiangji Temple Subway Station),管家服务,30.298095,120.146317,607,1
274,逸涧房民宿(西湖灵隐寺店),Yijianfang Homestay (West Lake and Lingyin Temple Branch),家庭房,30.244545,120.10865,458,1
275,临安从前·慢民宿,Lin'an Congqian. Man Hostel,免费停车,30.427486,119.557982,529,1
276,MEISHU公寓(西湖中国美院店),MEISHU,多功能厅,30.246518,120.162845,373,1
277,杭州西子有约民宿,Xiziyouyue,免费停车,30.225907,120.134342,435,2
278,云庐·Wheat Field园林度假民宿(临安风之谷店),Yunxiao Wheat Field Gardens Resort (Lin'an Fengzhigu Branch),免费停车,30.117908,119.256832,411,1
279,翡冷翠·临安鸢尾乡宿(天目山店),Florence·de-luce hotel of Lin an (Tian mu shan First),客栈,30.36506,119.432372,557,2
280,杭州海华大酒店(西湖店),HaiHua   Grand Hotel Hangzhou,免费停车,30.258492,120.160675,368,1
281,杭州天目山归园居田民宿,Resumption of Garden,免费停车,30.331814,119.466837,438,2
282,杭州山好美宿,Hangzhou mountain is a beautiful place to stay,免费停车,30.172217,120.027129,498,2
283,MEISHU公寓(西湖音乐喷泉店),MUISHU apartment,湖畔美居,30.254681,120.16251,395,1
284,杭州林影夜归伴山美宿,Linying Yegui Guesthouse,民宿,30.245373,120.107145,538,2
285,慧梵智选公寓(杭州吉利海康威视店),Witfun Artificial Intelligence Apartment (HIKVISION),酒店公寓,30.210589,120.22505,384,2
286,杭州虎跑山庄,Hupao Mountain Resort,免费停车,30.205001,120.132499,545,2
287,云漫·指间民宿(杭州太湖源指南村店),Yunman·Shijian Guesthouse (Hangzhou Taihuyuan Guide Village),免费停车,30.364488,119.579678,470,1
288,杭州塘湾栖巷民宿,Hangzhou Lin 'an Tong Wan Qixiang boutique homestay,免费停车,30.164072,119.216339,474,2
289,忆泊酒店(杭州西湖武林广场店),EBO Hotel(Hangzhou West Lake Wulin Square Store),免费停车,30.270769,120.15721,349,1
290,杭州莲花宾馆(西湖武林门地铁站店),Lotus Hotel,免费停车,30.268233,120.156331,462,1
291,美豪丽致酒店(杭州西湖黄龙体育中心旗舰店),LESTIE HOTEL,免费停车,30.27102,120.13259,427,2
292,杭州七月留白民宿,Qiyue Liubai Hostel,免费停车,30.172501,120.030833,452,1
293,顾猫宁公寓(杭州西溪银泰店),Gu Maoning Apartment (Hangzhou Xixi Yintai Branch),24小时前台,30.292151,120.070667,364,2
294,顾猫宁公寓(杭州万象城店),Good Morning Hotel(hangzhou xintiandi shopping mall store),酒店公寓,30.253536,120.21356,326,1
295,杭州钱王家宴·映越山水,Linan Qianwang Culture Feast Resort Hotel,民宿,30.225079,119.690559,481,1
296,温创电竞酒店(杭州龙湖紫荆天街三墩地铁站店),Wenchuang E-sports Hotel (Hangzhou Longhu Zijing Tianjie Sandun Subway Station),免费停车,30.326693,120.098769,386,1
297,枫吟小境·Petrichor环山观景·团队轰趴Villa美宿(红叶指南店),Fengyin Xiaojing·Petrichor Huanshan Viewing·Team Party Villa Meisu (Red Leaf Guide Store),免费停车,30.364493,119.57888,422,1
298,杭州悦豪庭酒店(钱江新城万象城店),Hangzhou Yuehaoting Apartment,泳池,30.251302,120.219729,411,1
299,前庄日记·避暑漂流·溯溪露营·悠然Villa(云上草原店),Qianzhuang Diary · Summer Drifting · Suxi Camping · Youran Villa (Yunshang Grassland Store),山景房,30.461209,119.747126,475,2
300,杭州苇草公寓(西湖风景区店),Hangzhou Weicao Apartment (West Lake Scenic Area Branch),停车场,30.265152,120.164659,296,1
301,在田野民宿(龙鳞坝景区店),zaitianye,家庭房,29.813098,119.949263,386,1
302,杭州西湖东坡酒店,Dongpo Hotel,湖景房,30.252974,120.163699,368,1
303,杭州滨江开元名庭酒店,New Century Mingting Hotel (Hangzhou Binjiang),免费停车,30.199137,120.211335,396,1
304,杭州下沙轻居酒店,HangZhou XiaSha Atour Light Hotel,免费停车,30.301957,120.350148,350,1
305,和颐至尚酒店(杭州西湖湖滨南山路店),Hutchison Hotel (Hangzhou  West Lake Hu Bin  Nanshan Road Shop),免费停车,30.245361,120.16492,269,1
306,享也·Daily life度假美墅(杭州湍口镇店),Xiangye Daily life Holiday Meishu (Hangzhou Lukou Town Branch),免费停车,30.038169,119.167321,514,1
307,维也纳国际酒店(杭州火车东站店),Vienna International Hotel (Hangzhou East Railway Station),免费停车,30.290571,120.217957,279,1
308,杭州笙酒店(西湖风景区店),Hangzhou Suns Hotel,泳池,30.274776,120.136494,606,1
309,杭州西湖科技园亚朵酒店,Hangzhou West Lake Science and Technology Park Atour Hotel,免费停车,30.327825,120.067525,394,1
310,福元酒店(杭州东站店),Fuyuan Hotel,充电桩,30.296443,120.214886,312,2
311,杭州舞云山居民宿(浙西大峡谷店),Hangzhou Wuyun Mountain Residence,免费停车,30.253505,119.054388,358,2
312,杭州如院民宿(西湖灵隐店),Hangzhou Ruyuan Homestay (West Lake Lingyin Branch),家庭房,30.244071,120.106461,459,1
313,建国·璞隐酒店(杭州庆春广场店),Jianguo Puyin Hotel Hangzhou Qingchun Plaza,免费停车,30.25898,120.207202,312,2
314,杭州隐兮茶宿(西湖灵隐店),Hangzhou Yinxi Tea House (West Lake Lingyin),山景房,30.24377,120.106144,451,1
315,杭州西溪谷灵隐亚朵酒店,Atour Hotel Hangzhou Xixigu Lingyin,免费停车,30.255958,120.084501,368,2
316,杭州萧山人民广场亚朵酒店,Atour Hotel (Xiaoshan People's Square),免费停车,30.180166,120.272,394,2
317,杭州新天地中大银泰亚朵酒店,Hangzhou Xintiandi Zhongda Yintai Atour Hotel,免费停车,30.331013,120.175697,394,1
318,忆泊酒店(杭州临平店),Ebo Hotel (Hangzhou Linping),免费停车,30.415633,120.311556,309,1
319,杭州东站诺富特酒店,Novotel Hang Zhou East Railway Sation,免费停车,30.278407,120.220737,380,2
320,杭州波罗蜜民宿,Artocarpus Guest House,停车场,30.384626,119.781622,539,1
321,杭州东站开元名庭酒店,Hangzhou East Railway Station Maison New Century Hotel,免费停车,30.299771,120.203056,355,1
322,杭州四季青庆春广场漫心酒店,Man Xin Hotel Hangzhou Sijiqingqingchun Square,免费停车,30.259658,120.195778,323,1
323,杭州武林广场保俶路亚朵酒店,Atour Hotel，Baochu Road，Wulin Square Hangzhou,免费停车,30.286439,120.141308,394,2
324,杭州忆竹屋民宿(山沟沟景区店),Hangzhouyizhuwu,免费停车,30.433614,119.720432,467,2
325,杭州尤金忆江南(江滨澜廷店),HangZhou Eugene Hotel,影音房,30.21519,120.211016,379,1
326,雷迪森梅苑宾馆,Radisson Meiyuan Hotel,会议厅,30.287977,120.144737,382,2
327,全季酒店(杭州西湖解放路店),Ji Hotel (Hangzhou West Lake Jiefang Road),免费停车,30.252044,120.17266,289,1
328,杭州绿谷景澜酒店,Lvgu Jinglan Hotel,免费停车,30.309479,120.251757,318,1
329,丽呈東谷酒店(杭州九堡地铁站店),Rezen Dong Hotel (Hangzhou Jiubao Subway Station),多功能厅,30.315203,120.259553,359,1
330,曼居酒店(杭州萧山国际机场店),Manju·Hangzhou Xiaoshan International Airport Store,会议厅,30.228789,120.427728,257,2
331,MAX电竞公寓(杭州钱江新城店),MAX E-sports Apartment (Hangzhou Qianjiang New Town Shop),24小时前台,30.240623,120.205282,362,1
332,维也纳国际酒店(杭州火车西站店),Vienna International Hotel (Hangzhou West Railway Station),免费停车,30.279845,119.989164,273,1
333,杭州文一路亚朵X酒店,Atour Hotel,免费停车,30.288565,120.123606,368,1
334,嘉虹酒店(杭州西湖河坊街店),SKYBIRDHOTEL(West Lake),家庭房,30.243998,120.170613,299,2
335,杭州金溪山庄,Jinxi Hotel,园林建筑,30.249117,120.129985,798,2
336,杭州运河亚朵酒店,Atour Hotel (Hangzhou Canal),免费停车,30.332871,120.107336,376,1
337,桔子水晶杭州西湖武林广场银泰酒店,Orange Crystal Hangzhou West Lake Wulin Plaza Yintai Hotel,免费停车,30.269648,120.167282,378,1
338,锦辰酒店(杭州黄龙体育中心店),Jinchen Hotel (Hangzhou Huanglong Sports Center),免费停车,30.282912,120.129672,299,1
339,杭州火车东站东广场亚朵酒店,"Atour Hotel East Plaza, Hangzhou East Railway Station",免费停车,30.298268,120.227298,394,1
340,杭州云廊小庐(西湖灵隐店),Hangzhou Yunlang Xiaoxuan (West Lake Lingyin Branch),山景房,30.205378,120.08872,398,1
341,杭州池上民宿,Hangzhou Chishang Homestay,免费停车,30.461628,119.749355,419,1
342,杭州万华国际酒店,Vanwarm Hotel,SPA,30.307985,120.178836,374,1
343,杭州博京国际酒店(三墩北部软件园店),Hangzhou Bojing International Hotel,免费停车,30.334424,120.098806,258,2
344,湘湖沐心岛房车度假营,Muxindao RV Holiday Camp,免费停车,30.136385,120.212644,759,2
345,杭州 Panda E-sport 主题公寓(龙湖滨江天街店),Panda E-sport Hotel,洗衣房,30.200205,120.202372,388,2
346,杭州雅庭酒店 (武林广场沈塘桥地铁站店),Hangzhou Yating Hotel,免费停车,30.274749,120.149876,238,1
347,杭州铂兰酒店(滨江宝龙城伟业路地铁站店),Yulan Hotel,免费停车,30.184548,120.163469,187,1
348,杭州良渚开元颐居酒店,HangzhouLiangzhuKaiyuanYijuHotel,免费停车,30.345814,120.119333,278,1
349,鸬鸟鸭爸爸农场民宿,Cloulds & Pubu ·The Lodge In Woods,家庭房,30.464948,119.741066,390,2
350,杭州世纪雷迪森庄园酒店,LANDISON RETREAT CENTURY HANGZHOU,免费停车,30.243758,120.234942,399,2
351,杭州西湖武林广场兰欧国际酒店,"Lan'ou International Hotel, Wulin Square, West Lake, Hangzhou",影音房,30.270119,120.155695,298,1
352,杭州盛捷国际办公中心服务公寓,Somerset IOC Hangzhou,免费停车,30.237582,120.235067,541,2
353,杭州东新瑞莱克斯大酒店,Dongxin Relax Hotel,免费停车,30.326268,120.172861,275,1
354,杭州余杭温德姆花园酒店,Wyndham Garden Hotel Hangzhou Yuhang,免费停车,30.281666,119.995632,671,1
355,杭州得一舍民宿(西湖灵隐寺店),Hangzhou suanaishe homestay,管家服务,30.245932,120.109723,299,1
356,建国·璞隐酒店(杭州西溪湿地留下地铁站店),Jianguo Puyin Hotel (Hangzhou Xixi Wetland Zhejiang University of Technology Branch),免费停车,30.240494,120.052778,258,1
357,天港禧悦酒店(杭州西湖武林广场店),Tiangang Yue Hotel (Hangzhou West Lake Wulin Square),免费停车,30.272931,120.151166,276,2
358,杭州·诗意栖居环山观景旅行秘境美宿(富阳龙鳞坝景区店),Hangzhou Poetic Qiju Huanshan Viewing Travel Secret Land Meisu (Fuyang Longlinba Scenic Area),家庭房,29.80484,119.954214,282,1
359,蔚徕酒店(杭州萧山机场店),Vyluk Hotel (Hangzhou Xiaoshan Airport Store),管家服务,30.224151,120.415702,292,2
360,丽呈睿轩酒店(杭州萧山国际机场永盛路地铁站店),Rezen Select Hotel (Hangzhou Xiaoshan International Airport Yongsheng Road Subway Station Branch),免费停车,30.235159,120.471704,240,1
361,杭州富阳开元颐居酒店(桂花路店),Hangzhou Fuyang Kaiyuan Yiju Hotel (Guihua Road),免费停车,30.049753,119.961461,266,2
362,杭州颐和酒店(杭州钱江世纪城店),Hang ZHou YIHotel (Hangzhou Qianjiang Century New City),充电桩,30.232526,120.256044,252,1
363,铂曼公寓(杭州钱江新城店),Pullman Hotel (Hangzhou Qianjiang New Town store),洗衣机,30.237611,120.206858,222,2
364,钟灵水岸·Camping温泉度假美宿(西湖灵隐景区店),Zhongling Waterfront Camping Hot Spring Holiday Meisu (West Lake Lingyin Scenic Area Branch),窗外好景,30.244851,120.10647,573,1
365,杭州林涧居民宿(浙大玉泉店),Hangzhou Linjian Residential Dormitory (Zhejiang University Yuquan Branch),管家服务,30.258488,120.118073,199,1
366,MAX电玩公寓(杭州星光大道店),MAX  E-sports  Apartments,24小时前台,30.207182,120.209169,261,1
367,星与辰西溪酒店(西溪湿地北地铁站),StarChain Xixi Hotel (Xixi Wetland North Subway Station),免费停车,30.282024,120.067985,246,1
368,陌上酒店杭州西湖湖滨银泰店,Moshang Hotel Hangzhou West Lake Hubin Yintai Branch,影音房,30.257672,120.170886,277,1
369,澜奢酒店(杭州西湖庆春路浙一店),"Lanshe Hotel (Zheyi Branch, Qingchun Road, West Lake, Hangzhou)",免费停车,30.257685,120.18466,187,1
370,西竺山舍民宿(西湖灵隐店),West Lake Lingyin West Zhu Mountain home,免费停车,30.245003,120.109691,358,1
371,维也纳国际酒店(杭州天目里店),Vienna International Hotel,窗外好景,30.26249,120.100107,326,1
372,杭州季箐江景酒店,HangZhouJiQingRiverViewHotel,酒店公寓,30.214315,120.209913,306,1
373,领航酒店(杭州钱江世纪城店),Pilot Hotel (Hangzhou United Center),24小时前台,30.229846,120.25514,184,1
374,游孑假日酒店(杭州火车东站店),Larvae Holiday Inn (Hangzhou East Railway Station),24小时前台,30.291722,120.207886,168,2
375,逸澍酒店(杭州城西银泰店),Cozytree Hotel(Hangzhou West Intime),免费停车,30.301609,120.112466,368,1
376,化城壹处禅酒店(杭州径山店),Huacheng Yichu Zen Culture Boutique Hotel (Hangzhou Jingshan),免费停车,30.401837,119.822543,879,2
377,白也民宿(西湖店),Baiye Homestay (West Lake Branch),影音房,30.217535,120.134875,149,1
