id,name,lat,lon,price,cuisine,opentime,endtime,recommendedfood
0,福和慧,31.2186429,121.429698,1280.0,素食,11:30,22:30,"笋,茄子,山药,芋艿,干巴菌,春饼"
1,くろぎ Kurogi 黑木,31.2450477,121.4872493,3312.0,日本料理,12:00,21:00, 
2,甬府(黄浦店),31.2210123,121.4613288,600.0,江浙菜,11:00,21:00,"宁式十八斩,黄鱼狮子头,秘制小龙虾,宁波汤圆,干煎带鱼,油渣芋艿羹,沙蒜烧豆面,勇派文煨牛小排,海瓜子"
3,上海浦东丽思卡尔顿酒店·金轩中餐厅,31.2364209,121.5012431,1026.0,粤菜,11:30,21:30,"黑椒澳洲牛柳粒,黑松露挂炉烤鸭,瑶柱带子蛋白炒饭,野菌鲜虾饺,杨枝甘露,黑松露银鳕鱼"
4,上海王宝和大酒店·上海餐厅,31.2346516,121.4804362,290.0,本帮菜,11:30,22:00,"特色清蟹粉,冰镇小龙虾,王宝和清水大闸蟹,黑椒煎牛排,蟹粉豆腐,蟹粉小笼"
5,人和馆(肇嘉浜路店),31.2017634,121.45806,203.0,本帮菜,11:00,21:30,"本帮熏鱼,杏鲍菇猪颈肉,上汤时蔬,冷菜拼盘,豉油皇蒸多宝鱼,芝士焗贝肉,老上海酱爆猪肝,陈皮鸡,蟹粉捞饭,蜂窝豆腐"
6,上海静安香格里拉大酒店·1515牛排馆·酒吧,31.2230595,121.4506414,611.0,西餐,11:30,21:30,"鳕鱼,伊比利亚猪排,布拉塔芝士,经典焦糖布丁,腌制三文鱼,海鲜拼盘,芒果椰香蛋白酥,超级海鲜碗,M5战斧牛排1.3千克,M5酒馆牛排800克"
7,上海璞丽酒店·斐霓丝PHENIX,31.222289,121.44838,1141.0,西餐,12:00,21:00,"油封蛋黄，菌菇，甜豆，黑松露,荔枝木炭炙烤布列塔尼蓝龙虾，烟熏黄金柳，花生，鸡油菌,新西兰 Lumina 羊排，羊鞍，羊里脊，巴巴琼，三叶,手工精选挪威扇贝，博福尔奶酪，芦笋，棕榈芯,干式熟成纯血 M9 和牛，土豆，索尔费里诺酱,脆皮乳猪，洋姜，腌制芥末籽，山苏叶,挪威深海鳌虾，枸杞，夏威夷果，香草汁,油封鸭肝，无花果，西西里岛开心果，沙捞越黑胡椒粒,蔬菜清汤，自制乳清芝士饺子,馥璞鲟鱼子酱，日本黄尾鱼，老虎汁"
8,Large Eight Italy Lounge&Restaurant大八意大利酒廊西餐厅(1862时尚艺术中心店),31.2445688,121.5139513,498.0,西餐,10:00,24:00,"波士顿龙虾天使意面,圣露杰鹅肝慕斯配卡露伽鱼子酱百香果酱&黑醋酱,M3和牛塔塔配沙巴央汁,香煎白味增深海黑鳕鱼佐卡露伽鱼子百香果酱,孕育,109华氏低温环煮新西兰帝王鲑"
9,东方明珠·空中旋转餐厅,31.2398331,121.4998212,375.0,自助餐,11:00,21:00,"法式蜗牛,烤羊排,芝士焗小青龙,铁板牛肉"
10,Kathleen's Waitan 凯圣琳K外滩西餐厅(外滩店),31.2191353,121.5066133,735.0,西餐,11:00,00:30, 
11,上海浦东丽晶酒店·尚席中餐厅·粤菜,31.2341704,121.5100492,460.0,粤菜,11:30,21:00,"上海熏鱼,黑豚肥腩叉烧,酸奶桂花枸杞冻"
12,南兴园,31.2061332,121.4406651,1337.0,川菜,11:00,22:00,"开水白菜,青椒肉丝,宫保鸡丁,麻婆豆腐,锅贴虾糕,雪花虾淖"
13,上海浦东丽思卡尔顿酒店·Scena di Angelo,31.2364669,121.5012241,532.0,西餐,06:30,21:30,"提拉米苏,焦糖布丁,鹅肝"
14,上海外滩W酒店·标帜餐厅 The Kitchen Table,31.2488949,121.4971353,441.0,西餐,06:30,22:30,"W海陆双拼,盐焗果木烤大比目鱼,澳大利亚9级和牛谷饲战斧带骨,摩洛哥风味炖羊肩,腌制剑鱼,草莓奶油蛋糕,浓郁巧克力熔岩,巴斯克芝士蛋糕,烤哈罗米芝士塔博勒色拉,香烤三文鱼"
15,爱玲EILEEN(环球金融中心店),31.2350756,121.5079698,298.0,本帮菜,11:00,21:00,"龙虾汤泡饭,龙虾汤面疙瘩,火焰盐烧富贵鸡"
16,POP露台餐厅·望江阁,31.2339974,121.4907269,398.0,西餐,11:00,23:00,"自制三文鱼塔塔，芥末酸奶酱，藜麦，三文鱼鱼籽，腌南瓜,冷肉拼盘精选,品味3款鱼子酱,香煎鸭胸配鹅肝，胡萝卜泥，无花果酱，皱皮卷心菜，四川花椒汁,海鲜烩饭，节瓜，蛤蜊，红虾，蓝口贝，八爪鱼菠菜泥，芝士,烤乳鸽，杏铺酱，本地松茸，腌肉土豆球，青椒汁,蛤蜊意大利面  长相思白葡萄酒， 辣椒，蛤蜊，意大利芹，大蒜,新鲜空运生蚝,白巧克力榴莲云朵蛋糕"
17,菁禧荟(外滩店),31.2263167,121.4985046,885.0,粤菜,11:00,22:00,"冻马友鱼饭,脆皮金沙参,潮州烧花胶扒,潮州卤猪手,老潮州菜脯饭"
18,Maison Lameloise 莱美露滋(上海中心店),31.2337476,121.5053901,1800.0,西餐,18:00,20:30,"海鲈鱼,蜗牛章鱼,鹌鹑蛋红酒酱干葱冷汤,炸蜗牛裹墨鱼汁面包"
19,上海建业里嘉佩乐酒店·Le Comptoir de Pierre Gagnaire,31.2033023,121.4519854,1359.0,西餐,12:00,21:00, 
20,福1039,31.2185044,121.4296479,431.0,本帮菜,11:00,23:00, 
21,上海新天地朗廷酒店·凯旋餐厅 Cachet,31.2217156,121.4740336,280.0,西餐,06:30,22:30,"法式吐司,荔枝虾球,芒果大虾色拉"
22,大壶春(四川中路店),31.2347489,121.4893005,29.0,小吃,07:00,19:30,"鲜肉生煎,虾肉生煎,咖喱牛肉汤,蟹壳黄,鲜虾小馄饨,千张包粉丝汤"
23,Mercato by Jean-Georges意大利餐厅,31.2341707,121.4907598,600.0,西餐,17:30,22:00,"黑松露披萨，三种芝士和有机鸡蛋,酥脆牛肋排,龙虾和虾仁饺子,自制乳清芝士配时令果酱，橄榄油和香烤面包"
24,Erman岩烧牛排(虹桥南丰城店),31.2077222,121.4082961,515.0,西餐,11:30,22:00, 
25,上海镛舍酒店·Frasca(南京西路店),31.229592,121.4635448,471.0,西餐,11:30,22:00,"炭烤战斧牛排,波士顿龙虾面,m5肉眼牛排,进口水牛芝士,提拉米苏"
26,上海艾迪逊酒店·Shanghai Tavern 西餐厅,31.2376246,121.4858606,366.0,西餐,06:30,22:00,"牛肉鞑靼,肉眼牛排,海胆饭,野菌汤,蓝莓芝士蛋糕"
27,上海宝格丽酒店·IL RISTORANTE - NIKO ROMITO,31.2430384,121.4814855,1078.0,西餐,11:30,21:00,"脆皮小乳猪,龙虾意面,香煎冰岛鳌虾配土豆泥,生牛肉carpaccio,小牛肉配金枪鱼酱,黑鳕鱼配菠菜"
28,上海老饭店(豫园店),31.2276406,121.4906449,234.0,本帮菜,11:00,20:30,"桂花拉糕,八宝鸭,虾籽大乌参,XO八宝辣酱,清炒水晶虾仁,老上海油爆虾,草头圈子"
29,上海锦江都城经典南京东路外滩酒店·环球西餐厅(外滩店),31.2387082,121.4880762,240.0,西餐,11:30,21:00,"谷饲惠灵顿牛排,威尼斯五分熟牛肉薄片,乌拉圭和牛牛舌厚切香煎,自制野营法式鹅肝罐,野生菌菇浓汤配黑松露,经典法式栗子塔 "
30,福1015(愚园路店),31.2187486,121.4300398,1200.0,本帮菜,11:00,21:30, 
31,上海松江广富林宰相府酒店·怡园,31.0592732,121.197122,192.0,本帮菜,11:00,20:30,"鲍鱼红烧肉,松仁野菜福包,脆皮鸡,松露炒百合,脆皮和牛糯米山药,鸡头米小豌豆"
32,新荣记(南京西路店),31.2312972,121.4645969,700.0,江浙菜,11:30,21:00,"脆皮乳鸽,黄金脆带鱼（大份）,黑松露鹅肝包,沙蒜烧豆面,龙虾汤泡饭,桂花鸡头米"
33,光明玖壹玖(西藏北路店),31.2435979,121.4710133,258.0,西餐,08:00,22:00,"牛脸面,烤春鸡,一颗榴莲,海鲈鱼,海鲜烩饭,奶油南瓜汤"
34,GOOD FELLAS(延安东路店),31.232701,121.4912755,397.0,西餐,11:30,23:30,"生牛肉卡巴球,披萨,烤加拿大银鳕鱼,帕尔马生火腿,鹅肝,樱桃番茄马苏里拉芝士,前菜拼盘,自制意大利饺子,tiramiso,墨鱼饭"
35,Ultraviolet by Paul Pairet,31.2384818,121.4897675,6131.0,西餐,18:30,23:00,"油封松露羊排,新加坡牛肋排,鹅肝巧克力派,松露面包,香烟鹅肝,叫化小牛腿"
36,上海和平饭店·龙凤厅,31.2390168,121.4894556,674.0,本帮菜,11:30,22:00, 
37,舜记餐厅(陕西南路店),31.2228426,121.4571434,256.0,本帮菜,11:00,21:00,"舜记招牌红烧肉,干葱头芦笋炒海虎虾,本帮招牌熏鲳鱼,海皇粉丝煲"
38,思南江宴(复兴中路店),31.2151048,121.4674407,562.0,江浙菜,11:00,22:00,"翡翠羊角蜜瓜,金网刀鱼锅贴,金湖大鳜鱼两吃（堂灼）,陈年花雕火腿蒸春鮰鱼,金湖大鳜鱼两吃（炒鱼丝）,鱼子酱脆盏小甜豆,樱桃分子料理鹅肝,石锅浓汤老豆腐,盐水河虾,老上海熏鱼"
39,荣府宴(南阳路店),31.2279542,121.4507451,2394.0,江浙菜,11:30,21:00,"黄金脆带鱼,手撕豆腐,沙蒜烧豆面,樱桃鹅肝"
40,DA VITTORIO SHANGHAI(外滩店),31.227138,121.4976209,2876.0,西餐,12:00,21:30,"经典番茄意面,鱼子酱蛋挞,鹅肝三重奏,鳕鱼,鳌虾,香草开心果泡芙"
41,壳里西餐厅Coquille Seafood Bistro(蒙自路店),31.2085142,121.4769411,1245.0,西餐,17:00,21:30,"巴菲特澳洲和牛,鸭腿,焦糖布丁,威灵顿牛排,玫瑰荔枝冰,oysters,crab,lobster,青口贝,生蠔"
42,东方明珠·可口可乐欢乐餐厅,31.2398327,121.4998212,195.0,自助餐,11:00,21:00,"可乐鸡翅,三文鱼刺身,西班牙海鲜饭,云吞面,羊排,龙虾"
43,浦之舟(滨江大道店),31.2295041,121.5040041,580.0,融合菜,11:30,22:00,"养身功夫汤,黑椒汁牛仔粒,樱桃鹅肝,红汤煨甲鱼,浦之舟特色锅巴泡饭,蒜香大元贝,小米辽参,酥皮炖燕窝双皮奶,香蒜大元贝"
44,上海金茂君悦大酒店·金茂俱乐部Club Jin Mao,31.2351878,121.5059001,777.0,本帮菜,11:30,21:30,"清炒虾仁,油爆虾,本帮香爆熏鱼,糖醋仔排骨"
45,Chateau Dionne·CD(上海建国西路店),31.2033559,121.4516792,362.0,西餐,11:30,22:00, 
46,福1088,31.221592,121.4358607,647.0,本帮菜,11:00,23:00,"老上海熏鱼,香溢红烧肉,芥末芝麻虾,清炒蟹粉伴吐司,黄鱼煨面"
47,上海隐居繁华武康路公馆(Seclusive Hotel (Shanghai Wukang Road))·武康花园,31.2117099,121.4407141,630.0,西餐,12:00,22:00, 
48,High·云涧 By 光与盐(前滩中心店),31.151491,121.4824768,466.0,创意菜,11:30,21:00,"法国吐司,火箭鱿鱼和西班牙佐立口香肠,烤春鸡,伊比利亚火腿烩饭,马赛鱼汤火锅配手工面,羽衣甘蓝香橙色拉"
49,上海迪士尼乐园酒店·Lumiere's Kitchen 卢米亚厨房,31.1354605,121.6661524,402.0,自助餐,06:30,21:00,"大闸蟹,上海小馄饨,香烤龙虾,烤澳洲牛肉,扒羊排,米奇巧克力慕斯"
50,SHAUGHNESSY 干式熟成牛排馆,31.226304,121.4824068,766.0,西餐,17:00,22:30, 
51,哈罗德茶室·The Harrods Tea Rooms(查公馆店),31.2273934,121.4638943,650.0,面包甜点,10:00,20:00,"新鲜烤制的司康饼,蜂蜜泡泡,脆皮软壳蟹三明治,小熊柚子蛋糕,松露贝内特饼,青瓜三明治"
52,Mr & Mrs Bund by Paul Pairet,31.2383901,121.4896917,914.0,西餐,11:30,22:00,"海鲜塔,当日烧烤推车,混合海鲜烧烤,“LA VGE,主厨独创柑橘罐蒸大虾,芝士舒芙蕾,巧克力舒芙蕾,乡村肉派馅饼,金万利舒芙蕾,主厨独创柠檬塔"
53,上海和平饭店·华懋阁,31.2391062,121.4891983,823.0,西餐,14:00,21:30,"香草鳕鱼,盘煎烟熏三文鱼,龙虾浓汤,番茄果酱煎鹅肝,巧克力布朗尼,蘑菇汤"
54,上海波特曼丽思卡尔顿酒店·丽嘉阁,31.2271268,121.4516537,202.0,咖啡店,09:00,24:00,"新鲜进口生蚝,正山小种,神秘盒子鸡尾酒,八大菜系国风鸡尾酒"
55,拉蒂娜·巴西牛排馆 Latina·Brazilian Steakhouse(铜仁路店),31.2234668,121.4513504,310.0,自助餐,11:00,22:00,"烤菠萝,烤香肠,烤芝士,烤香蕉,巴西芝士面包,酸奶乳酪蛋糕"
56,Tsuru  鹤日本料理,31.2229993,121.4506001,456.0,日本料理,11:30,21:30,"帝王蟹小火锅,精选刺身大拼盘,澳洲M5牛眼肉,精选寿司大拼盘,炸豆腐菌菇,日式芝士蛋糕"
57,上海浦东香格里拉·怡咖啡海鲜自助餐厅,31.2360067,121.4997388,325.0,自助餐,11:30,21:30,"三文鱼,提拉米苏,生蚝,甜品,橡皮糖,甜点和冰淇淋,刺生,冰激凌,寿司,棒棒糖"
58,Jstone.Italian Kitchen &Bar(绿地外滩中心店),31.2145111,121.5052149,380.0,西餐,11:00,22:00, 
59,Jstone.Italian Kitchen &Bar(虹梅路店),31.193569,121.383339,380.0,西餐,11:30,22:00, 
60,上海威斯汀大饭店·威斯汀舞台餐厅,31.2323944,121.4868322,303.0,自助餐,06:00,21:00,"冻深海蟹钳,海螺,蓝纹奶酪,铁板烧牛排"
61,御延公馆·上海菜(南京东路店),31.237148,121.4844762,145.0,本帮菜,11:00,22:00,"玻璃脆皮乳鸭,花雕鸡,御延红烧肉,熟醉大虾,土豆色拉"
62,成隆行·蟹王府(九江路店),31.2369879,121.485971,324.0,海鲜,11:00,22:00,"蟹斗,熟醉六月黄,清蒸大闸蟹,蟹粉泡饭,蟹柳芦笋,蟹粉豆腐,蟹粉小笼包,秃黄油捞饭"
63,上海新锦江大酒店·蓝天旋转餐厅,31.2208993,121.4629805,339.0,创意菜,11:00,22:00,"花开富贵鹅肝,黑蒜红烧鳗鱼 ,南瓜烧肉鲍鱼,香茅咖喱虾,蓝天手打面,清汤松茸炖绣球"
64,上海宝格丽酒店·宝丽轩中餐厅,31.2428465,121.4821398,690.0,粤菜,11:30,21:00, 
65,Jean Georges,31.2342614,121.4909604,865.0,西餐,11:30,21:30,"炙烤和牛牛柳,黑松露三文鱼,鸡蛋鱼子酱,炙烤冰岛比目鱼,龙虾松露Benedict,巧克力熔岩蛋糕,鹅肝,绿芦笋配羊肚菌、芦笋汁"
66,Hakkasan,31.2384152,121.4895002,820.0,粤菜,11:00,22:00,"鱼子酱片皮鸭,香槟汁焗银鳕鱼,咖喱汁虾球,香酥鸭沙律,黑松露和牛沙律,黑菌明炉烧鸭"
67,K L A Y现代印度餐厅(北京西路店),31.2297952,121.4534322,270.0,东南亚菜,11:30,22:00,"炭烤肉眼牛排,松露芝士印度馕,龙虾玛莎拉,辣味蟹肉咖喱,羊肉咖喱,鸡肉咖喱,西兰花,香烤大比目鱼,特色Cocktail"
68,Liquid Laundry(淮海中路店),31.2159269,121.4557243,186.0,西餐,11:00,01:00, 
69,eat n work(正大广场店),31.2363653,121.4981992,330.0,西餐,11:00,00:30,"火腿披萨,牛肉汉堡,墨西哥披萨,战斧牛排,煎三文鱼,考伯沙拉"
70,Obscura by 唐香,31.2344249,121.4471915,2811.0,创意菜,18:00,22:00,"龙井虾仁,青椒炒腊肉,蓝龙虾花胶叉烧包,松子汤圆,四喜烤麸,鹅肝蛋挞"
71,上海浦东丽思卡尔顿酒店·FLAIR顶层餐厅酒吧,31.236581,121.5011361,419.0,酒吧/酒馆,17:30,01:00,"和牛腩排肉M5级,提基内格罗尼,竹荚鱼生鱼片,厨师精选寿司,番茄味美思,厨师精选寿司 特选6种手捏 ,仁当牛肉 配黄姜饭,龙虾卷,小竹荚鱼 ,自制脆片 虾片，鱼皮，香芋片配4种蘸酱"
72,蟹尊苑(巨鹿店),31.2181742,121.4480945,339.0,江浙菜,11:00,21:30,"蟹双拼,千岛湖鱼头炖大闸蟹汤,蟹粉虾仁大馄饨,金汤蟹粉面"
73,蝶舍·MAISON PAPILLON,31.2267894,121.4439946,501.0,西餐,17:30,21:30,"低温慢煮日本有机温泉蛋,招牌惠灵顿牛排,香煎海鲈鱼,香煎北海道扇贝,香烤日本有机南瓜汤,蘑菇汤"
74,上海柏悦酒店·悦轩,31.2344495,121.5075899,409.0,本帮菜,11:30,21:00,"黑松露红烧肉,秋葵脆皮红酒鹅肝,宋嫂鱼羹,江南文火雪花牛肉,脆皮风味松板肉"
75,Babbo巴博意大利餐厅,31.2304799,121.4375445,182.0,西餐,11:00,22:30,"香煎野生蘑菇,自制手工肉肠Pizza,碳烤香腌猪肋排,牛肝菌手工宽扁面,脆皮烤鸡"
76,雍福会(永福路店),31.209392,121.4428192,724.0,本帮菜,11:30,22:00,"草头圈子,枣泥酥饼,蟹粉狮子头,普洱茶红烧肉,热炝银鳕鱼,蟹粉小笼,八宝辣酱,鸡汤,京葱烤海参,红烧肉"
77,Ministry Of Crab,31.2313448,121.4718505,487.0,东南亚菜,11:00,23:00,"香蒜辣椒蟹,黄油酱油虾,大虾浓汤,黑胡椒蟹,香辣空心菜,日式蟹肉炒饭"
78,上海新世界丽笙大酒店·旋景餐厅,31.2345106,121.4730949,428.0,自助餐,11:30,22:00, 
79,Oyster Fieast牛排生蚝站,31.2344875,121.4768201,280.0,西餐,11:00,01:00,"是日新鲜9.9元进口生蚝,干式熟成战斧牛排,墨鱼汁脆口龙利鱼,德国猪手佐芥末籽酱,白酒煮特选青口贝,紫薯青苹果大虾色拉,和风海鲜意面, 帕玛火腿伴哈密瓜"
80,清真·贯贯吉穆斯林餐厅(浙江中路店),31.2314147,121.4806936,115.0,清真菜,06:30,01:30,"手抓羊肉半斤,凉皮,八宝茶"
81,鮨青(恒基名人购物中心店),31.2381094,121.4842832,494.0,日本料理,11:30,22:00,"胡麻豆腐,金枪鱼泥海胆饭,玉子烧,星鳗,赤贝"
82,晟永興(外滩店),31.2343497,121.4906491,568.0,北京菜,11:30,21:00,"鱼子酱烤鸭/位,金甲深海大黄鱼,黑松露大虾球,香椿豆腐,虫草花鸡汤,乾隆白菜"
83,玲姐·海鲜火锅(思南公馆店),31.2150486,121.4678497,709.0,火锅,11:00,04:00,"玲姐禾牛粒,招牌脆皮BB鸽,即炸紫菜响铃,手打斑节虾滑,俄罗斯红毛蟹,老虎斑"
84,东方景宴(思南公馆店),31.2147213,121.4688779,539.0,粤菜,11:00,21:30,"鸡汤秒灼厚切象拔蚌 ,招牌广府无骨鲫鱼粥,金不换豆酱煮加拿大龙虾,吊烧脆皮乳鸽,深海大响螺,冻午竹笋鱼饭 "
85,上海马勒别墅饭店·中餐厅,31.2229992,121.4563006,416.0,本帮菜,09:00,20:30, 
86,艾利爵士顶层餐厅,31.2415169,121.4890656,1097.0,西餐,11:30,22:30, 
87,大董(环贸iapm店),31.2161479,121.4587944,491.0,北京菜,11:00,21:30,"浅唱·小品石榴沙拉,煎鹅肝配慢煮山楂,带刺海参,宫爆虾球,大董“酥不腻”烤鸭,奇妙虾球,芥末鸭掌,狮子头,烤鸭,龙虾油面"
88,上海外滩万达瑞华酒店·游宴一品淮扬,31.2278394,121.4966754,780.0,江浙菜,11:30,22:00,"六福文火炖汤,文火红焖澳洲和牛,龙井手剥虾仁,江南砂锅神仙鸡,羊肚菌菊花豆腐,老上海八宝辣酱"
89,荟廷·晶萃(凯德晶萃店),31.2106909,121.4772868,187.0,本帮菜,11:00,21:00, 
90,晴空·日本料理(BFC外滩金融中心店),31.225671,121.498065,2183.0,日本料理,12:00,22:00,"蟹肉真丈,涮松茸和牛,柔煮章鱼,黑鲍冷素面,木棉豆腐,松茸和牛釜饭"
91,Stone Sal 言盐西餐厅(东湖路店),31.2163399,121.4535375,1050.0,西餐,11:00,01:00,"蟹肉色拉CRAB SALAD  ,青苹果意大利菊苣沙拉GREEN APPLE & ENDIVE, 酱烧八爪鱼 OCTOPUS TERIAKI   ,厚切美国牛舌USA MISHIMA BEEF TONGUE,香炸蕃薯条 SWEET POTATO FRIES   ,斑节虾SPOTTED SHRIMP  ,意大利布拉塔芝士沙拉BURRATA CHEESE SALAD,蒜香炙烤牛肉沙拉 STEAK SALAD    ,广东小榄菊沙拉配鱼松糖渍杏仁片,奶油松露野菌汤CREAMYTRUFFLE MUSHROOM "
92,晶采轩(芮欧百货店),31.2226901,121.4476144,533.0,粤菜,11:00,21:00,"文火焖小牛肉,玫瑰山药糕,燕麦流沙包,铁锅银鳕鱼,香煎脆带鱼,蜜汁叉烧,清炒水晶虾仁"
93,鼎王无老锅(静安店),31.2234535,121.4423217,180.0,火锅,11:00,01:00,"彩虹冰激凌豆腐,面包豆腐,无老鸭血,柠檬养乐多冰沙"
94,上海浦东文华东方酒店·雍颐庭,31.2434028,121.5079495,718.0,江浙菜,11:30,21:30,"茉莉花茶熏鲳鱼,黑松露牛肉生煎,龙井茶薰乳鸽,花雕醉龙虾,干邑红烧肉,清炖蟹粉狮子头"
95,伯衡55·吉品轩(乌鲁木齐南路店),31.2063993,121.4488003,935.0,粤菜,11:00,22:00,"吉品蜜汁叉烧,松露和牛礼物盒,茶皇烟熏鸽,琥珀蒜片澳洲和牛粒,鲜虾红米肠粉,蛋白海鲜炒饭"
96,DA·MARCO大马可意大利餐厅(京华店),31.2179409,121.4343456,207.0,西餐,11:30,22:30, 
97,泰安门(镇宁路店),31.2221094,121.432763,2791.0,西餐,18:00,23:00,"黑松露意面,帝王蟹腿沙拉,鹅肝蛋糕,烤花菜"
98,HOMES飨宴(滨江大道店),31.2444009,121.5144067,454.0,本帮菜,11:00,21:30,"homes红烧肉墨鱼,HOMES炒软兜,桂花糯米藕,黑松露烤鸡,醉麸大河虾,老上海熏鱼"
99,正院上海公馆(1885广场店),31.2310359,121.5178844,400.0,粤菜,11:00,21:30, 
100,皇朝尊会(龙之梦大酒店),31.2107962,121.4300293,233.0,粤菜,11:00,21:30, 
101,Tomacado花厨(One ITC店),31.1972424,121.4380335,210.0,西餐,11:00,22:00, 
102,鹿园 MOOSE(长宁店),31.2019717,121.4294893,522.0,江浙菜,11:00,21:00,"八宝葫芦鸭,老北京烤鸭,文火焖小牛肉,油煎八宝饭,公主的素蟹粉"
103,食廬(虹桥南丰城店),31.2080059,121.4075141,272.0,江浙菜,11:00,21:00,"菜包狮子头（经典招牌）,招牌烟熏黄鱼（经典招牌）,淮扬软兜（经典招牌）,橙香火焰鸭,大煮干丝,芝士煎藕饼"
104,杏花樓(福州路总店),31.234086,121.4839173,260.0,粤菜,08:00,21:00,"肉松咸蛋黄青团,薄皮鲜虾饺,干蒸烧麦皇,鸡肉包,清炒水晶虾仁,绿豆沙月饼"
105,上海滩餐厅(新天地店),31.2207385,121.475312,581.0,本帮菜,11:00,21:30,"黑松露福袋,文火焖小牛肉,精品烤鸭,玫瑰红茶蛋挞,豆沙方糕,江南红烧肉"
106,夜上海(新天地太平湖店),31.2204856,121.4781112,271.0,本帮菜,11:00,21:30,"雪菜蒸台州生态大黄鱼,蟹粉酿蟹盖,清炒河虾仁,茉莉花熏鲳鱼,片皮烤鸭,花雕蒸鲥鱼,红烧原条牛肋排,花雕醉鸡,菠菜汁拌茄子,葱烧原条辽参"
107,井福渔炎(恒隆广场店),31.227728,121.4531463,407.0,日本料理,11:30,21:00, 
108,Takumi炉端割烹(静安嘉里中心店),31.2238802,121.449907,467.0,日本料理,11:30,21:30,"北海道金吉鱼,烤澳洲和牛小排,鲜活雪蟹,烤年糕"
109,东方司宴 SIYA CUISINE(外滩店),31.2260534,121.5001465,520.0,粤菜,11:00,21:00,"热带蛋,果木烟熏小牛肉,玫瑰山药糕,香煎鹅肝藕饼,十五年花雕醉红虾,烟熏酱板鸭"
110,临江宴(陆家嘴店),31.2317103,121.5014913,502.0,江浙菜,11:00,21:30,"红烧鳗鱼,茉莉花茶熏鳕鱼,糟骨头蒸红膏蟹,葱香蒸翘壳鱼,黑松露烧三宝,雪菜蒸东海黄鱼,江南小面,茉莉花马蹄玉冻酸柑雪,花雕鲜参蒸河田飞鸡,水乡中华鳖"
111,OMBRA露台花园西餐厅,31.2074597,121.4607432,312.0,西餐,11:00,21:30,"湖影特色牛肋排,白酒煮新西兰贻贝,法式鹅肝慕斯佐无花果面包,奶油蘑菇汤,法式焦糖苹果配香草冰激凌,花椒面包"
112,上海外滩W酒店·艳中餐厅 YEN,31.2491017,121.496418,558.0,粤菜,11:30,22:30,"堂灼粥引闽东大黄鱼,招牌葱爆元宝虾,江南糟香映四件,白切崇明墩鸡,招牌香芋天鹅酥(位),淮扬手切干丝,黑醋珠水滑翡翠文思明虾球(位)"
113,MERCADO 505 Gourmet Restaurant,31.2174106,121.4440751,655.0,西餐,11:30,22:30,"现切西班牙5J火腿前腿盘,西班牙贝壳红魔虾海鲜饭,吉拉多生蚝,西班牙小鱿鱼煎蛋,伊比利亚猪肉配红椒,巴斯克软心芝士蛋糕"
114,临江仙(东大名路店),31.2476083,121.5002643,497.0,江浙菜,11:00,21:00, 
115,东平潮,31.2083481,121.4516225,1377.0,粤菜,11:00,22:00,"臻选老鹅头,清汤石榴燕,龙穿虎肚,油泡麦穗鱿,红花桃,金不换汆象拔蚌"
116,菲斯特花园西餐厅(时代金融中心店),31.241057,121.5066186,846.0,西餐,11:00,22:00, 
117,顺席(肇嘉浜路店),31.2012572,121.4542544,500.0,粤菜,11:00,21:00,"顺德鱼生,大良燕窝脆奶,生啫斑鱼云,龙腾四海,杏香煎鱼皮"
118,上海吉臣维景酒店·久席·四季淮扬(静安店),31.2278316,121.4298463,385.0,江浙菜,11:00,21:00,"灵魂乳鸽,黑蒜蜜枣焖鳗鱼,久席四季狮子头,珍品炝干丝,软兜拼双娇,海鲜垂面"
119,蟹家大院 · 独揽江景(滨江店),31.2445923,121.515058,336.0,小吃,11:00,21:30, 
120,兴兴·海派本帮菜,31.1787996,121.5040301,180.0,本帮菜,11:00,22:00,"农家烧千岛湖鳊鱼,响油鳝丝,咸蛋黄锅巴,白斩鸡,肉沫蒸膏蟹,虾仁黑豆腐"
121,Mr Young焗诱·潮园(新乐坊店),31.1728024,121.3822564,171.0,粤菜,11:00,22:00,"石锅鳕鱼,秘制小羊排,焗诱乳鸽,焗诱沙拉,石锅浓汤海鲜豆腐窝"
122,酒吞(乐坊店),31.1766532,121.3715437,447.0,日本料理,11:00,21:30, 
123,上海虹桥康得思酒店·明阁,31.1951534,121.3163073,829.0,粤菜,11:30,21:00,"明阁脆皮炸子鸡,蜜味黑豚叉烧,浓汤花胶鸡丝羹,陈雕竹丝鸡炒饭,X.O酱羊肚菌露笋煎带子,松露和牛礼物盒"
124,聪菜馆(六合大厦店),31.2372668,121.4745845,268.0,本帮菜,11:00,21:30,"葱姜蒸比目鱼,招牌炒鳝糊,白切鸡,虾酱茭白丝,熏魔鬼鱼"
125,MAYITA小玛雅墨西哥餐厅(新天地店),31.2243347,121.4803131,227.0,拉美料理,11:00,23:30,"烤鸭墨西哥饼,墨西哥慢炖猪肉卷,鲜虾鳄梨蔬菜碗,牛油果酱配玉米饼,椰子布丁"
126,南麓·浙里(外滩店),31.235801,121.4889098,286.0,江浙菜,11:00,21:00,"西湖醋鱼,虾爆鳝,梅酱小排,臭豆腐春卷,乌糖糖藕,富贵鸡,浓汤笋壳鱼,酸汤肥牛,腐皮小白菜,富贵火方"
127,海味观(老西门店),31.2187573,121.4835398,628.0,本帮菜,11:00,22:00,"黑松露烤鸡,松露双菇爆和牛,熏鲈鱼,葱油饼鹅肝酱,松露陈皮酥牛肉,雨花汤圆"
128,楼上火锅(茂名南路店),31.2217941,121.4601367,628.0,火锅,11:00,04:00,"劲辣酒煮花螺,椒盐田鸡腿,日式蟹柳,腊味田鸡煲仔饭"
129,三号黄浦会Canton Table,31.2341686,121.4907539,550.0,粤菜,11:30,21:30,"紫铜锅古法火焰鸡,樱桃鹅肝,化皮三层腩肉"
130,外滩会(广东路店),31.234468,121.4906811,650.0,本帮菜,11:00,22:00,"油醋汁云南瓜丝,黄鱼馄饨,外滩一口牛,黑松露野菜包,牛油果三文鱼卷,燕窝绿豆糕"
131,黑门和牛(新天地店),31.2152083,121.4735985,537.0,日本料理,11:30,24:00, 
132,御宝轩(益丰·外滩源店),31.2406053,121.4888918,471.0,粤菜,11:00,22:00,"招牌黑金包,炭烧猪颈肉,酱皇蒸凤爪,蚝皇叉烧酥,福建炒饭,笋尖鲜虾饺,菠萝咕噜肉,片皮烤乳猪,烧鹅,京式烤鸭"
133,Da Ivo 哒伊沃 意大利魔镜餐厅,31.2317303,121.493033,929.0,西餐,11:00,23:00,"波士顿龙虾色拉,澳洲M9 和牛西冷,传统波士顿龙虾面,阿拉斯加帝王蟹肉牛油果塔塔,烤腌制脆皮春鸡"
134,美龄缘·缘起一席家宴(洛克外滩源店),31.2416426,121.4880776,356.0,本帮菜,11:00,22:00, 
135,孔乙己酒家(文庙店),31.2181626,121.4883394,152.0,江浙菜,11:00,21:00, 
136,瑞福园联谊餐室(茂名南路店),31.2151322,121.4619655,163.0,本帮菜,11:00,21:30,"田螺塞肉,红烧肉,大黄鱼棒打小馄饨,炒豆苗,八宝年糕,手工酒酿小圆子"
137,上海苏宁宝丽嘉酒店·Cafe Bellagio西餐厅,31.2450412,121.4869562,487.0,西餐,06:30,22:00, 
138,鲁采LU STYLE(环宇荟店),31.2121301,121.4772597,538.0,鲁菜,11:30,21:00,"文火煨山东黑牛,古法烧海参配乌米菌,黄瓜伴鲍鱼,石锅原汁海鲜汇,紫海胆炖豆腐"
139,COMMUNE幻师(江宁路店),31.2356243,121.4511083,259.0,西餐,11:30,22:00, 
140,遇外滩(BFC外滩金融中心店),31.2262579,121.4987176,828.0,闽菜,11:30,21:00, 
141,醉东Oriental House(静安嘉里店),31.2236313,121.4492556,302.0,江浙菜,11:00,21:00,"沙蒜豆面,鲜送大黄鱼,脆皮肥肠,香酥小牛肉,台州渔家烧三鲜,醉东炸鸡,水煮龙头烤,爆炒鱿鱼圈,香煎带鱼,蚵仔煎"
142,广舟(香格里拉店),31.2357405,121.4992267,670.0,粤菜,11:00,22:00,"鲜虾天使面,顺德鱼云花胶羹 ,玫瑰盐吊烧雪花牛肉叉烧,广舟一鸽,隆江四点猪脚,日式松露小町饭"
143,上海外滩英迪格酒店·Quay江畔餐厅,31.2262686,121.5000724,213.0,东南亚菜,07:00,17:00,"青木瓜龙虾色拉,新加坡叻沙,印度咖喱羊肉,泰式三文鱼,印尼牛肉,菠萝海鲜炒饭"
144,Thai Gallery泰廊餐厅,31.2215944,121.446125,214.0,东南亚菜,11:00,22:00,"特色炸虾饼配甜酸酱,猪颈肉,冬荫功,红咖喱蟹,椰汁西米糕,粉丝胡椒焗大虾煲"
145,毛豆阿姨酒家(静安寺店),31.2165241,121.4481674,280.0,本帮菜,11:00,21:00,"银鳕鱼熏鱼,狮子头,鸡汤馄饨,弄堂炸猪排,草头圈子"
146,晶浦会(上海中心大厦店),31.233409,121.5058597,294.0,粤菜,11:00,22:30, 
147,上海中心J酒店·天之锦中餐厅,31.2335022,121.5061452,1221.0,江浙菜,11:30,22:00, 
148,上海中心J酒店·锦筵,31.2335791,121.5064927,1380.0,粤菜,11:30,22:00, 
149,THE FRIENDS CAFE老友记主题店(哈尔滨路店),31.2554913,121.489908,68.0,咖啡店,11:00,21:30, 
150,上海左庭上院酒店·叶叶菩提(太原别墅店),31.2063546,121.4544567,810.0,素食,11:00,21:30, 
151,样样体面(宝安支路店),31.2642438,121.4889313,42.0,小吃,06:30,20:30,"咸蛋黄大肉烧麦,咸蛋黄酱油海鲜炒饭,荠菜蛋黄馄饨面,咸蛋黄小笼包,咸蛋黄炸猪排,咸蛋黄梅干菜肉包"
152,LE VERRE a vin by MIG,31.2065416,121.4389196,280.0,西餐,17:30,24:00,"芝士拼盘,炸大肠,柚子醋渍猪耳朵,肉肠拼盘,火腿拼盘,章鱼色拉,油封鸭腿,牛肉色拉,蛤蜊细面,烤牛排"
153,牧羊餐厅,31.1998663,121.4370402,87.0,本帮菜,11:00,21:00,"椒盐炸排条,松子鲈鱼,茶树菇炒牛柳,蟹粉烩豆腐,响油鳝丝,酒酿丸子烧带鱼"
154,旺池川萃(世纪汇店),31.2278584,121.5264175,128.0,川菜,10:00,22:00, 
155,蜀城巷子老成都火锅(潍坊路店),31.2257218,121.5272518,129.0,火锅,11:00,03:00, 
156,文杏馆·昕 MAISON GINKGO,31.1836802,121.3902416,542.0,粤菜,11:00,22:00,"意境水墨山药,蜜汁叉烧,川味辣子鸡配分子小笼包,芙蓉烟熏银鳕鱼,酒糟流芯富贵虾,川味口水脆鳝,豉汁龙虾蒸陈村粉,文杏黄金辽参,茶壶松茸竹笙清汤,茶皇烟熏乳鸽"
157,西郊5号·Maggie 5,31.2051411,121.3771306,1123.0,本帮菜,11:00,21:30,"姨太油爆虾,5号精品牛排,公主烤鳕鱼,海参捞饭,脆皮咸鸡,鸡汁百叶包,招牌熏鱼"
158,Highline(淮海路店),31.2236623,121.4748838,365.0,西餐,14:30,24:00,"辣味碳香虾烩饭,北极虾魔鬼蛋蘸酱,招牌慢烤牛排,蛤蜊浓汤,鹅肝汉堡,炸鸡华夫饼"
159,沪西老弄堂面馆(广东路店),31.2327912,121.4819825,44.0,小吃,10:00,20:30, 
160,随堂里,31.2296505,121.4636841,480.0,江浙菜,11:30,22:00,"茉莉花茶烟熏蒸鱼,宝塔东坡肉,牛魔王,香酥鸭,青藤椒麻辣三宝,鹅肝酱配葱油饼"
161,三玛璐酒楼(汉口路店),31.2349977,121.4825338,99.0,本帮菜,11:00,21:30,"铁板鲈鱼,芥末虾仁,上海小排,铁板豆腐,干锅牛蛙,酒香草头"
162,THE PRESS(申报馆店),31.2355956,121.4843093,167.0,西餐,08:30,23:00, 
163,外滩·林家一(中央商场店),31.2382941,121.4876243,359.0,江浙菜,11:00,21:00,"花胶黄鱼羹,手拆蟹黄豆腐,家烧东海黄鱼,沙蒜豆面,茅台蒸梭子蟹,板栗烧原味仔排"
164,上房火鍋(外滩店),31.2340457,121.4902171,829.0,火锅,11:00,03:00, 
165,上海静安瑞吉酒店·Seki-Tei 石亭日餐厅,31.2309995,121.4561998,451.0,日本料理,11:30,22:00, 
166,老乾杯(外滩店),31.2343906,121.4906402,821.0,烧烤,11:30,22:00,"鸡肉釜饭,羽下肉,和牛&海胆手卷寿司,去骨牛小排,海鲜釜饭,霜降猪肉,特级牛小排,手工布丁,和牛牛排,老乾杯捲"
167,逸道(思南公馆店),31.2147831,121.4692332,569.0,江浙菜,11:00,21:30, 
168,Jing Alley 靖里小馆(茂名南路店),31.2171588,121.4620169,197.0,西餐,11:30,22:00,"琉璃脆皮春鸡,炭烤黑猪肋排4骨,墨鱼海鲜面,松露薯条,招牌考伯色拉,南瓜汤"
169,逸采EASEFUL CUISINE(静安店),31.2213896,121.4569795,294.0,江浙菜,11:00,21:30,"鸿运当头,招牌爆汁无刺熏鱼,首创树蕃茄酸辣翅,红糖核桃年糕,深海鳕鱼狮子头,油渣奉化芋奶羹,私房花菜梗"
170,大無烧肉(恒隆广场店),31.2275242,121.4530815,891.0,日本料理,11:30,21:00,"大无幻切和牛牛舌,菲力三明治,海胆和牛寿司饭,烤鲍鱼,爆珠薄切和牛眼肉芯,脆爽螺片素面"
171,植藤(铜仁店),31.2231662,121.4513874,492.0,日本料理,11:30,23:00,"牛油果蔬菜色拉,鳗鱼土锅饭,雪蟹蒸蛋,生鱼片,牛肉寿喜锅,活海胆,法式鹅肝面包,烤牛舌,牛舌色拉"
172,上海静安香格里拉大酒店·Calypso地中海餐厅·酒廊,31.2231046,121.4504529,278.0,西餐,11:30,22:00,"黄油松露细面,浆果奶油杯 ,扒 三文鱼,传统意面蛋饼,香煎扇贝,牛脸肉饺子,潘扎内拉色拉和布拉塔芝士,巧克力榛子球,生牛肉薄片,香煎千层茄子"
173,黄鱼馆·至臻(静安店),31.217568,121.4481757,420.0,江浙菜,11:00,21:30, 
174,甬府小鲜(陆家嘴中心店),31.231151,121.5157835,274.0,江浙菜,10:30,20:30, 
175,小芳廷,31.2384155,121.431967,216.0,西餐,11:00,22:00,"鹅肝配菲力牛排,帕尔马披萨,鳕鱼烩饭配温泉蛋,龙虾意面,海鲜墨鱼面,熔岩蛋糕"
176,荷风细雨·中国茶宴(世纪大道店),31.231859,121.5176204,398.0,本帮菜,11:00,21:30,"膏蟹醉花螺,茉莉花蒸雪花熏牛肉,油醋水云丝,麻辣水煮八仙锅,桂花糖醋小排,百香果布丁"
177,Ginger(兴国路店),31.2089154,121.4360655,272.0,东南亚菜,17:00,23:00,"香草蜂蜜脆皮鸡，青木瓜色拉,软壳蟹天妇罗,西班牙伊比利亚猪颈肉沙嗲串,香炒牛肉锅巴,金枪鱼塔塔,虾饼"
178,唔哩赞·崇明私藏菜(建国西路店),31.2002305,121.4443317,258.0,本帮菜,11:00,22:00, 
179,悦江(梅赛德斯奔驰店),31.1896253,121.4925556,449.0,融合菜,11:00,21:00, 
180,CRAZYONES西班牙海鲜饭(美罗城店),31.1926439,121.4391974,105.0,西餐,11:00,21:00,"西班牙洋芋蛋饼,迷迭香烤鸡翅,罗勒牛排海鲜饭,经典西班牙海鲜饭,焗烤扇贝,魔鬼鸭胸,大蒜虾,米布丁,墨鱼汁意面,三文鱼牛油果色拉"
181,君东记本帮面馆(天钥桥路店),31.1889525,121.4421743,39.0,小吃,09:00,21:00,"蕈油红汤面,肉丝葱油拌面,辣肉面,炸猪排,罗汉上素,荠菜猪油渣大馄饨"
182,瑞华樟园,31.2249402,121.4153702,494.0,粤菜,11:30,21:00,"鱼子酱片皮鸭,蟹粉鱼翅,老北京烤鸭,宫爆虾球,冰烧三层肉,黄牛肝菌炒牛肋肉,脆皮乳鸽,石锅蟹粉小笼,瑞华虾饺皇"
183,景莱酒店·臻选(上海徐家汇交通大学店)·晶焱上海菜(南丹路店),31.1892572,121.4337565,166.0,本帮菜,10:30,21:00, 
184,IL GIARDINO意大利餐厅by wineapp(尚嘉中心店),31.2057733,121.4067244,294.0,西餐,11:00,24:00,"战斧牛排,法国吉拉多生蚝（只）,自制葱油意面和越南⻁虾,焦糖布丁搭配薄荷马斯卡彭奶油和新鲜野莓,肉眼牛排,香煎小鱿鱼"
185,樽宴,31.2186226,121.5609973,957.0,江浙菜,10:30,21:30, 
186,润苑·悦椿轩(徐汇万科中心店),31.1580228,121.4339075,598.0,粤菜,11:00,21:00, 
187,铁屋,31.1825523,121.3889512,632.0,日本料理,18:00,23:00,"特上等牛舌,特选牛小排,骨边肉,特上等上脑,豆腐色拉,铁屋布丁"
188,钟路商会·缘家(虹泉路店),31.170134,121.3744187,133.0,韩国料理,11:00,22:30, 
189,皖宴(龙柏饭店店),31.1893908,121.3600313,1023.0,徽菜,10:30,21:30, 
190,Royal Banquet Hall 皇家宴会厅,31.1435197,121.659691,526.0,西餐,11:30,19:30,"慢煮牛小排,烤猪肋排,辛德瑞拉巧克力鞋,炸蟹饼,龙虾意式宽面,皇家主厨色拉,餐前牛角包"
191,京云华烤鸭·点心(新世界店),31.2351646,121.4733558,107.0,北京菜,10:30,21:00,"鱼子酱烤鸭,枣香酥烤鸭,老北京炸酱面,菠萝牛仔骨,老北京豌豆黄,老北京炙子烤肉,肉末夹心葱油饼,酥皮大虾,鲜肉小笼包,成都冒菜"
192,ROOF 325 RESTAURANT  BAR,31.2305742,121.4709797,316.0,西餐,11:30,22:00, 
193,上海国际饭店·帆声西饼屋(黄河路店),31.2337017,121.4714736,71.0,面包甜点,08:00,20:00, 
194,莱莱小笼·乔艾,31.2361629,121.4770595,69.0,小吃,08:00,20:00,"炸猪排,松茸鲜肉小笼,蟹粉小馄饨,蟹粉菜泡饭,鸡鸭血汤"
195,庄氏隆兴·蟹粉面道(南京东路店),31.2367623,121.4774171,108.0,小吃,10:30,21:00, 
196,J Prime牛排海鲜餐厅(人民广场店),31.2356177,121.4808696,434.0,西餐,11:30,22:00,"香煎日本北海道带子,法式鹅肝批,意式龙虾海鲜扁面,传统匈牙利牛肉浓汤,M89和牛肉眼（400g）,巧克力熔岩蛋糕"
197,上海新天地朗廷酒店·唐阁,31.2220486,121.4745192,1119.0,粤菜,11:30,21:00,"松茸汤锦鲤斑肉饺,蜜汁叉烧,香葱虾籽爆大虾球,露笋百合黑椒和牛粒,桂香烟熏鳕鱼,天鹅流沙酥,招牌三葱爆澳洲龙虾,胜瓜云耳蒸盘龙东星斑"
198,三清潭烧鹅(兴业太古汇店),31.2279013,121.4634503,230.0,粤菜,11:00,21:00, 
199,GREEN & SAFE(新天地店),31.2204644,121.4744433,191.0,西餐,11:00,23:00,"香料烤鸡佐土豆时蔬,松露牛肝菌蘑菇披萨,牛肝菌白酱意面,北非番茄牛排蛋,松露土豆泥,胡萝卜蛋糕"
200,上海镛舍酒店·Cafe Gray Deluxe,31.230305,121.461914,426.0,西餐,06:30,00:30, 
201,虞面斋常熟野蕈（Xun）面馆,31.2326653,121.4612345,62.0,小吃,10:30,20:30,"特色生煎大排,虞山野蕈面,三丁辣酱爆蛋面,蟹粉虾仁拌面,佛跳墙,葱爆猪肝"
202,BELLOCO倍乐(静安店),31.2349366,121.4593949,149.0,韩国料理,11:30,21:00,"海鲜奶油火锅,韩式薄底肥牛披萨,海鲜大酱汤,墨汁参鸡汤,提拉米苏,海鲜辣炒年糕,柚子烧酒,面包奶油意面,芥末活章鱼,韩国炒粉丝"
203,梅龙镇酒家(南京西路总店),31.2279938,121.4570417,202.0,本帮菜,11:00,21:00,"富贵鱼镶面,清炒虾仁,蜜汁火方,生爆鳝背,松鼠桂鱼,狮子头煮干丝,豆沙锅饼,扬州干丝,炒鳝糊"
204,上海静安瑞吉酒店·Yan Ting 宴庭中餐厅,31.2313986,121.4562098,434.0,本帮菜,11:30,22:00,"熏鱼,顺德煎虾饼,顺德时蔬拆鱼羹,风味煎焗鸡,深井脆皮烧鹅,榄菜豆腐蒸鳕鱼"
205,皇朝会(外滩店),31.234401,121.4906791,896.0,粤菜,11:00,22:00,"脆皮流沙包,黑椒爆炒雪花牛肉粒,香煎鹅肝黑松露带子,皇朝虾饺皇,花胶灌汤饺,香菇黑毛猪烧麦皇"
206,KOKOROWA(外滩店),31.2404475,121.4887252,2357.0,日本料理,12:00,22:00, 
207,R.MANDA,31.2266003,121.4520557,158.0,西餐,11:00,21:00,"鲍鱼刺身樱桃鹅肝,蜜汁法国鳕鱼,椰子慕斯"
208,胖子面,31.2113295,121.4737857,41.0,小吃,07:00,21:00,"美味大肠面,咸蛋黄狮子头拌面,鳝丝面,红烧牛肉面,水笋面,猪肝面"
209,Laderach 莱德拉(环贸iapm店),31.2157208,121.4581503,288.0,面包甜点,10:00,22:00,"牛奶榛子,黑巧榛子,黑巧扁桃仁脆,柠檬黑巧,黑巧开心果,爆米花巧克力"
210,家全七福酒家(静安店),31.2241947,121.4501633,438.0,粤菜,11:30,22:00,"七福脆皮鸡,脆片bb鸽,水晶鲜虾饺,炸两肠粉,凤凰千层糕,瑶柱荷叶饭,蟹盖,清炒豆苗,鲜虾腐皮卷,冻花蟹"
211,泰珍荟 Siam Memory,31.2256191,121.4981209,420.0,东南亚菜,11:00,21:00,"冬阴功汤,炭烤猪颈肉,古法咖喱肉蟹,泰国皇室芒果糯米甜饭,青柠酸汤老虎斑,活力芽苗雪花鹅肝"
212,鸟沢TORISAWĀ(静安嘉里中心店),31.2229738,121.449636,307.0,日本料理,11:30,01:00,"紫苏鸡腿,小青椒鸡杂,鸡肝慕斯,明太子西葫芦,鸡肉丸子"
213,煌庭大院(陆家浜路店),31.2126055,121.4891831,80.0,本帮菜,10:30,22:00, 
214,金孔雀(国金中心店),31.2372112,121.5021778,209.0,川菜,11:00,21:00, 
215,柿合缘新京菜(国金中心商场店),31.2362986,121.5027599,394.0,北京菜,11:00,20:30,"段氏绝味鱼头,炙子羊肉,山楂鹅肝,黑醋带鱼,老北京糖油饼,桂花山药酪"
216,mufmuf渔味料理(白玉兰广场店),31.248287,121.4972297,560.0,日本料理,11:30,22:00,"雪蟹南瓜盅,松叶蟹火锅,金枪鱼泥丼,柚香银鳕鱼,精选五头鲍,鹅肝寿司"
217,Spicy Gangster 不问江湖,31.2279976,121.4420079,211.0,川菜,11:00,22:30,"烧椒皮蛋豆腐,火爆肥肠,剁椒鲫鱼,金山土豆,麻椒兔,鱼香肉丝"
218,元古雲境(五原路店),31.2126189,121.4463295,242.0,创意菜,11:00,24:00,"黑松露炒野菌,栗子烤鸡,油封鸭腿饭,黑鸡枞菌菠菜,柚子酪,谷饲牛腹肉"
219,音昱听堂Thought for Food by The Living Room,31.2043119,121.4559764,347.0,西餐,10:00,22:00,"风干牛肉,慢炙黑鳕鱼,生蚝,烤大西洋马鲛鱼,烤鸡"
220,翡丽滨江1918,31.2237632,121.509226,680.0,粤菜,11:00,22:00, 
221,懿·EAST(陆家嘴中心店),31.2313572,121.5156597,398.0,江浙菜,11:00,21:00,"莼芽鮰鱼狮子头,天目笋鲍鱼红烧肉,懿东方精品炙烤鸭,黑蒜家烧鳗鱼,酒夫蒸河虾,扬州大煮干丝,红胡椒焗黄鱼,浓汤黄鱼面,松茸绣球豆腐,淮阳炒软兜"
222,大隐割烹料理(静安店),31.2670758,121.4659072,729.0,日本料理,11:00,22:00,"蓝鳍金枪鱼大脂,活牡丹虾,炉烧雪花牛小排,北海道金吉鱼,法国生蚝,活帝王蟹,松叶蟹,活红毛蟹,活盐烤对虾,马粪活海胆"
223,上海吉臣维景酒店·吉满汉,31.2277951,121.4298423,107.0,本帮菜,11:00,21:00,"石库门脆猪手,本帮熏鲳鱼,清炒鳝糊夹饼,招牌野山蒜油爆虾,太白桂花拉糕,冰淇淋烤布蕾"
224,Wine&Dine Le Bouchon法式酒馆,31.2235229,121.429744,654.0,西餐,18:00,01:00,"牛肉鞑靼,生牛肉薄片,招牌目鱼香肠,巧克力熔岩蛋糕"
225,上海兴国宾馆丽笙精选·丽宫中餐厅,31.2105199,121.4349799,442.0,本帮菜,11:30,22:00,"带鱼饭,清炖屯鸟汤,玫瑰盐板煎和牛,底板裙边煲,虾籽两头乌"
226,上海金陵紫金山大酒店·JSTONE·牛排馆,31.2277575,121.5235761,550.0,西餐,11:00,22:00,"惠灵顿牛排,香草黄油煎鲜贝,慢煮温泉蛋,松露蘑菇汤,巧克力熔岩蛋糕,梅布尔芝士蛋糕"
227,三川·小町Mikawa(愚园路店),31.2187943,121.4229232,417.0,日本料理,11:00,22:00,"三川特制黑松露扑克和牛,极上牛舌一本烧,和牛八幡盛合,生拌雪花和牛Carpaccio,花雕酒渍醉甜虾,日本年糕"
228,親父的右腕(中山公园店),31.2195208,121.4181802,217.0,日本料理,11:30,22:00,"京都风西京豆乳锅,鹅肝牛肉寿司,炭烤年糕,鳗鱼饭,三文鱼刺身,厚切黑毛牛舌铁板烧"
229,万岛日本料理铁板烧(吴中店),31.1861826,121.4126396,498.0,自助餐,11:30,22:00, 
230,AJIYA炭火烤肉(仙霞路店),31.2061803,121.3987854,171.0,日本料理,11:30,23:00, 
231,上海浦东嘉里大酒店·THE MEAT∙扒餐厅,31.2127046,121.5639515,714.0,西餐,17:30,22:00,"波士顿龙虾鳌虾汤,澳洲神户战斧牛排,法式焗蜗牛,招牌澳洲神户战斧牛排,三剑客牛排,西冷牛排,蟹肉炒饭,烤蟹饼,黑松露炸薯条"
232,Geneva日内瓦亲子餐厅,31.198543,121.361053,147.0,西餐,11:00,22:00, 
233,耕海蟹将军(万象城店),31.1704033,121.3699414,430.0,日本料理,11:00,21:00, 
234,皇廷御宴中餐厅,31.198322,121.679581,433.0,江浙菜,10:00,22:00, 
235,筱爷叔·上海传统手工菜(松江旗舰店),31.0208381,121.2612086,112.0,农家菜,10:30,20:30,"招牌酱烧勾魂鱼,陈皮豆沙坚果软糕,稻田蟹炒手打年糕,老底子红烧肉"
236,美人鱼餐厅(海昌海洋公园店),30.9114947,121.9086568,522.0,西餐,11:00,19:00,"波尔多红酒炖牛肋排,火山岩烤法国安娜西狮头螺,煎鹅肝配红酒汁,波斯顿龙虾佐墨鱼面,雪蟹卡布奇诺南瓜汤,北极熊香草慕斯"
237,乐意坊Alla Torre意大利手工披萨(陆家嘴店),31.2354451,121.5009828,134.0,西餐,11:00,22:00,"惠灵顿牛排,帕玛森芝士和松露炸薯条,特级玛格丽塔披萨,黑松露披萨,经典巧克力熔岩蛋糕,提拉米苏,芒果牛油果大虾色拉"
238,米禾良日料(人民广场店),31.234679,121.4774085,147.0,日本料理,10:30,22:00,"鹅肝寿司,烤鳗鱼,三文鱼刺身,烤蟹宝,一帆风顺火炙拼盘,招牌鳗鱼寿司"
239,九鼎轩脆毛肚火锅(南京东路店),31.2361855,121.4778334,105.0,火锅,11:00,02:00, 
240,酒一烧鸟·酒场,31.2255653,121.4666248,235.0,日本料理,18:00,01:00,"大肠头,盐烤厚切牛舌,明太子西葫芦,明太子猪肉年糕卷,鹅肝寿司,鸡肉丸"
241,森SEN餐厅 SOLOX(兴业太古汇店),31.2283891,121.4634612,368.0,西餐,11:30,21:30,"仙缈幽潭牛肝菌松露汤,干式熟成牛排,低温料理鸽胸肉,松露温泉蛋,番茄塔塔,鹅肝马卡龙"
242,8½ Otto e Mezzo BOMBANA(外滩店),31.2424397,121.4878966,2300.0,西餐,18:00,21:00,"鹅肝双吃,白松露意面,招牌羊排,蓝鳍金枪鱼塔塔配鱼子酱"
243,上海半岛酒店·YI LONG COURT逸龙阁,31.2415026,121.489011,714.0,粤菜,11:30,22:30,"蜂蜜黑豚肉叉烧,化皮乳猪件,川汁明虾球,虾饺,厨师酱爆带子,草莓西米露"
244,三川·十酒Izakaya(南昌路店),31.2150431,121.459781,425.0,日本料理,17:00,03:30, 
245,鸿姐老火锅(静安店),31.2263769,121.4491163,153.0,火锅,11:00,02:00, 
246,清晨家烤肉(BFC外滩金融中心店),31.2255792,121.4981909,235.0,韩国料理,11:00,21:00, 
247,谷沙屋面铺,31.2519819,121.473289,30.0,小吃,05:30,14:30,"葱油拌面,红烧狮子头,四喜烤麸,百叶包,糖醋小排,咸风大肉"
248,上海东方滨江大酒店(国际会议中心)·鱼香阁,31.2392324,121.4968482,208.0,本帮菜,11:30,21:30, 
249,细记港九宵夜大牌档(东湖路总店),31.2162721,121.4537169,141.0,粤菜,11:00,03:00, 
250,恰酒吧,31.2261176,121.5000814,207.0,酒吧/酒馆,14:00,23:59, 
251,珍宝海鲜JUMBO SEAFOOD(ifc店),31.2364299,121.5012401,496.0,东南亚菜,11:30,21:00,"获奖新加坡辣椒螃蟹,新加坡招牌黑胡椒蟹,麦片虾,梨香带子,新加坡娘惹炸彩虹鲷,上汤波士顿龙虾,秘制一品牛肉,摩卡排骨,珍宝刺身大会串,蟹肉扒翡翠豆腐"
252,上海外滩W酒店·池畔酒吧 WET® Bar,31.2490099,121.4964799,229.0,西餐,18:00,24:00,"浮岛,熔岩果实,瀑布,假日机票,雨林,塔可,西班牙油条,皮塔饼,韩式炸薯条,香炸牛肉丸子"
253,乐忻皇朝(上海中心大厦店),31.2341914,121.50524,116.0,江浙菜,11:00,22:00, 
254,上海中心J酒店·锦上田舍 Kinnjyou Inaka,31.2336467,121.5063916,1514.0,日本料理,11:30,22:00,"自制鲍鱼可乐球配鲍鱼酱,扇贝黄油烧斑节虾毛豆沙拉,五品刺身,M7牛肉寿喜小锅,香煎鳕鱼配照烧汁,鹅肝蒸蛋配雪蟹肉"
255,上海凯宾斯基大酒店·阿尔贝鲁西班牙餐厅,31.2423142,121.504214,644.0,西餐,11:30,21:30, 
256,熙唐宴,31.2182678,121.5069691,580.0,江浙菜,11:00,22:00,"黄桥烧饼,樟树港辣椒炒和牛,秘制醉芙虾,清炖扬州狮子头,笋丝雪菜蒸海钓黄鱼,红烧金钩翅"
257,Solo(衡山路店),31.2051095,121.4470889,229.0,西餐,11:30,22:30, 
258,上海URSIDE酒店·有在西餐食堂·BISTRO BY URSIDE,31.2021942,121.4971375,126.0,西餐,08:00,21:00,"焦嫩烤鸡,蜜汁自信鸡翅,秘制和牛汉堡,番茄肉酱通心粉配肉丸,罗宋汤,烤南瓜藜麦沙拉"
259,Efes Turkish & Mediterranean Cuisine 艾菲斯餐厅(陆家嘴店),31.2314794,121.5178563,255.0,西餐,11:30,22:00,"艾菲斯烤肉拼盘,土耳其奶酪皮塔饼,米饭布丁,炭烤大虾,土耳其扁豆汤,巧克力蛋糕"
260,济州四季,31.2185781,121.4285199,945.0,韩国料理,18:00,23:00,"辣酱炒章鱼,济州白泡菜包肉配明太鱼籽,石锅芝士年糕,酱汁青豆鲍鱼,牛肉萝卜汤,无花果核桃芝士"
261,THE CANNERY(愚园路店),31.2182953,121.4284057,302.0,西餐,17:00,22:00,"鸭肝慕斯,生蚝,凯撒羽衣甘蓝沙拉,现烤三文鱼,土豆泥"
262,尚蒸燚蒸汽海鲜(上海总店),31.208946,121.4239122,339.0,海鲜,11:00,04:00, 
263,上海徐家汇A.T.HOUSE·LA DAME南丹,31.1891627,121.435518,375.0,创意菜,06:30,22:00,"澳洲烤牛肉沙拉,海鲜冬阴功汤米粉,沙拉米肠三明治,香草烤春鸡"
264,润苑大酒楼(徐汇店),31.1737135,121.4399775,285.0,本帮菜,11:00,21:00, 
265,庆春朴门(前滩太古里店),31.1537088,121.4811539,112.0,素食,10:30,21:00,"松茸汤包,橄榄油煎三种菇,孜然烤串,藜麦椒麻豆腐,黑松露炒饭,桂花荔浦芋儿"
266,柴门荟(前滩太古里店),31.1520465,121.4808419,479.0,川菜,11:00,21:00,"葱末猪肝,炝锅刺婆,松茸酱肉包,宫保老虎虾球,清汤芙蓉鸡豆花,怪味安格斯牛小排"
267,长寿粗面馆(殷高西路店),31.3198611,121.4711515,39.0,小吃,10:00,23:00,"黄鱼煨面,炸猪排,椒椒牛蛙面,干拌辣肉糜面,白斩鸡,猪肝双浇面"
268,小船日式料理,31.2556747,121.5820409,286.0,日本料理,11:30,20:30,"三文鱼腩刺身,海胆刺身,甜虾刺身,牛肉蔬菜卷,鹅肝握寿司,芥末章鱼"
269,简厨·湖南菜(凌空SOHO店),31.2213474,121.3536019,85.0,湘菜,10:00,22:00, 
270,东郊宾馆心悦自助餐厅,31.226001,121.5964,270.0,自助餐,11:00,14:00, 
271,上海东郊宾馆·麒麟阁,31.2213926,121.5976409,216.0,西餐,11:00,21:00,"巴黎香草焗蜗牛,巧克力熔岩蛋糕,果木碳烤牛肋排佐时令蔬菜,法式煎鹅肝,焗大虾,香炸手切芝士薯条"
272,宁国素斋(华泾路店),31.1203402,121.4493042,75.0,素食,10:00,20:00,"宁国素鸭,梵味咖喱,海皇醍醐羹,素馄饨,梅干菜包子,吉祥什锦面"
273,无味舒食(七宝店),31.1574747,121.3545353,255.0,素食,11:00,21:00, 
274,客觀民間菜,31.1347693,121.5800984,116.0,本帮菜,11:00,21:00,"香葱荔浦芋头,八珍烤鸭,梅菜饼,石磨泉水老豆腐,咸蛋黄锅巴,稻香东坡肉"
275,双塔老饭店,31.290943,121.3084192,87.0,本帮菜,11:00,19:30,"南翔小笼包,菜肉馄炖,响油鳝丝,毛蟹年糕,酒香草头,椒盐排条"
276,上海外高桥喜来登酒店·采悦轩,31.350567,121.5884701,252.0,本帮菜,11:00,21:30, 
277,上海朱家角安麓酒店·安麓全日餐厅,31.1151067,121.0487373,367.0,本帮菜,11:30,20:30,"陈皮花胶鸡丝羹,鸡头米小豌豆,野菜水晶石榴包,鸡油太雕淀湖白水鱼,鳝丝面,海鲜面疙瘩"
278,老滋味农家乐(崇明店),31.5075272,121.784096,91.0,农家菜,10:00,19:30, 
279,馋三尺蟹粉小笼(人民广场店),31.2365224,121.4744589,45.0,快餐简餐,08:30,20:30, 
280,The Boiling Crab宝灵蟹手抓海鲜(中国首店),31.2217117,121.477377,158.0,海鲜,11:00,22:30, 
281,Epices & Foie Gras,31.235474,121.483931,467.0,西餐,11:30,22:00,"鹅肝三部曲,羊排,法式鹅肝煎牛排,焦糖布丁三部曲,烤三文鱼配奶油蛤蜊汁,银鳕鱼"
282,上海艾迪逊酒店·粤味 Canton Disco,31.237639,121.4858955,472.0,粤菜,11:30,22:00, 
283,蟹家大院·十里洋场(外滩店),31.23393,121.49004,343.0,小吃,11:00,21:30,"蟹黄金,蟹肉肉,蟹醉了"
284,上海静安瑞吉酒店·The St·Regis Bar 瑞吉酒吧,31.2309982,121.4561799,255.0,酒吧/酒馆,17:00,24:00, 
285,黄鱼馆Jhouse(外滩店),31.2345304,121.4906133,936.0,海鲜,11:00,21:30, 
286,闲逸廊,31.231034,121.4560992,286.0,面包甜点,10:00,21:00, 
287,The Fellas(外滩店),31.2325284,121.4913253,490.0,西餐,17:30,24:00, 
288,梅匠·微醺小酒馆,31.2150628,121.4744774,132.0,日本料理,18:00,24:00, 
289,大肠面,31.2171357,121.4831452,40.0,小吃,10:00,20:00,"美味大肠面,大辣烤拌,牛肉拌面,鳝丝"
290,上海会馆(香港名都店),31.2227444,121.4899409,160.0,本帮菜,11:00,21:00, 
291,THE NEST,31.2408772,121.4876903,507.0,西餐,17:30,24:00, 
292,珍宝海鲜JUMBO SEAFOOD(环贸店),31.2162231,121.4588083,397.0,东南亚菜,11:30,21:00,"获奖新加坡辣椒蟹,新加坡招牌黑胡椒蟹,麦片虾,梨香带子,新加坡娘惹炸彩虹鲷,上汤波士顿龙虾,秘制一品牛肉,摩卡排骨,珍宝刺身大会串,蟹肉扒翡翠豆腐"
293,Odelice!欧膳(新乐路店),31.2169821,121.4528233,165.0,西餐,10:00,22:00, 
294,上海外滩茂悦大酒店·非常时髦餐厅VUE Restaurant,31.2453213,121.4932791,475.0,西餐,18:00,22:00,"鹅肝,生蚝,凯撒色拉"
295,威皇广福和小海鲜(襄阳南路店),31.2114373,121.4576106,127.0,海鲜,10:00,22:00,"招牌滋补药材醉鸡煲,五花牛肉,腊味煲仔饭,葱油蛏子,蒜蓉粉丝蒸扇贝,姜葱炒花蛤"
296,耶里夏丽(陆家嘴正大广场店),31.2373959,121.4999682,103.0,新疆菜,11:00,21:30, 
297,O'mills Sourdough Bakery&Bistro(永嘉路店),31.2097471,121.4600144,142.0,西餐,08:30,20:00, 
298,Cafe del Volcan(永康路店),31.2109316,121.4577655,37.0,咖啡店,09:00,19:00,"危地马拉单品咖啡,澳白,冰美式,冰摩卡,卡布奇诺,香蕉核桃曲奇"
299,莫尔顿牛排坊(浦东ifc店),31.236384,121.502198,898.0,西餐,11:30,20:00, 
300,阿根酒家(襄阳南路店),31.2069046,121.4578886,143.0,本帮菜,11:00,02:00, 
301,Bistro Sola,31.2042376,121.4605143,583.0,西餐,11:30,22:00,"扇贝牛肝菌烩饭,法式油浸鸭腿,海胆鲍鱼烩饭,鲷鱼南瓜泥,竹荚鱼塔塔"
302,OTTiMO,31.2057214,121.4511214,622.0,西餐,11:30,23:30,"澳洲西冷牛扒,招牌烤鸡,暖心松露面,薄切带子,焦糖冰淇淋"
303,沪上馨和小馆(新会路店),31.2385478,121.4378008,98.0,本帮菜,11:00,21:00, 
304,上海外滩浦华大酒店·讚·法式铁板烧,31.2513932,121.5027325,620.0,西餐,11:30,21:00,"法式焗明虾,法式鸭肝佐桑椹红酒酱,澳洲M9和牛,鱼子蟹肉慕斯,南瓜松露蒸蛋,牛尾汤"
305,Jstone.Italian Kitchen &Bar(世茂52+ 店),31.223516,121.51488,380.0,西餐,11:30,22:30, 
306,LES NUAGES 云,31.2526833,121.50801,1152.0,西餐,11:30,23:00, 
307,老吉士酒家(天平路店),31.2031451,121.4379215,228.0,本帮菜,11:00,21:30,"心太软（糯米红枣）,蟹粉炒粉皮,清炒河虾仁,吉士咸鸡,吉士红烧肉,糖醋芝麻小排"
308,LOVE爱泰,31.1951394,121.4423495,131.0,东南亚菜,11:00,21:30,"冬阴功海鲜汤,芒果甜糯米,黄咖喱牛腩,烤猪颈肉,柠檬蒸鱼,泰式虾饼"
309,Money Shops(愚园路店),31.218734,121.4230136,126.0,西餐,08:00,21:30, 
310,Texas Roadhouse(世纪汇广场店),31.227446,121.527246,255.0,西餐,11:00,21:00, 
311,悦庭华府,31.202756,121.429601,246.0,本帮菜,11:30,22:00, 
312,椒点,31.1875603,121.4424193,167.0,川菜,11:00,21:30, 
313,万禾都市农场 Brunch·Bistro(长宁来福士店),31.2169035,121.4152453,165.0,西餐,11:00,22:00,"波士顿龙虾天使发丝面,主厨牛肉拼盘,黑松露野菌汤,美式辣味牛肉汉堡,肉食主义早午餐盘,薯条松露暴风雪,松露蘑菇腌肉意式披萨,西班牙海鲜铁锅饭,香煎三文鱼杂粮饭"
314,顺峰顺水顺德菜(龙华店),31.1810177,121.4547275,183.0,粤菜,11:00,21:00, 
315,珍宝海鲜JUMBO Seafood(尚嘉店),31.2056698,121.4066441,363.0,东南亚菜,11:30,21:00,"获奖新加坡辣椒螃蟹,新加坡招牌黑胡椒蟹,麦片虾,梨香带子,新加坡娘惹炸彩虹鲷,上汤波士顿龙虾,秘制一品牛肉,摩卡排骨,珍宝刺身大会串,蟹肉扒翡翠豆腐"
316,新光酒家方亮蟹宴(世纪公园店),31.2100702,121.5501162,629.0,本帮菜,11:00,22:00,"蟹柳芦笋,蟹黄鱼翅,蟹膏银皮,象形蟹粉皮蛋,蟹粉河虾仁,蟹粉小馄饨"
317,生活如沸·顺德水牛奶火锅(大学路店),31.3025784,121.5067736,143.0,火锅,11:00,24:00, 
318,上海浦东嘉里大酒店·The COOK·厨餐厅·自助餐,31.212961,121.5632109,309.0,自助餐,06:30,20:30, 
319,悦·中餐厅,31.159502,121.4300756,242.0,粤菜,11:30,21:30, 
320,凯悦咖啡厅·中厨房,31.3005294,121.5191201,309.0,本帮菜,11:30,21:30, 
321,Yasmine’s茉莉西餐厅(碧云路店),31.235656,121.57482,251.0,西餐,11:00,22:00, 
322,G7牛食堂,31.1909361,121.3835032,230.0,日本料理,11:00,22:00, 
323,金匠寿司(中庚漫游城店),31.1331237,121.3971831,96.0,日本料理,11:00,21:00, 
324,逸轩中餐厅,31.1377227,121.3603312,225.0,粤菜,11:00,21:00, 
325,上海宝龙丽笙酒店·北纬31度西餐厅,31.2656327,121.6500971,134.0,西餐,06:00,21:30, 
326,新镇江上海富春小笼馆,31.0477739,121.5080684,61.0,小吃,09:00,17:00,"蟹黄小笼包,鲜贝小馄饨,宿醉拿铁,开洋拌面,金牌炸猪排,鳕鱼黑松露小笼包"
327,紫阳花园大酒楼,31.1674227,121.7039177,164.0,江浙菜,09:30,21:00,"片皮鸭,鱼头汤,白切散养鸡,黑椒排骨,白切羊肉两吃,粗粮烩海参"
328,上海嘉定凯悦酒店·享悦中餐厅,31.352253,121.2630009,404.0,本帮菜,11:00,21:00, 
329,TVB花苑茶餐厅,31.0361293,121.7162484,107.0,粤菜,11:00,20:30,"腊味煲仔饭,花苑虾饺皇,菠萝包,龙虾泡饭,咖喱自家鱼丸,鲜虾肠粉"
330,上海宝华喜来登酒店·采悦轩中餐厅,30.9216676,121.574858,209.0,粤菜,11:00,21:00, 
331,洞天食府(北大街店),31.1107755,121.0551414,89.0,本帮菜,10:00,19:30,"酱爆螺丝,清蒸白水鱼,蚌肉豆腐,酒香草头,白斩鸡,白米虾"
332,拉蒂娜巴西牛排馆Latina Brazilian Steakhouse (陆家嘴店),31.2355001,121.5009498,288.0,自助餐,11:00,22:00,"烤香肠,小牛肉,烤鸡翅,烤牛舌,巴西烤肉,牛三角肉,烤菠萝"
333,上海康莱德酒店·欧赛朵地中海餐厅,31.234393,121.4761313,257.0,西餐,11:30,21:00,"扒黑安格斯肉眼,香煎三文鱼,战斧牛排,伊比利亚火腿,奶油蘑菇汤,炸芝士土豆丸子"
334,阿童牟日式和牛烧肉(力宝广场店),31.2241885,121.4755515,523.0,日本料理,11:30,22:00,"阿童牟金城,和牛特选三筋,和牛眼肉,和牛西冷,厚切牛舌"
335,BrewDog(招商局广场店),31.2276787,121.4663953,144.0,西餐,11:30,24:00, 
336,上海静安凯宾斯基全套房酒店·西餐厅 1Eins Bistro & Lounge,31.2323959,121.4650677,108.0,西餐,07:00,22:00, 
337,The Market Lane ·极(新天地旗舰店),31.2227602,121.4743935,174.0,东南亚菜,11:30,21:30,"咖喱牛腩,棒棒糖鸡翅,碳烤猪颈肉,牛油果大虾,冬阴功汤,缤纷芒果糯米花园"
338,玺粤轩(九号商场店),31.221566,121.477001,307.0,粤菜,08:00,21:00, 
339,克比土耳其印度餐厅Pera(巨鹿路店),31.22319,121.46631,121.0,西餐,11:30,24:00, 
340,Calix(新天地店),31.220572,121.474992,306.0,西餐,11:00,01:00, 
341,上海艾迪逊酒店·Club Room艾迪逊空间,31.2377338,121.4859085,306.0,酒吧/酒馆,10:30,22:30, 
342,村口大树,31.22117,121.461945,51.0,咖啡店,10:00,18:00,"幻灭的爱情特调咖啡,小芳,大富大桂,大菠萝,拿铁,牧羊人"
343,思南汇酒楼,31.2179732,121.4666397,166.0,本帮菜,11:00,20:00, 
344,無語 焼鳥&酒場,31.2302085,121.4574909,153.0,日本料理,11:00,24:00,"盐烧精品牛舌,鸡皮,鸡膝软骨,京葱鸡腿肉,满满蟹肉芝士焗蟹宝,日本年糕"
345,乐凯撒披萨(静安大悦城店),31.2445203,121.4717602,76.0,西餐,10:00,22:00, 
346,外滩ART.333,31.2419333,121.48403,510.0,西餐,11:00,22:00, 
347,CASANOVA意大利餐厅(外滩店),31.2346947,121.4905355,351.0,西餐,11:30,22:00,"黑松露有机蛋披萨,香烤椿鸡,烤金文布芝士配无花果酱蜂蜜,意式风味腌制挪威三文鱼,温热油浸八爪鱼沙拉,菠菜汁烩饭,烤海鲜拼盘,澳洲和牛肉眼M5,意式铜锅“卡纳罗利”海鲜烩饭,14天干式熟成T骨牛排"
348,南翔馒头店(豫园店),31.2266265,121.4914483,103.0,小吃,09:00,20:00,"传统鲜肉小笼,蟹黄灌汤包,香辣蟹肉小笼,虾仁鲜肉小笼,糖醋小排,南翔醉鸡"
349,美新点心店(陕西北路店),31.2255457,121.4562769,28.0,小吃,08:00,18:30,"八宝饭,香菇面,鲜肉汤圆,芝麻汤圆,春卷,炸猪排,菜肉冷馄饨,辣肉冷面,菜肉馄饨"
350,冯爸面馆(陕西南路店),31.2213511,121.4573054,41.0,小吃,11:00,21:00,"雪菜冬笋肉丝,腰花面,炒鳝丝面"
351,HORIGUCHI COFFEE堀口咖啡,31.2418403,121.4880498,114.0,咖啡店,09:00,19:00,"1号咖啡,二号咖啡,七号咖啡,覆盆子巧克力,双层芝士蛋糕,5号咖啡"
352,AZUL蓝坊拉丁餐厅,31.235349,121.450514,240.0,西餐,11:00,24:00, 
353,胡麻(静安嘉里店),31.2241943,121.4505364,128.0,云南菜,11:00,21:00, 
354,博多新记·粤菜(复兴店),31.2136344,121.4577115,150.0,粤菜,11:00,22:00, 
355,MUST(武定路店),31.230184,121.444614,208.0,西餐,11:30,22:30, 
356,WS Cafe & Lounge,31.2134637,121.4506309,245.0,西餐,11:00,23:00,"葱油拌意面,炸鸡翅,黑松露咸蛋黄披萨,松露薯条,巧克力烂泥蛋糕,拿破仑"
357,Bella Vita美好生活意大利餐厅(海防路店),31.236724,121.44358,213.0,西餐,11:00,21:30, 
358,Zeitgeist塞德斯德国餐厅(同乐坊店),31.2370641,121.4435492,167.0,西餐,11:00,01:00,"德国脆皮烤猪肘,煎猪排配奶油酱面疙瘩,烤肠拼盘,牛肉卷配土豆泥,薯条,德国面包圈Pretzel"
359,晓疆山·大美新疆菜(白玉兰广场店),31.2484486,121.4974557,97.0,新疆菜,10:00,21:00, 
360,权茂上海菜(上海中心大厦店),31.233407,121.505605,196.0,本帮菜,11:00,22:00,"上海白斩鸡,本帮鳝糊,上海红烧肉,本帮熏鱼,酒香天山鳕鱼,清炒河虾仁"
361,上海中心J酒店·弋酒廊Yi Lounge,31.2334999,121.5057025,560.0,自助餐,14:00,24:00, 
362,醉辉皇(上海中心大厦店),31.2334693,121.5057976,256.0,粤菜,10:30,22:00,"龙腾四海,战斧牛排,白切丛林鸡,象拔蚌,椒麻翘嘴鱼,香煎藕饼,金汤黄焖鱼唇,家烧沙蒜的豆面,点心拼盘"
363,过去进行食·90年代记忆博物馆,31.2023028,121.473005,100.0,创意菜,11:00,21:30, 
364,AZUL italiano意大利餐厅(白玉兰广场店),31.24951,121.49792,205.0,西餐,11:00,22:00, 
365,东京屋(武定路店),31.2296557,121.4400563,136.0,日本料理,11:30,22:00, 
366,喜粤8号(汝南街总店),31.202626,121.4832266,210.0,粤菜,11:00,21:00,"喜粤虾饺皇,竹笙菠菜饺,星级叉烧,碧绿菌皇炒带子,鲜虾脆皮肠粉,蜜汁烧河鳗鱼,杨枝甘露,黄金流沙包"
367,栗原家の日本料理串焼専門店,31.2563921,121.4571403,122.0,日本料理,11:30,21:00,"雪花牛肉寿喜锅,招牌鹅肝寿司,烤法式鹅肝,鳗腹经纶卷,莆叶雪龙牛舌烧,三文鱼刺身"
368,上海虹口三至喜来登酒店·Miyabi·雅日本餐厅&酒吧,31.2578999,121.4880743,208.0,日本料理,11:00,21:00, 
369,AZUL italiano意大利餐厅(大洋千树店),31.249149,121.445387,209.0,西餐,11:00,22:00, 
370,Restaurant Cuivre古铜法式餐厅,31.2089867,121.4454718,391.0,西餐,11:30,22:30,"煎牛腹肉,鹅肝酱,黑松露芝士烩饭,松露三明治,鳕鱼,焦糖苹果派"
371,福源沁(静安店),31.2264606,121.4358593,116.0,江浙菜,11:00,22:00,"老上海熏鯧鱼,金玉满堂,花雕醉鸡,响油鳝丝,熟醉膏蟹,文火私房牛肉"
372,清真·宁夏印象·盐池滩羊肉体验店(江宁路店),31.2481929,121.4401558,136.0,西北菜,10:30,23:30, 
373,COLCA 秘鲁西班牙餐厅(衡山路店),31.2049993,121.4469998,293.0,西餐,11:30,24:00, 
374,潮禧·潮汕菜(长寿路店),31.2374112,121.4340343,210.0,粤菜,10:00,02:00, 
375,SENSO 意大利餐厅,31.2134841,121.4354461,286.0,西餐,11:30,23:30,"蘑菇黑松露酱披萨,碳烤马里脊肉, 糯米烤鸡,意式自制手工宽面,马肉刺身,提拉米苏"
376,雲和面馆YUNHENOODLE(华山路店),31.2036056,121.4346018,213.0,快餐简餐,11:00,21:30,"蟹粉捞面,黑松露虾仁面,黄鱼煨面,云和炸猪排,蛤蜊蛏子拌面,酱爆猪肝"
377,Jstone.Italian Kitchen &Bar(世纪汇店),31.227569,121.527359,360.0,西餐,11:30,21:30, 
378,930私房菜(宜川路店),31.26472,121.4360998,80.0,其他,10:30,21:00, 
379,怡和1915(滨江国际广场店),31.2503199,121.5300278,53.0,咖啡店,10:00,17:30, 
380,潮府馆·潮州菜(世纪公园店),31.2117564,121.5500326,165.0,粤菜,08:30,21:00, 
381,克比印度餐厅kebabs on the grille(大拇指广场店),31.2267265,121.5596765,103.0,东南亚菜,11:00,22:30, 
382,BIANCHI PLUS白安其(浦东嘉里城店),31.212551,121.562774,432.0,西餐,11:00,21:30, 
383,そば道·荞麦道日本料理,31.2068003,121.3863012,130.0,日本料理,11:30,02:00,"特制荞麦粒豆腐,黑咖喱荞麦面,鸭肉汤蘸汁荞麦面,烤鸡皮,盐烤鸡腿肉,炸虾天妇罗"
384,帕蓝·暹罗料理(大学路店),31.3034618,121.5085605,123.0,东南亚菜,10:30,21:00, 
385,金芬食府,31.2154271,121.3725734,114.0,本帮菜,12:00,19:00,"上海油爆虾,油酱毛蟹年糕,酱爆猪肝,响油鳝丝,糖醋排骨,杭白菜百叶"
386,吴记鲜定味(吴中路店),31.1789011,121.3876765,187.0,台湾菜,11:00,01:00, 
387,金时代顺风港湾(爱琴海购物中心店),31.1751915,121.3722048,180.0,本帮菜,10:00,21:30, 
388,欧巴炭烤肉오빠숯불구이(虹泉路店),31.1690852,121.3731217,111.0,韩国料理,11:00,23:30, 
389,大龍發记·香港饭店(中庚漫游城店),31.1326084,121.3976615,188.0,粤菜,11:00,22:00, 
390,上海佘山世茂洲际酒店(世茂深坑酒店)·彩丰楼 中餐厅,31.0584601,121.1552809,440.0,粤菜,11:30,22:00,"茉莉花香熏银鳕鱼,五粮玉液嫩豆苗,浓鸡汤笋衣煨老豆腐,黄鱼原汁煨面,毛芋艿咸肉焖菜饭,翠豌豆蜜椒雪花牛肉粒"
391,古弄饭店·本地人农家菜,30.8875043,121.0171942,62.0,农家菜,08:00,20:00,"马兰头豆干,白切鸡,昂刺鱼豆腐汤,响油鳝丝,田螺塞肉,棱炒芋艿"
392,乐意坊 Alla Torre 意大利手工披萨 (缤谷店),31.2141587,121.3886081,130.0,西餐,10:00,22:00,"黑松露披萨,经典巧克力熔岩蛋糕,特级玛格丽塔披萨,提拉米苏,帕玛森芝士和松露炸薯条,惠灵顿牛排"
393,德大西餐社,31.230826,121.4679964,124.0,西餐,11:00,20:00,"黄油焗蜗牛,炸猪排,德大色拉,德大西冷牛排,芝士焗蟹斗,蒜香烤面包"
394,圆苑(淮海路店),31.2243621,121.4755843,250.0,本帮菜,11:00,22:00,"圆苑红烧三宝,拆烩蟹粉水库鱼头,冰沙红酒鹅肝"
395,哈灵面馆(广西北路店),31.2365073,121.4766346,39.0,小吃,10:00,21:00,"哈灵牛蛙面,炸猪排,泡椒牛蛙饭,大肠肉丝双浇面,腰花猪肝双浇面,鳝丝双浇头"
396,阿吾罗日本料理(K11艺术中心店),31.2233015,121.4732926,247.0,日本料理,11:00,22:00, 
397,上海素凯泰酒店·La Scala意大利餐厅,31.2275808,121.4645203,480.0,西餐,11:30,22:00,"招牌烩饭,墨鱼汁龙虾意面,炖小牛脸颊肉,牛肉塔塔,招牌提拉米苏,澳洲牛肋排"
398,小山日本料理(兴业太古汇店),31.2281335,121.4633517,320.0,日本料理,11:30,22:00, 
399,星巴克臻选上海烘焙工坊,31.2307366,121.4624618,109.0,咖啡店,08:00,23:00, 
400,Cheeva Thai,31.2218939,121.4679135,964.0,东南亚菜,18:00,22:00,"芒果糯米饭,龙豆大虾色拉,冬阴功汤,烤猪颈肉,传统泰式大虾炒粉,椰汁鸡汤"
401,The Captain船长餐厅&酒吧,31.2353607,121.4894742,173.0,酒吧/酒馆,17:00,01:00, 
402,HORITA堀田,31.2433744,121.481932,2270.0,日本料理,18:00,22:30,"北海道海胆,鱼翅蒸蛋,和风煮牛舌,石板牛肉,竹荚鱼刺身,烤松前雪鱼白子"
403,ATELIER IZAKAYA 2.0,31.232553,121.490848,398.0,日本料理,17:30,00:30, 
404,壹泰Ethai·朝天椒·泰焗(新天地店),31.2155531,121.4744591,162.0,东南亚菜,11:00,22:30,"泰式冬阴功大虾汤,泰式虾饼,香芒大虾色拉,菠萝海鲜炒饭,芒果糯米甜饭,龙虾片,榴莲泡芙,椰青,烧汁鹅肝牛肉,咖喱皇炒大虾"
405,上海外滩华尔道夫酒店·蔚景阁,31.233821,121.491051,490.0,粤菜,09:00,18:00, 
406,上海和平饭店·茉莉酒廊,31.2389002,121.4889977,333.0,面包甜点,07:00,10:30, 
407,绿波廊(豫园店),31.2264091,121.4915212,224.0,本帮菜,11:00,20:30,"拆骨八宝鸭,椒盐葫芦酥,蟹粉小笼包,香茜虾仁春卷,八宝辣酱,水晶虾仁,精致眉毛酥,桂花拉糕,蟹粉小笼"
408,酉前·Yakitori·烧鸟(复兴荟店),31.2174574,121.4844522,485.0,日本料理,17:30,22:30, 
409,上海东方美仑美奂酒店·MHaus美庐餐厅,31.2317529,121.4928343,163.0,酒吧/酒馆,06:30,22:30,"德式咸猪肘,海鲜糊糊面,德式香肠,叻撒,阳春面,鱼子酱,羊排,冷切肉拼盘"
410,弦月窗LUNETTE BY AMANDA(复兴路店),31.215139,121.46632,550.0,西餐,11:30,23:30,"惠灵顿牛排,低温炭烤牛舌,新西兰青口贝色拉佐柠檬橙味啫喱&芥末芝麻酱,自制传统鹅肝酱"
411,海金滋(陕西南路店),31.2211953,121.4575137,70.0,江浙菜,10:00,21:00,"葱烤大排,响油鳝丝,酱爆猪肝,腐乳空心菜,蟹粉蛋,酒香草头,油爆虾,酱鸭"
412,Speak Low彼楼,31.2148309,121.4658008,266.0,酒吧/酒馆,18:00,02:00, 
413,CAMINETTO 炼舍,31.212009,121.475504,382.0,西餐,12:00,23:00,"生切牛肉薄片,火腿无花果披萨,鸡肝慕斯,炸黑松露饭团,章鱼土豆泡沫,慢炖牛脸肉"
414,莆田餐厅PUTIEN(环贸iapm店),31.2157762,121.4582802,137.0,闽菜,11:00,21:00, 
415,Primotable by Jstone.高桌牛排馆(BFC外滩金融中心店),31.2257393,121.4977161,909.0,西餐,11:30,22:00, 
416,上海静安香格里拉大酒店·两咖啡自助餐厅,31.2230951,121.450405,290.0,自助餐,11:30,21:30, 
417,四季民福烤鸭店(外滩外白渡桥店),31.2464006,121.4902541,220.0,北京菜,10:30,21:30,"酥香嫩烤鸭,京味爆肚,干炸小丸子,驴打滚,贝勒烤肉,蜜汁酥皮虾"
418,simply thai天泰(上海静安嘉里中心店),31.2244277,121.4496405,181.0,东南亚菜,11:00,21:00, 
419,Crush Wine Bistro,31.235554,121.448774,316.0,西餐,17:00,01:00, 
420,Bar à Vin,31.211478,121.459438,335.0,西餐,18:00,00:30, 
421,沪上馨和小馆(陆家浜路店),31.2121134,121.490355,108.0,小吃,11:00,21:00, 
422,食好点(上海旗舰店）,31.2235842,121.4477698,129.0,粤菜,11:00,21:30,"喜叔桥底辣蟹,蜜汁叉烧酥,芥末杏仁片脆虾球,黯然销魂菠萝包,香煎黑椒和牛包,菠萝咕噜肉,蛋煎糯米鸡,野菌上素炸春卷,砂锅手剁肉饼,牛仔茶"
423,令谷花开·惊世料理(静安店),31.224361,121.4450169,109.0,日本料理,10:30,22:30,"澳洲铺天盖地火牛寿司,巨乳芝士瀑布甘薯,唐洋炸鸡,赤焰三帝盖浇饭,融化肥肝,京都手作香浓芝士豆腐"
424,我家餐厅(华山路店),31.2200986,121.4463237,91.0,本帮菜,11:00,01:00,"酱爆猪肝,我家鸡翅,葱油拌面,清炒鳝丝,糖醋排条,我家沙拉"
425,Vedas印度餐厅(常熟路店),31.21744,121.447798,166.0,东南亚菜,11:30,22:30, 
426,El Bodegon阿根廷秘鲁餐厅(常熟路店),31.21723,121.447921,204.0,西餐,17:00,22:30, 
427,Wolfgang’s Steakhouse沃夫冈牛排馆,31.248491,121.497565,1173.0,西餐,11:30,22:30, 
428,THE WANG王品(上海中心店),31.233527,121.505402,615.0,西餐,11:30,21:00,"PorterhouseT骨牛排,谷饲牛肉刺身,香煎帝王蟹饼,慢炖牛排清汤,法式芒果布蕾,开心果拿破仑千层"
429,RAW EATERY AND WOOD GRILL(创意园店),31.228314,121.441714,558.0,西餐,17:30,01:00, 
430,C Cafe(朵云书院旗舰店),31.2336383,121.5056141,53.0,咖啡店,10:30,20:00, 
431,圆苑(金茂店),31.2356522,121.5052954,222.0,本帮菜,11:00,21:30,"圆苑红烧三宝,拆烩蟹粉水库鱼头,冰沙红酒鹅肝"
432,上海浦东丽晶酒店·Camelia餐厅,31.2342836,121.510337,262.0,西餐,11:30,21:00,"猫头鹰玩偶巧克力炸弹,龙虾汤,雪蟹腿,马卡龙"
433,KIINA,31.1988169,121.4831537,1365.0,西餐,11:00,23:00, 
434,Pizzeria S,31.249752,121.508082,315.0,西餐,11:30,21:30, 
435,夏朵花园(复兴西路店),31.2113603,121.4378198,272.0,西餐,11:00,22:00, 
436,上面坊酥鸭大面(东诸安浜路店),31.218419,121.4331805,31.0,小吃,10:30,20:30, 
437,一面春风(武康路店),31.2055857,121.4418693,75.0,小吃,09:30,21:00,"素三鲜面,溏心蛋,双龙拌面,玫瑰酱方,蛏子蛤蜊拌面,炸猪排,醉焖蹄,五白清肺饮,猪油饭,蟹粉拌面"
438,耘粹坊,31.2214742,121.4304725,109.0,快餐简餐,11:00,21:00, 
439,Anokhi 南亚融合料理(衡山路店),31.1997013,121.4458803,235.0,东南亚菜,11:00,22:00, 
440,黑石炉家深夜酒场(浦东店),31.2277864,121.5237571,275.0,日本料理,11:30,23:30, 
441,莲餐厅·湖北菜(中山公园店),31.2203021,121.423887,122.0,湖北菜,11:00,22:00, 
442,四如春食府,31.2523599,121.4288558,33.0,本帮菜,05:00,23:00,"排骨年糕,酱爆猪肝饭,辣肉面,冷面,四如春大馄饨,牛肉粉丝汤"
443,云之缘云南民族菜Lotus Eatery(定西路店),31.212091,121.423401,110.0,云南菜,11:30,22:00, 
444,孔雀川菜(长宁来福士店),31.2156269,121.4146945,150.0,川菜,11:00,21:00, 
445,平壤高丽馆(尊茂店),31.2261893,121.5355186,221.0,韩国料理,10:00,24:00, 
446,杨记齐齐哈尔烤肉(总店),31.2480369,121.4019675,119.0,烧烤,11:00,04:00, 
447,土古里日式烧肉,31.2090686,121.4026573,148.0,日本料理,11:00,22:00,"御珍步步高20款压轴拼盘,招牌日本桥拼盘,石锅拌饭,土豆色拉,时蔬生菜培根色拉,土古里全牛拼盘,葱香牛五花,特选牛肋扇,上选腹心肉,上选横膈膜"
448,聚酒锅日料·精品火锅(金虹桥商场店),31.2086158,121.4023082,500.0,火锅,11:00,22:00,"港式炸鱼皮,招牌脆肉鲩鱼片,雪花牛肉片,法国生蚝,手工炸响铃,活海胆刺身"
449,那时新疆·且末(LCM置汇旭辉广场店),31.2427769,121.5552448,111.0,新疆菜,11:00,21:30, 
450,长征刨冰(控江路店),31.2866315,121.5436895,16.0,面包甜点,11:30,23:00, 
451,三林本帮馆(中林街店),31.1373067,121.4999275,104.0,本帮菜,11:00,20:00,"特色油爆河虾,本帮蒸三鲜,扣三丝,本帮扣肉,本帮酱鸭"
452,冷三先生냉삼선생(首尔夜市店),31.1701866,121.3733344,132.0,韩国料理,16:00,01:00, 
453,顺昌仁寿灌蛋(七宝老街店),31.1514428,121.3552982,18.0,小吃,09:00,21:00, 
454,汉来海港·海鲜自助餐厅(七宝万科店),31.1552252,121.3505721,238.0,自助餐,11:00,21:00, 
455,古仓·餐厅(松江店),31.000148,121.2429535,133.0,创意菜,11:00,21:00, 
456,巴奴毛肚火锅(人广来福士店),31.2321196,121.4771731,180.0,火锅,11:00,22:00, 
457,杏花樓(黄河路店),31.2334535,121.4712497,161.0,粤菜,10:30,21:00, 
458,煲宫猪肚鸡(新世界美食广场店),31.2349668,121.4738463,110.0,火锅,11:00,21:30,"胡椒猪肚鸡,青花椒猪肚鸡,鸳鸯猪肚鸡拼红油麻辣锅,牛肉三重奏,花艺锦蔬,海鲜集锦,腊味煲仔饭,有机舞菇,六宫粉黛,乳鸽"
459,上海南新雅皇冠假日酒店·金莱全日餐厅,31.2345547,121.4769993,174.0,西餐,06:30,21:30, 
460,合興發茶冰室(人民广场店),31.2338184,121.4780036,84.0,粤菜,11:00,21:30, 
461,海底捞火锅(人民广场店),31.2359616,121.4743607,108.0,火锅,10:00,01:00, 
462,京炉·北京烤鸭火锅(第一百货店),31.2359631,121.4748777,117.0,火锅,11:00,21:30, 
463,邀菓(南京东路店),31.2348276,121.4784717,67.0,面包甜点,10:00,21:00, 
464,老正兴菜馆(福州路店),31.2331404,121.4801202,180.0,本帮菜,11:00,21:00,"生煎包,八宝辣酱,油爆鳝丝,正兴酱方,草头圈子"
465,新光酒家方亮蟹宴(黄浦店),31.2361402,121.4769585,577.0,江浙菜,11:00,20:30,"清蒸大闸蟹,清蒸蟹钳,蟹膏银皮,蟹柳烩芦笋,香干,蟹粉小馄饨,蟹粉拌面,蟹肉小馄饨"
466,令谷花开·惊世料理(湖北路店),31.2326167,121.4811531,137.0,日本料理,11:00,22:30, 
467,贤合庄卤味火锅(魔都旗舰店),31.226903,121.480623,125.0,火锅,11:00,02:00, 
468,玖乐火锅,31.222971,121.475114,641.0,火锅,11:00,04:00, 
469,荣家黄鱼面(南京西路店),31.2319129,121.4642555,157.0,小吃,11:00,21:00,"招牌黄鱼面,海鲜汤年糕,麦饼（肉加蛋）,海鲜姜汤面,呛萝卜,鹅头"
470,大一海鲜火锅(大沽路店),31.225581,121.4651422,645.0,火锅,11:30,01:00, 
471,Nomad,31.2232971,121.4654586,204.0,中东料理,17:00,02:00,"烤苹果,蒙古小羊排,安格斯腹肉牛排,摩洛哥鸡肉串,圣卡罗原切细薯条,生牛肉塔塔"
472,煲宫猪肚鸡(悦荟广场店),31.23681,121.48364,110.0,火锅,11:00,21:30,"胡椒猪肚鸡,青花椒猪肚鸡,鸳鸯猪肚鸡拼红油麻辣锅,牛肉三重奏,花艺锦蔬,海鲜集锦,腊味煲仔饭,有机舞菇,六宫粉黛,乳鸽"
473,熊猫老灶火锅(TX淮海路店),31.2206052,121.4688644,201.0,火锅,11:00,04:00, 
474,上海威斯汀大饭店·帕戈意大利餐厅(河南中路店),31.2323479,121.486878,245.0,西餐,11:00,22:30, 
475,上海威斯汀大饭店·水晶苑中餐厅,31.2324308,121.4868701,246.0,本帮菜,11:30,14:30, 
476,红盔甲(淮海中路店),31.2191467,121.4698732,219.0,小吃,11:00,02:00, 
477,bananaGG(茂名北路店),31.2247724,121.460621,172.0,西餐,10:00,21:00, 
478,转角·上海老弄堂(淮海路店),31.2212362,121.4635865,154.0,本帮菜,11:00,21:30, 
479,A TOMPSON HOTEL(丰盛里),31.2283065,121.4590855,275.0,酒吧/酒馆,18:30,02:00,"Golden Spirits,Billionaire,Tompson Negroni,Buffett's Lunch,A Bathing Beauty,White Gloves,Pickled Fish Skin,Pineapple Cake,Why Nut？,Gossip Girl"
480,上海艾迪逊酒店· 顶层酒吧 ROOF,31.237706,121.4858915,408.0,酒吧/酒馆,14:30,24:00, 
481,红KURENAI,31.228519,121.458942,1491.0,日本料理,18:00,22:00,"金枪鱼寿司,炙烤鱼腹配海胆,当日鲜选刺身五种,鰤鱼寿司,竹荚鱼寿司,风干白甘鲷,精选和牛舞茸卷,富士山白虾三文鱼籽,星鳗寿司,玉子烧"
482,咏心·上海点心(静安大悦城店),31.2432477,121.4723664,82.0,本帮菜,11:00,20:30,"现拆蟹粉小笼,上海葱油鸡,现拆蟹粉豆腐,厚切炸猪排,现拆蟹粉桃胶鸡头米,桂香山药酪"
483,鳗满·活烤鳗鱼专门店(上海丰盛里店),31.2285247,121.4586702,126.0,日本料理,11:00,21:00, 
