id,name,lat,lon,price,cuisine,opentime,endtime,recommendedfood
0,百分之五洋房餐厅,30.5815702,114.2998943,298.0,融合菜,11:30,21:00,"十四天干式熟成绿头鸭,热辣滚烫的鮰鱼, 咖喱牡丹虾配油条,东风螺茶碗蒸,酥香黄牛肉"
1,青禾餐厅(东湖店),30.5842434,114.3842047,306.0,湖北菜,10:30,21:00,"古法南非溏心鲍,青禾招牌翅,金蒜焗帝王蟹,鲍汁扣辽参,玻璃脆皮乳鸽"
2,武汉光谷希尔顿酒店·御玺中餐厅,30.5510527,114.4906558,218.0,粤菜,11:30,22:00,"鸡汤冲浪活辽参,拿破仑酥片皮鸡,冰镇五彩夏荷鲜,百花藕苗龙利鱼 ,脆皮银鱼炸藕海,雪莲子瑶柱炖花胶,松露百合龙虾球,香椿苗杏香虾球,冰糖葫芦鹅肝冻,春芽菜白灼海肠"
3,武汉光谷凯悦酒店·当米亚诺意大利餐厅,30.5071278,114.4232879,322.0,西餐,11:30,21:30,"提拉米苏,澳洲肉眼牛排配土豆,凤梨大虾牛油果披萨,碳烤芦笋,凯撒沙拉,鳕鱼"
4,粗茶淡饭·壹号餐房,30.5883389,114.3031979,398.0,创意菜,11:30,21:00,"佛跳墙,波斯顿龙虾,银丝卷,石锅辽参,桂花糖藕,樱桃鹅肝"
5,武汉香格里拉大酒店·香宫中餐厅,30.6027797,114.282845,194.0,粤菜,11:30,21:00, 
6,喜舍(江滩店),30.5861811,114.3021129,317.0,创意菜,11:30,21:00,"莲子燕麦烧海参,文火和牛扣野鲍,招牌红汤甲鱼配油条,富锶泉水炖活海参,青苹果红酒鹅肝,巴沙酱小青龙,火焰香茅焗肋眼肉,珍藏白兰地熟虾,鲜虾汤酸萝卜波龙烩豆面,黑松露花菜梗"
7,水樂棠江景餐厅(绿地江滩店),30.5854395,114.3215082,297.0,湖北菜,10:30,21:00,"茅台生焖东海大黄鱼,十年陈皮焗鸡,牛油果酸奶燕窝,水乐棠招牌御膳鸭"
8,粗茶淡饭·汉口公馆(循礼门店),30.5874858,114.2831614,122.0,湖北菜,11:30,21:00,"香煎鲈鱼,鲜花椒牛蛙,小米排骨,豆腐圆子,三鲜豆皮,麻酱凤尾"
9,虾皇(虎泉店),30.5091559,114.3745421,129.0,小吃,10:00,24:00,"油焖大虾,蒜蓉虾,麻辣虾球,特色爆炒花甲,香蕉飞饼,凉拌毛豆"
10,夏氏砂锅(万松园店),30.5929476,114.2692705,107.0,湖北菜,11:00,02:00,"干煸藕丝,锅边馍,莲藕排骨汤,炝生菜,你没吃过我的豆腐,牛蛙煲"
11,靓靓蒸虾(雪松路创始店),30.5928893,114.2690347,147.0,小吃,16:30,02:00,"靓靓蒸虾,老味油焖大虾,靓靓爆虾球,香炸藕海,皮蛋拌馓子,蟹面"
12,Echo西餐厅(沿江店),30.5883743,114.3023033,255.0,西餐,11:30,21:00,"肉眼牛排,油封鸭腿,厚切热烹战斧 ,鹅肝棒棒糖,芝士蛋糕,香橙芝士慕斯蛋糕"
13,融厨湖北菜·铫子排骨藕汤(江汉路一店),30.5839547,114.2909638,90.0,湖北菜,11:00,23:00,"皮蛋烧椒擂茄子,干煸藕丝,排骨藕汤,香辣火爆牛蛙,招牌葱烧武昌鱼,生态辣椒炒土猪肉"
14,大胤艺术餐厅(晴川店),30.5559115,114.2845757,130.0,湖北菜,11:00,21:00,"招牌观音鸭,富贵武昌鱼,迷你生煎包,江雪糖醋小排,宫保绣球,飘香榴莲酥"
15,老宅藕香·湖北菜·非遗藕汤·武昌鱼(黄鹤楼景观店),30.5466298,114.2980031,83.0,湖北菜,10:30,22:00,"开屏清蒸武昌鱼,排骨藕汤,清炒红菜苔,特色土匪武昌鱼,香酥藕夹,干煸藕丝"
16,武汉万达瑞华酒店·和特色餐厅(东湖路店),30.5524309,114.3472296,445.0,日本料理,11:30,22:00, 
17,湖锦酒楼(八一路店),30.5385005,114.3428626,125.0,湖北菜,11:00,20:30,"至尊辣得跳,招牌椒盐蒜香骨,头牌葱烧武昌鱼"
18,湖滨客舍(东湖店),30.5596744,114.3755908,387.0,湖北菜,11:00,21:00,"杭式千张包,糖糍粑粑,江南文火小牛肉,香辣牛蛙,杭州酥鱼,莲藕排骨汤"
19,鮨初日本料理(武汉天地店),30.6072811,114.3127903,1415.0,日本料理,12:00,22:00,"炙烤金枪鱼大脂寿司,海鲜丼饭,星鳗鱼,比目鱼裙边寿司,牡丹虾寿司"
20,巴厘龙虾(万松园一店),30.5921733,114.2675754,145.0,小吃,11:30,02:00,"油焖大虾,全味虾球,蒜蓉大虾（大份）,清蒸大虾,麻辣虾球,麻辣龙虾"
21,闲云·野鹤(香港路店),30.6126445,114.2734286,150.0,湖北菜,11:00,21:00,"咸蛋黄啫海南丝瓜,生硒腊味饭,避风塘炒大虾,金丝凤梨酥,香水莲花百合黑金鲍打边炉,福果百合煮芥菜"
22,喜来登大酒店-红罗勒泰餐厅,30.602535,114.25512,176.0,东南亚菜,11:30,21:30,"炭烧猪颈肉,黄咖喱软壳蟹,叶包鸡,芒果糯米饭,泰式炸虾饼,大虾冬阴功汤"
23,口味堂(珞喻路店),30.5156556,114.3832802,135.0,湘菜,11:00,21:00,"平锅小美蛙,随堂小炒肉,手撕包菜,豆角茄子,菠菜面,芋头青菜粥"
24,宽宅酒家(光谷创业街店),30.5031263,114.4421004,369.0,湖北菜,11:00,22:00,"香煎大明虾,砂锅牛仔骨,宅门传家豆皮,卵石烤馍 ,火焰蒜香骨,杨枝甘露"
25,螺神虾蟹大王(蔡锷路店),30.5913851,114.3022638,125.0,小吃,11:00,03:00,"油焖大虾,油焖凤爪,麻花虾球,福寿螺,炒花甲,干煸藕丝"
26,老通城豆皮大王,30.5855273,114.2936952,15.0,小吃,08:00,20:00,"牛肉豆皮,三鲜豆皮,咖喱小龙虾豆皮,藤椒鸡肉豆皮,虾仁蛋皮豆皮,桂花糊米酒"
27,老妈烧菜馆·牛板筋大王(苗栗路店),30.5949606,114.2868223,74.0,湖北菜,09:30,21:00,"糯米蒸排骨,香煎糍粑鱼,腊肉炒豆丝,特色粉蒸肉,珍珠藕元,红糖糍粑"
28,香钿楚菜(汉街店),30.5597601,114.3351891,96.0,湖北菜,11:00,22:00,"牛筋炖牛腩,排骨藕汤,草莓松饼,酱香烧鸡爪,酱烧武昌鱼,青椒爆鳝丝,苹果鸭,枣香焖猪蹄,酸梅茶,柠檬桂花小番茄"
29,武汉泛海费尔蒙酒店·1907餐厅·酒吧,30.5986927,114.2503319,344.0,西餐,17:30,24:00,"澳洲游骑兵牧场谷饲250天牛柳,炭烤瑞士烟熏芝士和牛汉堡 ,西冷牛扒, 牛油果温泉蛋乡村吐司"
30,方掌柜武昌鱼(黄鹤楼店),30.5396521,114.2987598,69.0,湖北菜,10:00,21:00, 
31,POMPEII庞贝·预订制西餐厅,30.5401343,114.4137925,336.0,西餐,11:00,21:00,"鹅肝三重奏,m6牛排,波士顿龙虾,柠香半熟帝王鲑,龙虾汁烩饭,柠檬油浸新西兰海鳌虾"
32,大中华酒楼(金地中心城总店),30.4977805,114.3937525,118.0,湖北菜,11:00,21:30, 
33,Sokka铁板烧(沿江店),30.5882706,114.3026166,436.0,日本料理,11:30,21:00,"法式红酒鹅肝,铁板鲍鱼,波士顿龙虾,澎湖大明虾,蔬菜沙拉,文蛤汤"
34,汪玉霞(吉庆街店),30.5855526,114.2939113,48.0,面包甜点,08:30,21:30,"豆沙绝酥,豆沙绿豆糕,香草老式蛋糕,龙须酥,板栗奶酥,芝士雪花酥"
35,徐记·湖北菜 头牌藕汤 武昌鱼(江汉路店),30.5847748,114.2905416,86.0,烧烤,17:00,02:00,"羊肉串,蟹脚面,蒜蓉茄子,姜辣凤爪,红柳枝羊肉,油焖大虾"
36,八筒火锅(黄浦路店),30.617865,114.3012351,125.0,火锅,11:00,23:00,"二筒脆毛肚,一米牛羊卷,雪花肥牛,爆浆芝士虾滑丸子,U型蟹柳,黄金炸腐皮"
37,肥仔虾庄·传奇油焖大虾(秦园店),30.5791606,114.3452755,118.0,小吃,10:00,23:00,"招牌油焖大虾,蒸虾,全味虾球,印度飞饼,凉拌毛豆,铁板蒜蓉花甲"
38,武汉汉口喜来登大酒店·盛宴标帜餐厅,30.6022628,114.2547345,190.0,自助餐,06:30,21:00, 
39,青禾餐厅(长城汇店),30.5499045,114.3387018,308.0,其他中餐,10:30,21:00,"古法南非溏心鲍,青禾招牌翅,金蒜焗帝王蟹,鲍汁扣辽参,玻璃脆皮乳鸽"
40,亢龙太子酒轩(东湖店),30.5649732,114.3647907,115.0,湖北菜,10:30,21:00,"锅仔财鱼饺,武昌鱼(红烧),沔阳三蒸,太和米粑,蒜香排骨,桂花米酒"
41,江南小观园餐厅(武大店),30.5332245,114.3566019,79.0,湖北菜,10:30,21:30,"酸汤肥牛,清蒸武昌鱼,恩施土豆腐,排骨莲藕汤,泉水豌豆苗,观园靓膀"
42,藕巷汉帮菜·老汉口城市味道(光谷一路店),30.4991796,114.4466792,89.0,湖北菜,10:30,20:30,"火红排骨藕汤,桂花糍粑,粽香草扎肉,藕巷卤鸡爪王,葱烧武昌鱼,白里青玉饺"
43,肖记顶好牛肉面店(兰陵路总店),30.5867297,114.2981183,19.0,小吃,07:00,21:00,"牛肉宽粉,小面窝,汤牛肉面,炒牛肉粉,汤牛腩粉,鲜冰绿豆汤"
44,洋房汤馆(武汉天地店),30.6070795,114.3111489,298.0,粤菜,11:00,21:00,"鲍汁凤爪,冰火烧肉,深井烧鹅皇,原只鲜虾饺皇,天鹅榴莲酥,流沙奶黄包"
45,袁大头包子(光华路店),30.6044944,114.2918201,13.0,小吃,06:00,18:00,"鱼香包,鲜肉包,馒头,豆沙包,花卷,腌菜包"
46,杨永兴黄陂三鲜(雪松路店),30.5930972,114.2721923,77.0,湖北菜,07:30,19:00,"黄陂鱼丸,黄陂肉圆,黄陂肉糕,珍珠肉丸,香酥藕夹,怪味蚕豆"
47,阿宝生煎包(万松园总店),30.5920648,114.2674341,10.0,小吃,17:00,01:30, 
48,三出山跷脚牛肉火锅(华发中城荟店),30.6015317,114.2611065,145.0,火锅,11:30,22:00, 
49,家阳赵师傅油饼包烧麦(粮道街店),30.5481885,114.3058665,16.0,小吃,06:00,15:00,"家阳赵师傅热干面,脆皮烧麦,家阳赵师傅油饼包烧麦,牛肉宽粉,优质豆浆,蛋酒"
50,蟹神·咩咩特色海鲜,30.5417673,114.2702665,98.0,海鲜,15:30,23:30,"【咩咩】招牌蟹钳 ,【咩咩】全味虾球,蟹神汤包,功夫卤牛蛙,花甲面,爆炒田螺"
51,小民大排档(武泰闸总店),30.5200472,114.3040798,89.0,湖北菜,16:30,02:00, 
52,肥肥虾庄(石牌岭总店),30.5219846,114.3415986,120.0,小吃,10:00,03:00,"蒜蓉龙虾,油焖大虾,肥肥蒸虾,辣得跳,凉拌毛豆,皮蛋拌馓子,小份凉面,炒花甲,蒸虾,虾球"
53,火男烧肉(群光广场店),30.5254241,114.3550804,169.0,日本料理,11:00,21:00,"小姨妈肋条,猪五花,葱香牛舌,火山色拉,墨鱼肠,和牛五目炒饭"
54,洞庭秋晚(四新店),30.514206,114.202906,87.0,湘菜,10:00,22:00,"海鲜焖鱼头,年份甲鱼,弯骨煨野藕,农家带皮肉,老长沙臭豆腐,12年雷公鸭,芥末罗氏虾,姜辣凤爪"
55,武汉光谷凯悦酒店·福悦1077中餐厅,30.5073711,114.4228515,319.0,粤菜,11:30,22:00, 
56,水塔李氏酥饺(水塔店),30.5795017,114.2892085,7.0,面包甜点,10:00,22:00,"原味酥饺,桂花味酥饺,老红糖酥饺,核桃味酥饺,红枣味酥饺 ,手工糍粑冰粉"
57,武汉富力威斯汀酒店·中国元素中餐厅,30.5646845,114.3077554,262.0,粤菜,11:30,21:30, 
58,楚采·新楚菜(恒隆广场店),30.5785612,114.2740899,94.0,湖北菜,11:00,21:00, 
59,湖锦酒楼(锦江店),30.5620561,114.3060665,138.0,湖北菜,11:00,21:00,"巴马火腿蒸武昌鱼,鲍鱼红烧肉,茶香熏鸭舌,湖锦烤鸭,石板牛肉粒,老味卤牛肉,陈皮蒜香骨"
60,本味·私宴(沙湖路店),30.5760721,114.3467545,318.0,湖北菜,11:00,21:30,"酥不腻烤鸭,雪花小牛肉,鸭掌香菇扣鲜鲍鱼,老汉口拼盘,江西丰收辣椒炒肉 ,土鸡汤"
61,三胖腰子粉(中华路店),30.5489304,114.3018462,21.0,小吃,08:00,23:00,"腰子宽粉,猪肝肉丝粉,特色全家福,卤藕,卤香肠,卤干子"
62,矮子馅饼(大成路店),30.5433692,114.2983502,23.0,小吃,08:00,20:30,"桂花馅,无糖黑芝麻,绿豆馅,椒盐馅饼,花生馅饼,豆沙馅"
63,洞庭秋晚·阅水(汉阳江滩店),30.522152,114.260537,92.0,湘菜,10:00,20:30,"海鲜焖鱼头,年份甲鱼,弯骨煨野藕,12年雷公鸭,芥末罗氏虾,农家带皮肉,老长沙臭豆腐"
64,武汉光谷希尔顿酒店·天空大堂吧,30.550936,114.491544,38.0,面包甜点,10:00,23:00,"牛角包,可爱的少女之舞,特调咖啡-饮湖上初晴后雨,螺,西瓜慕斯,季节时令芒果蛋糕"
65,湖锦酒楼•丽锦轩(三阳店),30.5966461,114.3067617,141.0,湖北菜,11:00,21:00,"茶香熏鸭舌,鲍鱼红烧肉,湖锦烤鸭,芥末罗氏虾,黑松露炒手剥虾仁,啫啫三黄鸡,巴马火腿蒸武昌鱼"
66,神仙钵湘香土菜馆(光华路店),30.6041226,114.2908026,62.0,其他中餐,11:30,21:00,"香辣酱凤爪,钵钵饭,糖醋里脊,金牌松子鱼,手撕包菜,蒜香辣子鸡"
67,王氏华华牛肉面(雪松路店),30.5928748,114.2689501,19.0,小吃,06:00,14:00,"生烫牛肉粉,生烫牛肉面,油饼,招牌牛腩粉,牛杂粉,绿豆汤"
68,武汉富力万达嘉华酒店·品珍中餐厅(水果湖店),30.5525777,114.346042,183.0,粤菜,11:30,21:00,"经典虾饺皇,堂煎安格斯牛仔骨,香菜拌牛肉,柱侯金钱肚,姜辣铁盘烧凤爪,蒜香鸡翅"
69,湖锦酒楼(后湖店),30.6619312,114.3310831,128.0,北京菜,10:30,21:00,"陶钵煨甲鱼,巴马火腿蒸武昌鱼,黑松露炒手剥虾仁,芥末罗氏虾,鲍鱼红烧肉,香草烤牛肋骨,湖锦至尊烤鸭,石板牛肉粒,老味卤牛肉,金汤小米烩鲜鲍"
70,老方沔阳三蒸(通达社区店),30.6214739,114.3969855,62.0,湖北菜,11:00,20:30,"粉蒸牛肉,鱼子烧豆腐,粉蒸茼蒿,粉蒸鱼,泡蒸鳝鱼,沔阳三蒸"
71,湖锦酒楼(新华路店),30.5995276,114.2706931,150.0,湖北菜,10:30,21:00,"巴马火腿蒸武昌鱼,香草烤牛肋骨,鲍鱼红烧肉,黑松露炒手剥虾仁,芥末罗氏虾,茶香熏鸭舌,湖锦至尊烤鸭,石板牛肉粒,金汤小米烩鲜鲍,陶钵煨甲鱼"
72,万里香龙虾(南湖店),30.5125365,114.3266309,84.0,小吃,11:00,23:30,"麻辣虾球,蒜蓉大虾,油焖大虾,凉拌毛豆,蒸虾,香辣蟹"
73,小胡鸭(光谷世界城店),30.5059564,114.4039944,31.0,小吃,08:30,22:00,"香辣鸭,鸭脖,香辣翅尖,香酥鸭腿,香辣海带,香辣藕片"
74,80后韩味小食堂,30.4950533,114.3994517,45.0,韩国料理,10:30,22:30,"传统部队火锅,经典无骨鸡腿肉,金枪鱼自制饭团,海鲜煎饼"
75,三镇民生甜食馆(胜利街总店),30.5868777,114.2976114,16.0,小吃,06:00,19:00,"糊米酒,什锦豆腐脑,三鲜豆皮,灌汤蒸饺,蛋酒,糯米鸡"
76,四季美汤包(吉庆街店),30.5861584,114.294085,33.0,小吃,08:00,20:00,"肉坨坨芙蓉馄饨,番茄虾仁大汤包,速冻虾仁汤包,香菇汤包,糊米酒,绿豆汤"
77,德华楼(吉庆街店),30.5858318,114.2931103,23.0,湖北菜,07:00,21:00,"麻蓉包,炒年糕,健康油条,汤包,鲜肉馄饨,酱肉包"
78,严老幺烧麦(前进四路店),30.5810897,114.2851039,18.0,小吃,06:00,13:00,"牛肉粉,鱼糊粉,鸡冠饺,面窝,烧卖,三鲜豆皮"
79,熊太婆原汤水饺(粮道街店),30.5476766,114.3093917,14.0,小吃,06:30,20:30,"原汤水饺,麻辣水饺,面窝,热干面,三鲜粉,蛋酒"
80,一棠龙虾(后湖御华里店),30.6426956,114.3088776,132.0,小吃,11:00,23:00, 
81,芳芳牛杂(大成路总店),30.5433377,114.2955368,58.0,小吃,16:30,02:00,"牛肉萝卜粉,牛杂萝卜汤,干子,招牌牛杂粉,传统牛腩粉,河粉"
82,武汉万达瑞华酒店·美食汇全日自助餐厅,30.552448,114.347218,315.0,自助餐,11:30,21:30,"鲜活波士顿龙虾,烤羊排,战府牛排,三文鱼,基围虾,芝士蛋糕"
83,罗氏热干牛肉面馆(玫瑰街总店),30.5673575,114.2039044,16.0,小吃,03:30,14:00,"生烫牛肉带汤碱面,生烫牛肉粉,生烫二合一,招牌热干面,生烫猪肝粉,生烫腰花粉"
84,黄师傅香辣虾(金山大道店),30.6340739,114.2099269,274.0,小吃,11:00,21:00,"油焖大虾（香辣虾）,香辣基围虾,香辣蟹,蒸虾,春卷,盘鳝"
85,武汉光谷凯悦酒店lobby lounge  大堂吧,30.5069504,114.4230728,141.0,面包甜点,10:00,24:00, 
86,1Z COFFEE(咖啡冠军江景店),30.5857698,114.3019632,70.0,面包甜点,12:00,21:00, 
87,刘记三狗牛肉面馆,30.5876067,114.2972401,18.0,小吃,06:30,20:30,"牛腩汤面,香肠炒面,小面窝,绿豆汤,炒牛腩面,牛肉炒粉"
88,汉小城·湖北菜老汉口藕汤(吉庆街店),30.5875175,114.29378,86.0,湖北菜,11:00,01:00, 
89,老杨家鲜鱼糊粉,30.5845229,114.2906411,9.0,小吃,06:30,14:00, 
90,六也抄手,30.579173,114.2951844,16.0,小吃,06:00,14:00,"鲜虾肠粉,小汤圆米酒桂花糊,糊汤抄手,鲜虾抄手,油条,虾饺皇"
91,烫锅鲜砂锅串串(江汉路总店),30.5830012,114.290032,87.0,小吃,11:00,24:00, 
92,来菜·湖北头牌藕汤(江汉路M+旗舰店),30.5833759,114.2864571,70.0,湖北菜,11:00,20:30,"铫子筒骨煨藕汤,丹江口大鱼头,渔家浇汁鲜鲈鱼,脆皮发财鸡,沔阳杂粮蒸排骨,来菜荆楚牛三鲜"
93,熊腊生热干面馆(宝丰店),30.5754287,114.2618078,13.0,小吃,06:00,13:00,"热干面,面窝,冰镇桂花米酒,绿豆汤,蛋酒,豆皮"
94,曹祥泰(解放路店),30.5439282,114.2987242,40.0,面包甜点,08:30,20:30,"花生酥,鲜花绿豆糕,冰糖苏月饼,老婆饼,黑芝麻糕,喜饼"
95,小秋水饺(大成路总店),30.5431915,114.2973331,15.0,快餐简餐,05:00,16:00,"特色牛肉面,牛肉水饺,原汤粉,凉面,红油热干面,招牌原汤水饺 "
96,武汉万达瑞华酒店·游宴中餐厅,30.5521623,114.3468402,383.0,江浙菜,11:30,22:00, 
97,万达瑞华酒店大堂酒廊,30.552429,114.347446,118.0,面包甜点,08:00,24:00, 
98,西大街豆皮大王,30.5467491,114.2698542,13.0,小吃,05:30,13:30,"三鲜豆皮,蛋光豆皮,牛肉豆皮,蛋酒,桂花糊米酒,绿豆汤"
99,丽小馆·蒸爱湖北(武商城市奥莱店),30.6268536,114.3773655,75.0,湖北菜,11:00,21:00, 
100,味美香豆皮,30.5254594,114.3629944,11.0,小吃,06:30,13:30,"三鲜豆皮,全料热干面,牛肉豆皮,牛肉粉,桂花糊,糊米酒"
101,蔡林记(珞狮南路店),30.5170885,114.3501803,13.0,小吃,05:30,19:00, 
102,WAGON COFFEE瓦耕咖啡(光谷世界城广场店),30.5064119,114.4057768,20.0,咖啡店,10:00,21:30, 
103,无偶咖啡店(一元路店),30.5933021,114.301882,23.0,咖啡店,08:00,17:00, 
104,燕子煨汤(车站路店),30.5898462,114.3008094,25.0,小吃,11:00,21:00,"莲藕排骨汤,海带排骨汤,萝卜老鸭汤,猪肚粉丝汤,鸡蛋火腿炒饭,鸡汤粉丝"
105,18号酒馆(汉口店),30.5939738,114.2960444,120.0,西餐,17:30,02:00, 
106,汪记鲜鱼糊汤粉(沈阳路总店),30.6044159,114.307647,9.0,小吃,06:00,13:30, 
107,锅之恋焖锅烤鱼(江汉路店),30.582942,114.289165,57.0,川菜,10:30,23:00, 
108,顺香居·老字号湖北菜(江汉路店),30.5791518,114.292553,72.0,湖北菜,11:00,21:00, 
109,利友诚(南国中心旗舰店),30.5864332,114.2830975,83.0,湖北菜,11:00,22:00,"老妈汽水肉,干煸牛肉丝,高压粉蒸肉,利友诚招牌一锅香,砂锅馋嘴牛蛙,干煸霉千张,鱼籽烧豆腐"
110,口味堂(惠济路店),30.6092233,114.2901203,167.0,湘菜,11:00,21:00, 
111,吉犇·日式烧肉·碳烤活鳗(江汉北路店),30.589526,114.276929,159.0,日本料理,12:00,22:00, 
112,亢龙太子酒轩·金融店,30.5973102,114.2724948,140.0,湖北菜,11:00,21:00,"蒜香茄子,黑椒虾仁芝士意面,宫廷御膳乳鸽"
113,金桂皇朝(新世界百货店),30.595134,114.2702099,141.0,粤菜,10:30,21:30, 
114,皇冠幸福里(062杨园店),30.5986118,114.3413739,31.0,面包甜点,07:00,21:00, 
115,DQ(徐东销品茂店),30.58781,114.34285,21.0,面包甜点,10:00,22:00, 
116,万松园金焱·牛肉粉大王,30.5921753,114.2674072,21.0,小吃,05:30,02:30,"牛肉面,牛肉粉,牛杂粉,牛杂面,卤鸡爪,豆干"
117,皇冠幸福里(中商徐东店),30.5904656,114.3445962,29.0,面包甜点,08:30,20:30, 
118,Noi诺意意大利餐厅(花园道店),30.5961357,114.2650479,161.0,西餐,11:30,22:00, 
119,馋艺堂·手工米粉(花园道店),30.5958077,114.2648218,72.0,小吃,10:00,20:30, 
120,青瓦炭韩潮烤肉(花园道店),30.5954087,114.2645803,118.0,韩国料理,11:00,22:00,"烤芝士扇贝,调味牛五花肉,猪五花肉,西瓜烧酒,极品雪花牛肉,泡菜芝士炒饭,特味肥牛肉"
121,口味堂(机场河店),30.6007512,114.2624973,161.0,湘菜,11:00,21:00, 
122,映月梧桐,30.6051699,114.2623805,278.0,融合菜,11:00,21:00,"台式辣虾,砂锅黑米辽参,养生银雪鱼"
123,DQ(凯德武胜店),30.5688584,114.2674346,24.0,面包甜点,10:00,22:00, 
124,泛海费尔蒙酒店·江城灶,30.604733,114.259834,225.0,其他中餐,11:30,22:00, 
125,鱼酷活力烤鱼(凯德广场店),30.5689839,114.2664912,88.0,川菜,10:30,21:30, 
126,海底捞(武胜路凯德广场店),30.5689232,114.2660403,97.0,火锅,10:00,07:00, 
127,U你·湖北家宴菜(武胜路凯德店),30.5688339,114.2660424,82.0,湖北菜,11:00,21:00, 
128,武汉汉口喜来登大酒店·采悦轩中餐厅,30.6022277,114.2555079,233.0,湖北菜,11:30,22:00, 
129,上牛炭匠·烧肉专门店(汉街店),30.558132,114.33757,110.0,烧烤,09:00,21:00, 
130,炻肉堂(万达广场店),30.557329,114.338356,139.0,烧烤,10:00,21:00, 
131,蔡林记(户部巷店),30.5470097,114.2978605,22.0,小吃,07:00,21:30,"虾仁热干面,全料热干面,炸酱热干面,牛肚热干面,三鲜豆皮,桂花糊米酒,热干面,米酒"
132,泛海费尔蒙·大堂吧,30.598684,114.25044,129.0,咖啡店,10:00,21:00, 
133,辣吗私厨(南国北都城市广场店),30.627083,114.26638,83.0,海鲜,11:00,20:30,"鱼香茄子,农家小炒肉,上汤娃娃菜"
134,冯记鲜鱼糊汤粉,30.543376,114.295896,6.0,快餐简餐,06:00,14:00, 
135,香港稻香海鲜点心酒家(汉街店),30.553834,114.346078,83.0,粤菜,09:00,23:00, 
136,香港稻香海鲜点心酒家(硚口店),30.568218,114.249727,82.0,粤菜,09:00,23:00, 
137,捞旺猪肚鸡(奥山店),30.616792,114.36217,66.0,火锅,11:00,21:30, 
138,武汉宴·禧樽(东湖店),30.5560719,114.3605823,351.0,湖北菜,11:00,21:30,"杏仁薄脆,干鲍鱼焖生态土鸡,三文鱼腩刺身,薄脆法式鹅肝,老北京果木烤鸭,桂花乌龙布丁"
139,牛岛·炭火烤肉(鹦鹉洲大桥店),30.5377876,114.2740304,131.0,韩国料理,11:00,21:30,"人气牛五花,台湾生鲜墨鱼肠,元气壶渍横膈肉,精选牛肋条,新西兰烤羊排,芝士蟹籽烤鲜虾滑"
140,水墨江南(八一路店),30.5369443,114.3463435,370.0,湖北菜,10:30,21:00, 
141,辣吗私厨(武商众圆广场店),30.6265808,114.3756279,83.0,湖北菜,11:00,20:30, 
142,茶港·点心·啫啫(泛悦·南国广场店),30.5860104,114.2233688,67.0,粤菜,11:00,20:30, 
143,清真刘记牛肉小包(涂家岭三村店),30.522282,114.3275057,16.0,小吃,05:00,11:30,"热干面,面窝,小笼包,牛肉小包,汤包,绿豆汤"
144,比萨·史密斯(群光店),30.5256733,114.3552748,67.0,西餐,10:00,21:30, 
145,楚韵尘香•筒骨藕汤(银泰创意城店),30.5262793,114.3566066,66.0,湖北菜,10:00,21:00, 
146,探蛙(银泰创意城店),30.5262508,114.3567347,76.0,湘菜,11:00,21:30, 
147,GODIVA(群光广场店),30.5252708,114.3551914,54.0,面包甜点,09:00,21:00, 
148,茶港·点心·啫啫(群光广场店),30.5253305,114.3556439,63.0,粤菜,11:00,21:00, 
149,仓桥家·锅物·焗寿司(群光广场店),30.5249802,114.3552334,84.0,日本料理,11:00,21:00, 
150,柴记江湖菜(群光广场店),30.5250588,114.3556109,83.0,川菜,09:00,21:30, 
151,豪客来牛排(金银潭永旺店),30.6506828,114.2383638,66.0,西餐,10:30,21:30, 
152,半秋山西餐厅(南湖店),30.5111444,114.3145116,75.0, ,10:30,21:30, 
153,半秋山西餐厅(龙阳大洋店),30.5591358,114.2080213,76.0,西餐,10:00,21:00, 
154,张大师吮指鸭爪爪(摩尔城店),30.5590434,114.207657,70.0,川菜,10:00,21:30, 
155,DQ(维佳佰港城店),30.503756,114.326375,25.0,面包甜点,10:00,21:00, 
156,DQ(摩尔城店),30.559034,114.207153,23.0,面包甜点,10:00,22:00, 
157,鱼酷活鱼烤鱼(人信汇商场店),30.551082,114.204377,92.0,川菜,11:00,21:00, 
158,捞旺猪肚鸡(虎泉店),30.5138995,114.3696002,67.0,火锅,11:00,23:30, 
159,北纬三十七度创意料理(南湖总店),30.4965019,114.3244015,80.0,日本料理,11:30,21:30,"胡麻豆腐,五炙连贯,北纬牛肉饭,李公主（4粒）,樱花卷,和风抹茶卷,三文鱼刺身厚切,叉烧拉面,三文鱼寿司,土豪卷"
160,DQ(宜家店),30.618268,114.168258,25.0,面包甜点,10:00,22:00, 
161,戈雅法餐厅(世界城广场店),30.5060595,114.40408,325.0,西餐,11:30,21:00, 
162,DQ(光谷世界城店),30.5061439,114.4054173,23.0,面包甜点,10:00,21:00, 
163,渝井鲤油卤串串(光谷店),30.5029418,114.4096695,83.0,火锅,11:00,23:00,"现炸酥肉,私房虾滑,北海道蟹柳,重庆绿色毛肚,特级雪花肥牛"
164,武汉保和皇冠假日酒店味彩全日餐厅,30.5091175,114.1753008,150.0,自助餐,06:30,21:00, 
165,鱼酷活力烤鱼(万达广场店),30.5061518,114.1730574,85.0,川菜,10:00,21:00, 
166,鱼酷活鱼烤鱼(光谷天地店),30.4771746,114.4105595,84.0,川菜,11:00,22:30, 
167,巴厘龙虾(洞庭街店),30.5901794,114.3028901,166.0,小吃,11:30,23:00, 
168,春田小米豆乳火锅(车站路店),30.5899025,114.3002863,99.0,日本料理,11:30,21:00,"日式炸虾,虾仁蔬果米纸卷,无菌蛋煮饭,日式冷豆腐,鳗鱼饭,南蛮炸鸡"
169,花火和食(胜利街店),30.589051,114.2999113,181.0,日本料理,12:00,22:00,"芝士鸡蛋卷,芝士炸鱼竹轮,鳗鱼寿司"
170,客串先生烧烤(胜利街店),30.5891296,114.2997021,81.0,烧烤,12:00,01:00,"客串米酒,甜玉米串串,烤鸡爪,烤筋子,焦糖馒头,蒜烧茄子,烤翅中,米酒,烤粉,南瓜粥"
171,Le Coucou勒古古西餐厅(时代广场店),30.5858069,114.3020853,580.0,西餐,12:00,22:30, 
172,Tazmania·TA法餐厅,30.58577,114.301963,314.0,西餐,17:00,22:00,"澳洲M5谷饲战斧牛排,法式嫩煎小羊排佐红酒汁,香烤澳洲和牛惠灵顿鹅肝牛排,法式红烩牛尾汤,法式奶油蘑菇汤,海洋之心"
173,十六号洋房·寻觅,30.5851803,114.3008363,191.0,其他,10:00,21:00, 
174,双黄牛肉面馆,30.603746,114.307543,20.0,小吃,06:00,22:30, 
175,棠户小龙虾私房料理,30.583457,114.298799,154.0,小吃,11:00,23:00, 
176,俏小张海鲜烧烤(京汉总店),30.6050532,114.3058956,76.0,海鲜,17:30,01:00,"汤包,高压锅生蚝,奶香馒头"
177,付先生在成都·鲜活川菜(苗栗路店),30.5959644,114.2891039,81.0,川菜,11:30,20:30, 
178,福宝漠北·牛羊肉(汉口店),30.5882939,114.2892735,99.0,西北菜,11:30,23:00, 
179,比萨玛尚诺(武汉天地店),30.607155,114.311766,117.0,西餐,10:00,21:30, 
180,芙蓉堂(武汉天地店),30.607581,114.311751,394.0,湘菜,11:00,21:30, 
181,满旗楼 北京烤鸭·涮羊肉火锅(汉口店),30.5788145,114.2983468,137.0,北京菜,11:00,21:00, 
182,北京羲和雅苑烤鸭坊(壹方店),30.6082826,114.3092521,129.0,北京菜,10:00,21:00, 
183,久藏·横膈膜烧肉·酒场(江汉路店),30.5837693,114.290869,143.0,烧烤,11:30,01:00,"久藏心头肉,蔬菜拼盘,烤玉米"
184,木屋烧烤(江岸武汉天地店),30.6082664,114.3102655,97.0,烧烤,11:00,03:00, 
185,涂记油酥饼(江汉三路店),30.5825369,114.2885526,6.0,小吃,07:30,21:00,"牛肉酥饼,瘦肉酥饼,酸菜肉丝酥饼,手工红豆酥饼,牛肉麻辣饼,鲜肉葱香饼"
186,湖锦酒楼·烤鸭坊(江汉路店),30.583712,114.287053,96.0,湖北菜,10:00,21:00, 
187,巴厘龙虾(黄浦路店),30.6112242,114.3095682,155.0,小吃,09:00,21:00, 
188,苿莱·水煎肉(江汉路M+店),30.5838706,114.2867878,77.0,烧烤,11:00,21:00, 
189,何嫂糯米包油条(循礼门店),30.5869416,114.285062,8.0,小吃,06:00,12:00, 
190,麦当劳(佳丽店),30.5791682,114.2911425,15.0,快餐简餐,07:00,22:00, 
191,一代烤翅王(大汉口店),30.5794605,114.2905418,11.0,烧烤,11:00,22:00, 
192,吉酒串宗居酒屋(江汉路店),30.5804299,114.2892419,77.0,日本料理,11:30,24:00, 
193,张大师鸭爪爪特色干锅(江汉路店),30.578459,114.291385,67.0,川菜,10:30,21:30, 
194,十年·精致湖北菜(M+购物中心店),30.583218,114.2864324,76.0,湖北菜,11:00,21:00, 
195,秀玉coffee&kitchen(新佳丽时尚广场店),30.5786197,114.2908105,72.0,西餐,11:00,21:00, 
196,鱼酷活力烤鱼(江汉路M+店),30.5831542,114.2863157,84.0,川菜,10:30,21:00, 
197,必胜客(新佳丽店),30.578677,114.2906524,75.0,西餐,10:00,22:00, 
198,西月山居匠心创意料理(江汉路新佳丽广场店),30.5785736,114.2907582,77.0,日本料理,11:00,21:00, 
199,阿卡AK.Lab洋风韩餐(江汉路新佳丽店),30.5784106,114.2908569,90.0,韩国料理,11:30,21:00, 
200,九田家黑牛烤肉料理(新佳丽店),30.5783838,114.2905308,92.0,烧烤,10:00,22:00, 
201,皇冠幸福里(031万达店),30.5774224,114.2917246,32.0,面包甜点,07:00,22:30, 
202,MIGHTY MIGHTY 社区咖啡·餐厅(台北院子店),30.5945137,114.281891,46.0,西餐,09:00,20:00, 
203,茶港·点心专门店(大洋百货中山店),30.5774023,114.2900034,69.0,粤菜,11:00,21:00, 
204,武汉香格里拉大酒店·大堂酒廊,30.602623,114.283135,123.0,咖啡店,11:00,20:00, 
205,新極膳壹号馆·日本料理自助餐(循礼门店),30.5840938,114.2819904,422.0,日本料理,11:00,22:00, 
206,红辣椒(南国中心店),30.585029,114.281219,84.0,川菜,11:00,24:00, 
207,老村长湖北菜(水岸国际店),30.5751361,114.3225857,59.0,湖北菜,11:00,20:30, 
208,汤老头,30.5837884430676,114.28037030754,50.0,小吃,08:00,18:00,"鸭脖,鸭肠,鸭舌,卤藕,鸭头,鸭肝"
209,尊宝比萨(三层楼店),30.572019,114.317609,33.0,西餐,09:00,22:00, 
210,哲平鳗满·活烤鳗鱼专门店(壹方北馆店),30.6160254,114.3142085,96.0,日本料理,11:00,21:30, 
211,酒拾烤肉(湖北大学店),30.578989,114.330078,61.0,烧烤,11:00,23:00, 
212,丸美自助料理·铁板烧(新华路取水楼店),30.5938974,114.2723279,230.0,自助餐,11:00,21:00, 
213,一鸣张胖子·小龙虾湖北菜(民意四路店),30.5755656,114.2779912,89.0,湖北菜,11:00,24:00, 
214,鲜品萃外带寿司(武展店),30.581633,114.2730158,23.0,日本料理,09:00,21:00, 
215,牛者烧肉专门店(锦江店),30.5626797,114.3063202,359.0,日本料理,11:00,21:00,"极上厚切牛舌,佑腌牛肋条,四头大明虾,和牛横膈膜,台式墨鱼肠,和牛炒饭"
216,洋房汤馆·花胶大王(恒隆广场店),30.5778488,114.2744305,278.0,粤菜,11:00,21:00, 
217,空白造物咖啡吧,30.5620385,114.3061517,126.0,西餐,11:00,22:00,"提拉米苏,草莓慕斯,科尔沁战斧牛排,天山雪菊茶,桂圆红枣茶,小吃拼盘"
218,東發道茶冰廰(恒隆广场店),30.578144,114.273528,81.0,粤菜,11:00,22:00, 
219,霄汉羊排(万松园一店),30.5925768,114.2687272,92.0,创意菜,12:00,23:00,"羊杂汤,烤羊腰,凉面"
220,尊宝比萨(二七路店),30.624004,114.314094,30.0,西餐,09:00,22:00, 
221,王品牛排(武汉国际广场店),30.579873,114.271089,413.0,西餐,11:30,21:00, 
222,广府鹅夫人,30.580589,114.2706026,141.0,粤菜,11:00,21:00, 
223,秀玉coffee&kitchen(中商世界里·鹏程国际销品茂店),30.5882083,114.3426936,72.0,西餐,10:00,21:00, 
224,船说海未儿海鲜加工酒楼(菱角湖店),30.6049222,114.2701374,209.0,海鲜,09:30,21:00, 
225,荷花亭(国广店),30.5805799,114.2704138,79.0,湖北菜,11:00,20:30, 
226,紫燕百味鸡(沃尔玛店),30.589257,114.343572,29.0,小吃,08:00,19:00, 
227,茶港港式茶餐厅(销品茂店),30.588249,114.343443,64.0,粤菜,11:00,20:30, 
228,可可大虾(万松园店),30.5922696,114.2669261,110.0,小吃,09:00,04:00, 
229,Moon Blue月白西餐厅,30.60696,114.27005,134.0,西餐,11:00,21:00, 
230,君豪海鲜酒楼(万松园店),30.5902114,114.2663451,276.0,海鲜,09:30,21:00, 
231,闲云·野鹤(新华路店),30.6062239,114.2691243,189.0,湖北菜,10:30,21:00, 
232,珈境·湖畔餐厅(西北湖店),30.5972907,114.2658434,162.0,江浙菜,11:30,21:00, 
233,尊宝比萨(积玉桥店),30.55907,114.3119,31.0,西餐,09:00,22:00, 
234,添好彩港式茶餐厅(柠檬中心店),30.5974948,114.2655926,70.0,粤菜,11:00,21:00,"太阳销魂饭,百合蒸鸡爪,干炒牛河,烧鹅,金沙红米肠粉,冻柠茶"
235,仟吉(东立国际店),30.6269565,114.3138823,63.0,面包甜点,07:00,22:00, 
236,集渔·泰式海鲜火锅(花园道店),30.595739,114.264893,115.0,火锅,11:30,22:00, 
237,牛之匠和牛食验室(西北湖店),30.5997694,114.2649731,325.0,日本料理,11:00,21:30,"和牛五拼盘,和牛刺身,和牛松露釜山饭,和牛海胆寿司,低温和牛松露沙拉,和牛土豆饼"
238,洋食大吉·燦(花园道店),30.5957293,114.2638633,118.0,西餐,11:00,22:00, 
239,半天妖烤鱼(菱角湖万达店),30.610792,114.26916,73.0,烧烤,10:00,21:30, 
240,阅里·潮粵菜(太和里店),30.5904638,114.262265,216.0,粤菜,11:00,21:30,"阅里虾饺皇,一口酥豆腐,啫啫清远鸡,围村小盆菜,黑松露烧鹅,金汤海鲜泡饭"
241,18号酒馆(武汉K11店),30.578366,114.265336,116.0,西餐,11:00,02:00, 
242,晏遇江城(群星城店),30.5844211,114.3488722,81.0,湖北菜,11:00,21:00, 
243,苏梅花园(群星城店),30.5845243,114.3489454,100.0,东南亚菜,11:00,21:00, 
244,The boots泥靴Get holiday(CBD华发店),30.6017209,114.2616571,167.0,西餐,11:00,21:30,"招牌珍品雪花牛小排皇,泥靴人肩胛牛排,班尼迪克蛋手撕风味牛肉,多量海虾芒果沙拉,黑松露蘑菇汤,杂莓提拉米苏"
245,DQ(群星城店),30.5842131,114.3493885,28.0,面包甜点,08:00,21:30, 
246,云海肴(武汉群星城店),30.583832,114.349327,88.0,云南菜,11:00,21:00, 
247,京前老北京涮肉·烤鸭(群星城店),30.5843357,114.3496005,68.0,北京菜,10:30,21:30, 
248,大拙里·精致融合菜·生日聚会餐厅(沙湖桃源国际店),30.5764864,114.3482918,368.0, ,11:00,21:00,"葱烧辽参,清炒九年百合,萝卜丝烧带鱼,石锅梅菜罗氏虾,风味酱香肉,锦鲤戏燕"
249,必胜客(凯德广场店),30.5687605,114.2674961,72.0,西餐,10:30,21:30, 
250,仟吉(凯德武胜路店),30.5690501,114.2670614,34.0,面包甜点,07:30,21:00, 
251,一心烧鸟屋·武汉头牌烧鸟(武胜路凯德店),30.568795,114.2668943,93.0,日本料理,11:00,20:30, 
252,茶港手工点心(凯德广场店),30.5686733,114.2666256,61.0,粤菜,11:00,21:00, 
253,ZONE·纵餐厅(泛悦汇昙华林店),30.551841,114.316691,121.0,西餐,11:00,22:00, 
254,L'era·有时有食(1911店),30.6147141,114.2625734,204.0,西餐,12:00,21:00, 
255,谭鸭血老火锅(楚河汉街店),30.5591302,114.3355263,106.0,火锅,11:30,01:00, 
256,暖·料理(沙湖店),30.5802394,114.3529007,210.0,日本料理,11:00,21:30, 
257,一棠龙虾(楚河汉街店),30.559175,114.335877,146.0,小吃,11:00,02:00, 
258,老村长湖北菜(大武汉1911店),30.6146667,114.2622566,56.0,湖北菜,11:00,20:30, 
259,罗田胜利吊锅·一品虾庄·乐山烧烤王(杨园路店),30.5869921,114.3557123,83.0,小吃,16:00,03:00, 
260,全聚贤餐厅·湖北家常菜(沙湖店),30.5801023,114.3539592,54.0,湖北菜,10:30,21:00, 
261,斌斌鲜鱼糊汤粉(粮道街店),30.5493866,114.3085965,8.0,小吃,06:00,12:00, 
262,湘遇 · 湖湘小馆(汉街总店),30.558067,114.3359573,74.0,湘菜,11:00,21:00, 
263,FINE SUSHI好吃的寿司(汉街店),30.5575074,114.335442,53.0,日本料理,10:00,20:00, 
264,悦久·居酒和食(汉街店),30.5579187,114.3363695,175.0,日本料理,11:30,21:30,"奶香蟹宝,招牌牛肉饭,三文鱼,明太子焗土豆,北极贝,牛油果沙拉"
265,仙隐小鹿中华料理(汉街总店),30.558037,114.3366894,95.0,日本料理,11:00,21:30,"铺天盖地顶级澳牛火焰寿司,炸温泉蛋土豆泥沙律,金芒火炙帝王蟹棒卷"
266,轻烧·韩都烤肉(泛海店),30.601497,114.25488,102.0,韩国料理,11:00,21:00, 
267,小川洋风料理(汉街二店),30.5581917,114.3373805,86.0,日本料理,11:00,21:00, 
268,沉渔落宴·碳烤武昌鱼(黄鹤楼店),30.548759,114.300152,71.0,川菜,10:00,22:00,"烤鱼,鸭血,金针菇,娃娃菜,鲜豆腐,热干面"
269,晓芙蓉•老长沙口味菜(南国北都店),30.6269918,114.2671953,58.0,湘菜,11:30,22:00, 
270,五牛老火锅(后湖店),30.6333283,114.2752837,98.0,火锅,17:00,01:00, 
271,茶港.点心专门店(新唐万科店),30.6237158,114.2626293,63.0,粤菜,11:00,21:00, 
272,酒拾烤肉(新唐万科广场店),30.6230967,114.2617156,63.0,烧烤,10:00,22:00, 
273,桂萍特色牛筋牛杂(长堤街总店),30.5682586,114.2573051,65.0,小吃,17:00,01:00,"牛肉牛杂锅,牛肉饺子,汤包,春卷,藕元,凉拌毛豆"
274,必胜客(新华家园店),30.6267269,114.2647149,85.0,西餐,10:00,22:00, 
275,味满堂川菜馆(新华家园店),30.6268148,114.2646031,72.0,川菜,11:00,21:00, 
276,朵苏法式甜品(汉街店),30.5536581,114.339908,83.0,面包甜点,10:00,19:00, 
277,苏梅花园(汉街hi thai店),30.5556766,114.3431673,107.0,东南亚菜,11:00,21:00,"招牌冬阴功虾鲜汤,老椰子炖鸡汤,冬荫功海鲜汤"
278,水星隐藏酒廊,30.6355295,114.2755768,99.0,酒吧/酒馆,19:00,02:00, 
279,南京大牌档(凯德1818店),30.553494,114.3403658,67.0,江浙菜,10:30,21:30, 
280,小糖人欢乐火锅(凯德广场·1818店),30.5529127,114.3398673,96.0,火锅,11:00,21:00,"原味双拼锅,内蒙小肥羊,蔬菜,农家鲜豆腐"
281,速度披萨(凯德1818店),30.5524542,114.3395094,89.0,创意菜,10:00,22:00, 
282,楚词武昌鱼湖北老菜(汉街凯德1818店),30.5525175,114.3396179,71.0,湖北菜,10:00,22:00,"锅巴耦园,龙骨藕汤,脆皮猪手,葱烧武昌鱼,擂椒皮蛋,龙虾捞面"
283,平良屋(汉街店),30.5550106,114.343768,75.0,日本料理,11:00,22:00,"炸鸡块,吐司鹅肝,海鲜玉子烧,地狱拉面,芒果鳗鱼加州卷,肥牛饭"
284,中山牛肉肥肠粉面馆(军工社区店),30.5694427,114.2526543,18.0,小吃,05:30,19:30, 
285,捞旺猪肚鸡(司门口店),30.5426212,114.2930153,80.0,火锅,10:00,23:30, 
286,曼谷五巷·泰式餐厅(汉街店),30.5541846,114.3452697,104.0,东南亚菜,11:30,21:00, 
287,捞旺猪肚鸡(岳家嘴店),30.577112,114.363497,67.0,火锅,11:00,22:00, 
288,尤加力 cafe,30.5912007,114.3665968,57.0,快餐简餐,11:30,20:30,"三明治,白桃乌龙茶,香草拿铁,摩卡,牛肉寿喜锅,培根枫糖吐司"
289,魏道砂锅鸡(阳新路店),30.5473753,114.2746043,91.0, ,11:00,21:00, 
290,必胜客(奥山店),30.6165536,114.3612847,63.0,西餐,10:30,22:00, 
291,巴厘龙虾(音乐学院店),30.5398692,114.2913969,152.0,小吃,11:30,02:00, 
292,秀玉coffee&kitchen(钟家村店),30.5488509,114.2677704,69.0,西餐,10:00,21:30, 
293,麦当劳(汉商银座店),30.5493232,114.2665427,29.0,快餐简餐,07:00,22:00, 
294,必胜客(钟家村店),30.5492647,114.2664086,73.0,西餐,07:30,21:00, 
295,尊宝比萨(首义路店),30.53669,114.30966,37.0,西餐,09:00,22:00, 
296,老市井·牛杂专门店·牛杂火锅(汉阳江滩店),30.541347,114.276467,84.0,火锅,11:00,21:30, 
297,高记陋室汤包(张之洞路店),30.5344176,114.3030728,21.0,小吃,06:30,20:00,"鸭血粉丝,鱼香肉丝面,三鲜辣酱面,青菜面,汤包,烧卖"
298,5路汉堡炸鸡(首义汇店),30.5344118,114.3032566,26.0,小吃,09:30,22:00, 
299,猪大厨(川湘融合·青城第一街店),30.6049112,114.3723683,75.0,湘菜,11:00,22:00, 
300,胖记烤肉(青城第一街店),30.604947,114.3724249,81.0,烧烤,11:00,23:00, 
301,二胖烧烤(青城第一街店),30.6050561,114.3725043,72.0,烧烤,16:30,00:30, 
302,捞旺猪肚鸡(后湖店),30.652461,114.307355,79.0,火锅,11:00,23:30, 
303,可以烤肉·泥炉碳烤(后湖店),30.6531537,114.3147624,63.0,烧烤,11:00,21:30, 
304,必胜客(中南店),30.537089,114.3332511,65.0,西餐,07:30,21:30, 
305,泰玺铁板烧-放题料理(汉阳旗舰店),30.5381594,114.2729977,120.0,日本料理,10:00,22:00, 
306,KCOOKING概念韩餐(世茂52+店),30.537634,114.273623,119.0,韩国料理,11:30,21:00,"芝士牛舌炒饭,豆腐沙拉,肥牛拌饭"
307,兰杯·居酒屋·咖啡(东湖梨园店),30.573471,114.376231,121.0,日本料理,10:00,22:00, 
308,若爱猪肚鸡(武商众圆广场店),30.6259994,114.3771001,70.0,火锅,10:30,21:30, 
309,牛者烧肉专门店(东湖店),30.588387,114.387143,312.0,烧烤,11:00,21:00, 
310,鱼酷活力烤鱼(汉阳江腾店),30.5371291,114.2554657,91.0,川菜,11:00,20:30, 
311,必胜客(大武汉店),30.5856406,114.2237483,74.0,西餐,10:30,21:00, 
312,茶港点心专门店(江腾广场店),30.5372075,114.254226,66.0,粤菜,11:00,21:00, 
313,酒拾烤肉(武汉大学店),30.53225,114.35689,52.0,烧烤,10:30,23:30, 
314,巴厘龙虾(青山店),30.6280132,114.3832128,145.0,小吃,11:30,23:00, 
315,蛙噻(百瑞景店),30.5212671,114.334122,84.0,其他中餐,11:00,21:00, 
316,巴厘龙虾(石牌岭店),30.5229449,114.3416604,154.0,小吃,11:00,02:00, 
317,小川料理,30.5284108,114.3543479,93.0,日本料理,11:30,21:00, 
318,聚十三烤肉博物馆(武汉街道口店),30.5270625,114.3540933,81.0,烧烤,11:00,21:30, 
319,捞旺猪肚鸡(街道口店),30.527,114.354,67.0,火锅,10:00,21:00, 
320,顶屋咖喱(街道口总店),30.5259984,114.3541822,42.0,日本料理,11:00,21:00, 
321,若爱猪肚鸡(银泰创意城店),30.526624,114.3558825,72.0,火锅,10:00,21:30, 
322,西堤厚牛排(群光广场店),30.525472,114.35529,143.0,西餐,11:00,21:00, 
323,苏梅花园(银泰创意城店),30.5263809,114.357011,102.0,东南亚菜,11:00,21:00, 
324,泰荃泰式茶餐厅(群光旗舰店),30.525058,114.3548818,113.0,东南亚菜,11:00,21:30, 
325,胖哥俩肉蟹煲(珞珈创意城店),30.5261416,114.356844,80.0,火锅,11:00,21:00, 
326,二胖烧烤(工业一路店),30.6235051,114.3920038,77.0,烧烤,16:30,00:30,"猪肉串,炭烤扇贝,麻辣牛肉,蒜香烤翅中,蒜香大虾,烤螃蟹,烤黄鱼,生蚝,花甲,培根卷"
327,必胜客(新群光店),30.5252124,114.3556979,74.0,西餐,10:30,22:00, 
328,酒拾烤肉(街道口店),30.5234974,114.3525441,64.0,烧烤,11:00,23:30, 
329,青瓦炭烤肉(群光广场店),30.5249524,114.3555164,115.0,韩国料理,11:00,21:00, 
330,麦当劳(永旺购物中心餐厅),30.6502665,114.2388522,23.0,快餐简餐,07:00,22:00, 
331,必胜客(金银潭店),30.6500349,114.2383083,70.0,西餐,10:00,22:00, 
332,酒拾烤肉(青山印象城店),30.63163,114.389332,58.0,烧烤,10:30,22:00, 
333,一棠龙虾(玫瑰街店),30.565681,114.210396,138.0,小吃,11:00,23:00, 
334,碳之道东北地炉烤肉,30.5075828,114.3196499,64.0,烧烤,10:00,02:00, 
335,捞旺猪肚鸡(王家湾店),30.5633004,114.2109999,75.0,火锅,11:00,21:00, 
336,船老大·川味干锅(王家湾店),30.5611843,114.2103137,63.0,川菜,10:30,21:00, 
337,尊宝比萨(王家湾店),30.56075,114.209615,32.0,西餐,09:00,22:00, 
338,仓桥家精致日式料理(南湖店),30.5046032,114.3246728,78.0,日本料理,10:30,21:00, 
339,哈根达斯(王家湾店),30.559128,114.208425,77.0,面包甜点,10:00,22:00, 
340,重庆辣子鱼家常菜(105分店),30.6214365,114.4052914,63.0,川菜,11:00,21:00, 
341,茶港•点心专门店(武汉摩尔城店),30.5590708,114.2075163,69.0,粤菜,11:00,21:00, 
342,必胜客(佰港城店),30.5039399,114.3262251,68.0,西餐,08:30,22:00, 
343,仟吉KenGee(武昌府店),30.5038755,114.3267554,29.0,面包甜点,07:00,22:30, 
344,尊宝比萨(南湖平安路店),30.50268,114.31997,39.0,西餐,09:00,22:00, 
345,尊宝比萨(省检察院店),30.510565,114.354445,31.0,西餐,09:00,22:00, 
346,零度·冰煮羊火锅(人信汇店),30.5533509,114.2053985,82.0,火锅,10:00,21:30, 
347,麦当劳(人信汇店),30.5509645,114.2047798,21.0,快餐简餐,06:30,23:00, 
348,必胜客(武汉人信汇店),30.5505026,114.204333,78.0,西餐,10:30,20:30, 
349,酒拾烤肉(虎泉店),30.512735,114.370433,57.0,烧烤,11:00,22:30, 
350,尊宝比萨(南湖大华店),30.496524,114.327837,35.0,西餐,09:00,22:00, 
351,辛香味·烧鱼馆(卓刀泉广场店),30.5081929,114.3661357,78.0,湖北菜,11:00,21:00, 
352,武汉洲际酒店·悦阁中餐厅,30.504582,114.245112,233.0,湖北菜,11:30,21:30, 
353,尊宝比萨(名都花园店),30.500791,114.369502,34.0,西餐,09:00,22:00, 
354,厨嫂当家(东湖店),30.5386462,114.415407,98.0,湖北菜,11:00,21:00,"鱼汤泡饭,桂鱼一锅鲜,平锅牛肉,公安牛杂火锅,红糖糍粑,干锅酸菜肥肠"
355,谭鸭血老火锅（消毒安全餐厅）(杨家湾店),30.5049823,114.38213,102.0,火锅,11:00,24:00, 
356,尊宝比萨(南湖玫瑰湾店),30.486907,114.344202,39.0,西餐,09:00,22:00, 
357,尊宝比萨(光谷银座店),30.510323,114.394783,34.0,西餐,09:00,22:00, 
358,Real Taste遇见阿里巴基斯坦餐厅(南湖花园店),30.4827874,114.3437792,74.0,西餐,10:00,22:00, 
359,捞旺猪肚鸡(光谷店),30.507944,114.395768,75.0,火锅,11:00,23:30, 
360,尊宝比萨(南湖保利心语店),30.478751,114.325471,32.0,西餐,09:00,22:00, 
361,小肥羊(武汉雄楚一号店),30.4984491,114.3899473,92.0,火锅,10:00,22:00, 
362,酒拾烤肉(金地雄楚店),30.497351,114.390211,58.0,烧烤,11:00,23:30, 
363,壹盏灯(光谷店),30.5058345,114.4025472,78.0,湘菜,11:00,21:00, 
364,鱼酷活力烤鱼(光谷步行街店),30.505339,114.402341,93.0,川菜,11:00,21:00, 
365,哈根达斯(世界城店),30.505986,114.404152,84.0,面包甜点,10:00,22:00, 
366,南京大牌档(世界城广场店),30.5065688,114.4051441,69.0,江浙菜,11:00,21:30, 
367,老村长湖北菜(民族大道店),30.5000204,114.3988786,73.0,湖北菜,11:00,21:00, 
368,翡翠香舍·法餐厅,30.5140205,114.1911129,588.0,西餐,11:00,21:30, 
369,尊宝比萨(荷兰风情园店),30.495322,114.399922,36.0,西餐,09:00,22:00, 
370,鱼酷活力烤鱼(光谷法国风情街店),30.50062,114.41099,85.0,川菜,10:00,21:00, 
371,捞旺猪肚鸡(华科店),30.512398,114.432251,66.0,火锅,11:00,22:30, 
372,东鑫酒店(光谷店),30.5065648,114.4277089,97.0,湖北菜,10:30,21:00, 
373,酒拾烤肉(关山大道店),30.49168,114.41196,63.0,烧烤,11:00,24:00, 
374,辉辉秘制松滋鸡(田园街店),30.6205716,114.1427332,71.0,湖北菜,09:00,22:00, 
375,尊宝比萨(锦绣龙城店),30.464977,114.384443,36.0,西餐,09:00,22:00, 
376,The boots 泥靴 & MINI(光谷店),30.4797404,114.4114437,176.0,西餐,11:00,21:30,"泥靴人精选肩胛牛小排,班尼迪克蛋手撕风味牛肉,新墨西哥牛油果鸡肉沙拉,多量海虾芒果沙拉,黑松露卡布奇诺蘑菇汤,提拉米苏"
377,尊宝比萨(软件园店),30.472518,114.402138,37.0,西餐,09:00,22:00, 
378,一棠龙虾(光谷天地店),30.476566,114.410838,133.0,小吃,11:00,23:00, 
379,酒拾烤肉(金色港湾店),30.5173846,114.1547165,58.0,烧烤,10:00,23:00, 
380,小蒸小灼蒸汽海鲜餐厅(沌口店),30.4991865,114.167003,161.0,海鲜,11:00,21:00, 
381,皇家格雷斯大酒店马纳西餐厅,30.460786,114.405026,195.0,自助餐,11:30,21:00, 
382,尊宝比萨(万科城花店),30.460191,114.409561,35.0,西餐,09:00,22:00, 
383,尊宝比萨(当代金融港店),30.45878,114.41528,37.0,西餐,09:00,22:00, 
384,云庭荟·中国楚宴(光谷生物城店),30.4860496,114.4788239,446.0,粤菜,11:00,21:00, 
385,尊宝比萨(金地艺境店),30.44684,114.43581,30.0,西餐,09:00,22:00, 
386,合利家炭火烤肉(经济学院店),30.4194999,114.4298269,95.0,烧烤,10:00,22:00, 
387,武汉光谷万豪酒店·楚粤轩中餐厅,30.4901965,114.5137851,168.0,粤菜,11:30,21:30, 
388,仟吉(黄陂广场店),30.8804896,114.3777581,25.0,面包甜点,07:00,21:00, 
389,武汉汉口喜来登大酒店·大堂吧,30.6022102,114.254898,80.0,面包甜点,09:30,23:00, 
390,汐Marees·花园餐厅(江滩店),30.5920314,114.3059453,223.0,创意菜,10:00,21:30, 
391,椰椰椰椰椰·Camp&Kitchen(洞庭街店),30.5913512,114.303722,127.0,创意菜,10:30,22:00, 
392,一元路怪味烧饼(锋尚时代大厦店),30.592759,114.3026764,5.0,小吃,06:30,19:30, 
393,EAT ME(洞庭街店),30.5910926,114.3035611,126.0,创意菜,12:00,20:30, 
394,炻玖馆·玖(一元路店),30.5933816,114.3023338,202.0,创意菜,12:00,24:00, 
395,西月山居匠心创意料理(一元路店),30.5933516,114.3017675,76.0,日本料理,11:30,21:00, 
396,三更浪·醉鸡煲·小海鲜打边炉(胜利街必胜店),30.5899218,114.3007555,109.0,火锅,11:30,22:00, 
397,十六号洋房(岳飞街店),30.5903388,114.2996014,188.0,其他,10:00,21:30, 
398,小羊茶来,30.5884061,114.3012343,36.0,咖啡店,11:30,21:00, 
399,ISPARTA土耳其咖啡馆,30.5882583,114.3010811,54.0,咖啡店,12:00,22:00, 
400,老八门·湖北菜(大智路店),30.5951456,114.2986916,228.0,湖北菜,11:00,21:00, 
401,宴江城精致楚菜(三阳路店),30.5979914,114.3003896,95.0,湖北菜,11:00,21:00, 
402,HY,30.5890351,114.2993953,88.0, ,12:00,21:00, 
403,一澜·江宴(江滩公园店),30.5864728,114.3030113,194.0,湖北菜,11:00,21:00, 
404,大智门啤酒屋,30.5958772,114.2979451,102.0,西餐,16:30,01:00, 
405,吉犇bēn·烤肉·活鳗(黎黄陂路店),30.5865631,114.3017955,147.0,烧烤,11:30,22:00, 
406,OAK12西餐厅(江滩店),30.5865235,114.3018814,136.0,西餐,11:30,21:00, 
407,黛樱料理(汉口店),30.5874561,114.2998703,166.0,日本料理,11:00,22:00, 
408,Vive.T·唯久,30.5977208,114.2985951,199.0,西餐,12:00,22:00, 
409,悦小兴·川菜饭堂,30.5871711,114.2999333,91.0,川菜,11:30,21:00, 
410,Orange House橙屋(黎黄陂路店),30.587408,114.2994813,84.0,日本料理,11:30,21:00, 
411,悦LOUNGE 270°超一线江景酒廊,30.5858054,114.3020351,216.0,酒吧/酒馆,17:30,01:30, 
412,悦·Sur-Lounge全江景西餐厅,30.5857968,114.3019693,561.0,西餐,17:30,01:00,"意大利海鲜烩饭,地中海辣味墨鱼面,鹅肝菲力惠灵顿,樱桃榛子鹅肝配夏威夷果奶油,松露南瓜带子汤,提拉米苏藏起来"
413,春山,30.5989947,114.2993142,29.0,面包甜点,11:00,19:00, 
414,L'amour澜茉·轻法餐,30.5857498,114.3020493,124.0,面包甜点,13:00,23:00,"自制新奥尔良烤翅,辣味牛肉薄饼,德国烤肠"
415,蒹葭艺术咖啡 Reed Art Coffee,30.5866108,114.2994035,49.0,咖啡店,10:00,21:00, 
416,山城食记(黎黄陂路店),30.5867809,114.2990614,90.0,川菜,11:30,21:00, 
417,奇洽Chit-Chat餐厅·酒吧,30.5865615,114.2990754,31.0,西餐,10:00,22:00, 
418,兰调静观·欢聚,30.58632,114.2990653,145.0,创意菜,11:00,21:00, 
419,忙忙咖啡屋mang mang cafe,30.5838447,114.2996715,53.0,咖啡店,12:00,18:00, 
420,老妈烧菜馆·牛板筋大王(天津路店),30.5855273,114.2968108,67.0,湖北菜,10:00,21:00, 
421,祥彪小胡子烧烤(解放公园路店),30.6034482,114.3027972,71.0,烧烤,11:30,23:00, 
422,于记·大锅牛杂地摊煲(武汉天地店),30.6036389,114.3077587,70.0,川菜,11:00,21:30, 
423,华宁餐厅(京汉大道店),30.6044515,114.3048527,98.0,川菜,11:00,21:00, 
424,伍号面馆(张自忠路店),30.6035375,114.3107007,9.0,小吃,06:30,12:00, 
425,祥彪小胡子烧烤(球场路店),30.5988052,114.2938096,61.0,烧烤,12:00,00:30, 
426,甜阿姨·复古洋房私房菜(平和坊店),30.5835321,114.2978432,217.0,创意菜,11:30,22:00, 
427,觅食荟泰国街头料理,30.5921905,114.291813,94.0,东南亚菜,11:30,20:30, 
428,和·玖(郝梦龄店),30.6048135,114.3094708,188.0,其他,11:00,22:00, 
429,老村长湖北菜(胜利街店),30.6047018,114.3099562,56.0,湖北菜,11:00,21:00, 
430,老万成酸梅汤(吉庆街店),30.5855415,114.2938488,12.0,面包甜点,08:30,21:30, 
431,匠芯抄手(胜利街店),30.6051525,114.3096895,24.0,小吃,11:00,20:30, 
432,熊与明治(武汉天地店),30.6053603,114.3089486,28.0,快餐简餐,10:00,21:00, 
433,燃·Light街头泰餐(武汉天地店),30.6054046,114.3087718,76.0,东南亚菜,11:30,21:30, 
434,HÈ ART LAB鹤咖啡艺术实验室,30.58226,114.29775,98.0,西餐,11:00,23:00, 
435,小满烧本铺烧鸟居酒屋(武汉天地店),30.6054142,114.3096595,135.0,日本料理,10:00,23:30, 
436,煎水记·东南亚海鲜火锅·烧烤,30.6059029,114.3095511,88.0,东南亚菜,10:00,22:00, 
437,鹤舍,30.6047603,114.3128399,663.0,其他中餐,10:00,21:00,"酥皮安格斯牛小排,酥不腻烤鸭（半只）,麻婆云上见青龙,玻璃脆皮乳鸽,玫瑰鹅肝葱油饼,煎封东海带鱼"
438,虎丸和牛烧肉(武汉天地店),30.6061377,114.3101723,234.0,烧烤,11:00,21:00, 
439,一根葱社区火锅(大连路总店),30.6063945,114.3091429,102.0,火锅,11:30,21:30, 
440,德润大厦(吉庆街店),30.5865519,114.2912164,89.0,小吃,11:00,04:00, 
441,也兽烧烤·雪花牛肉串(武汉天地创始店),30.6065771,114.3098503,76.0,烧烤,17:30,02:00, 
442,周一野Monday wild(武汉天地店),30.6067447,114.309143,38.0,面包甜点,09:00,20:30, 
443,三更浪·醉鸡煲·小海鲜打边炉(汉口江滩店),30.5801462,114.2991015,109.0,火锅,11:30,24:00, 
444,岳二郎田鸡·川菜牛蛙火锅(苗栗路店),30.5964037,114.2893558,78.0,川菜,11:00,21:00, 
445,久藏·横膈膜烧肉·酒场(天地一号店),30.6065683,114.3113173,144.0,烧烤,11:30,01:00, 
446,天地蚝宅(武汉天地店),30.6069843,114.3100741,151.0,海鲜,11:00,02:00, 
447,江秦府(黄浦路店),30.6075285,114.3070047,29.0,小吃,11:00,21:00, 
448,卤校长重庆火锅(苗栗路店),30.595666,114.2887697,93.0,火锅,10:00,22:00, 
449,红军龙虾·捞虾打边炉,30.5953131,114.2884247,156.0,小吃,17:30,22:00, 
450,哈根达斯(武汉天地店),30.607005,114.311321,83.0,面包甜点,10:00,22:00, 
451,茶颜悦色(武汉天地店),30.6073155,114.3108708,17.0,面包甜点,10:00,22:00, 
452,COMMUNE幻师(武汉天地店),30.6068906,114.312192,97.0,西餐,11:00,02:00, 
453,吉庆78号·油焖蜗牛·小龙虾(江汉路店),30.5847369,114.2907562,102.0,小吃,11:00,24:00, 
454,馋艺堂·手工米粉(武汉天地店),30.607498,114.3111386,77.0,小吃,10:00,21:00, 
455,POKIFIVE泰式五味茶餐厅(武汉天地店),30.607092,114.3124436,116.0,东南亚菜,11:30,21:00, 
456,花见小鹿·烧肉放题自助专门店,30.5952433,114.2877354,170.0,烧烤,11:30,21:30, 
