id,name,lat,lon,price,cuisine,opentime,endtime,recommendedfood
0,广州白天鹅宾馆·玉堂春暖餐厅,23.1058936,113.2425766,427.0,粤菜,08:00,22:00,"冰花鸡蛋散,芋泥凤尾虾,蜜汁蒸凤爪,特色糯米饭,栗蓉天鹅酥,迷你佛跳墙,榄仁萨其马"
1,广州粤海喜来登酒店·采悦轩中餐厅(天河城店),23.1327075,113.3221671,201.0,粤菜,10:00,22:00,"酱香熏鱼,冰烧一口三层肉,川辣M3和牛粒,藤椒乳鸽皇,芥末洋葱捞鸡,桂花椰汁冻糕"
2,广州柏悦酒店·悦景轩·粤菜餐厅,23.1185707,113.321742,561.0,粤菜,11:30,22:00,"冰烧三层肉,鸽吞燕,湛江沙姜鸡,膏蟹焗龙口粉丝,盐烧新疆羊排,樱桃鹅肝,干炒牛河,蟹肉烧饼,松露干蒸烧卖,健康五谷核桃海参"
3,广州瑰丽酒店·广御轩,23.1176541,113.3264099,430.0,粤菜,11:30,22:00,"花椒鲜虾天使面,松露捞起螺片,顺德拆鱼羹,鲍汁叉烧酥,松露汁鸡丝春卷,芦笋和牛"
4,熊猫酒店-自助餐厅(长隆店),23.0056633,113.3319349,250.0,自助餐,07:00,21:00,"炭烧生蚝,牛油果烟三文鱼沙律,芝士龙虾,肠粉,蛋挞"
5,广州文华东方酒店·江-由辉师傅主理,23.1346909,113.3330412,745.0,粤菜,11:30,22:00, 
6,跃·Yue现代粤菜料理,23.0978339,113.3569951,1000.0,粤菜,18:00,22:30,"姜葱白切鸡,护国海参,鱼子酱卤水鹅肝,豉椒牛肉,酥皮溏心鲍"
7,滋粥楼顺德菜(番禺广场总店),22.9329379,113.3862712,134.0,粤菜,09:00,21:30,"墨鱼丸,黄金油条,谷虫鸡,顺德拆鱼粥,XO酱炒陈村粉,古法蒸鱼头,古法烧鹅,酥皮双皮奶,伦教糕,白贝"
8,广州富力君悦大酒店·空中花园,23.1225705,113.3235488,400.0,粤菜,12:00,22:00, 
9,炳胜公馆(珠江新城店),23.1148837,113.3283277,580.0,粤菜,11:00,22:00,"蜜汁蒸凤爪,脆皮灌汤烧鹅拼盘,招牌菠萝包,公馆虾饺皇,秘制黑叉烧"
10,五号茶居·岭南五号酒店(沿江中路店),23.1155714,113.2742752,206.0,粤菜,11:00,21:30,"五号招牌白胡椒鸡,桂花酱烧银鳕鱼,牛油果大虾"
11,广州富力丽思卡尔顿酒店·丽轩中餐厅,23.1161738,113.3274695,739.0,粤菜,11:30,22:00,"木鱼烤银鳕鱼,古法云胜蒸龙趸球,螺片捞私房葵花鸡,甘梅汁有机番茄仔,青柠盐煎雪花和牛粒,红酒肥肝"
12,好酒好蔡,23.117451,113.3355208,800.0,粤菜,11:00,22:30,"牛油果官燕,芝士黑猪肉肠,酸辣翅,脆皮海参,暖胃汤"
13,长隆酒店(广州长隆野生动物世界店)·白虎自助餐厅,23.0013003,113.3287121,259.0,自助餐,11:30,16:30,"长脚蟹,三文鱼,芝士焗生蚝,牛排,香煎鹅肝,红虾刺身"
14,点都德(聚福楼店),23.1204857,113.2654363,77.0,粤菜,08:00,21:00,"明虾蟹子烧卖,金沙红米肠,香芒夹心椰汁糕,招牌虾饺皇,乳鸽,沙爹金钱肚,日式青芥三文鱼挞,豉油皇凤爪,百合酱凤爪,陈皮牛肉丸"
15,广州中国大酒店·丽廊餐厅(流花路店),23.1398378,113.2597748,247.0,自助餐,06:30,21:30,"海鲜,烧烤,寿司,自助刺身,烤肉,烧味,点心,蛋糕,甜品,特调饮品"
16,荔雅图 Li Chateau,23.1329914,113.3261195,583.0,西餐,11:30,22:00,"碳烤澳洲和牛西冷,鹅肝三重奏,黑松露烩饭,牛肝菌卡布奇诺,经典鸡肉凯撒沙拉,黑松露蘑菇浓汤"
17,广州正佳广场万豪酒店·万豪粤菜餐厅,23.1326899,113.326327,166.0,粤菜,11:00,22:00,"明炉即烧黑鬃鹅,招牌脆皮烧肉,浓汤自制手工鱼腐煲"
18,广州海航威斯汀酒店·红棉中餐厅,23.1433903,113.3260902,169.0,粤菜,11:30,21:30,"如意吉祥炒带子,招牌古铜香麻鸡,龙虾汤泡饭,泡椒酸菜鲈鱼,蓝莓葡挞"
19,一哥澳门豆捞·澳门风打边炉(高德置地店),23.1194694,113.3270137,139.0,火锅,11:00,22:00,"芝心三宝丸,炸响铃,自家制鱼腐,招牌雪花牛肉片,招牌鲜虾滑,港式午餐肉,北海道聚福袋,芝心牛肉丸,潮州手切黄牛肉,椰青汤"
20,广州四季酒店·意珍,23.1174364,113.3234017,488.0,西餐,06:30,21:30,"自助前菜,甜点,海鲜,扇贝,巧克力蛋糕,煎鹅肝沙律,提拉米苏,蒙古羊排"
21,广州康莱德酒店·韵轩中餐厅,23.1156537,113.3322683,215.0,粤菜,11:30,22:00,"广州十大名鸡——韵轩脆皮鸡,蜂巢松露百花酿辽参,椰皇芦荟炖花胶,玫瑰露香茅焗乳鸽,火山石盐烧M9牛肉,冰烧三层肉,皮皮虾荔枝冻,云腿桂花银芽炒龙虾,手打鲮鱼饼伴蚬芥酱,冰镇糟香富贵虾"
22,潮跃,23.1152353,113.3389165,1935.0,粤菜,17:30,23:00,"潮汕怀旧蟹皇面,鱼饭,金不换海参,猪肚汤,沙爹和牛"
23,利苑酒家(宜安广场店),23.1343002,113.2847793,298.0,粤菜,11:30,22:00,"千层萝卜酥,鲍汁鹅掌,片皮鸭,原汁鲜虾饺,冰烧三层肉,杨枝甘露,龙虾汤泡饭,烤乳鸭,飘香荷叶饭,化皮烧肉"
24,岁集院子,23.0222907,113.3316602,900.0,粤菜,11:30,22:00,"招牌玻璃脆皮乳鸽,鸡汤秒灼加拿大象拔蚌,安格拉牛肉粒,葱烧辽参,潮式卤水老鹅掌"
25,广州文华东方酒店·悦铂尼西餐厅,23.1347068,113.3333173,339.0,自助餐,06:30,21:30,"肉眼牛排,西冷牛排,鹅肝,煎三文鱼,蓝青口,羊排"
26,广州圣丰索菲特大酒店·法国餐厅,23.1382511,113.315728,561.0,西餐,17:30,22:00,"战斧牛扒,法式炸蜗牛,法国生蚝,两种风味鹅肝"
27,雅致酒店(珠江新城广州塔店)·临江阁,23.1138616,113.3330419,298.0,自助餐,12:00,21:00,"香煎鹅肝,三文鱼,汽锅生蚝,烤羊腿,鲍鱼,牛排"
28,Rêver ·玥,23.106749,113.336884,1781.0,西餐,18:00,23:00,"马赛海鲜汤,罗西尼牛柳,鸭肝,花龙虾,鲍鱼,花蟹"
29,广州香格里拉大酒店·夏宫中餐厅,23.1025403,113.3701823,242.0,粤菜,11:30,21:30,"金沙红米肠,宫保鸡丁配脆皮元贝,脆皮榴莲酥,夏宫虾饺皇,夏宫片皮鸭,夏宫皇子炒饭"
30,广州保利洲际酒店·CHAR bar & grill 恰餐厅及酒吧,23.1039752,113.3840577,824.0,西餐,11:30,22:30, 
31,广州万富希尔顿酒店·酌宴府The China Club,23.1755904,113.2684085,189.0,粤菜,10:30,22:00, 
32,惠食佳(滨江大公馆店),23.1080531,113.2596345,211.0,粤菜,11:00,22:30,"黄鳝啫啫煲,蟹皇煮珊瑚滑豆腐,啫啫蚝烙,啫啫肠粉,红烧乳鸽,啫芥兰"
33,南信牛奶甜品专家,23.1134549,113.2428924,30.0,面包甜点,10:00,22:30,"南信双皮奶,酸辣牛三星汤,南信姜撞奶,凤凰奶糊,红豆双皮,杨枝甘露"
34,鲍馬爺·首创鲍鱼鸡(长隆店),22.9820815,113.3516044,172.0,粤菜,10:00,22:00, 
35,松月自慢料理(珠江城店),23.1241357,113.3228254,444.0,日本料理,11:00,21:30, 
36,木棉(高德置地店),23.1206378,113.3267946,158.0,粤菜,11:00,21:30,"初恋咕噜肉,酱油烧牛小排,厚切岩烧牛舌,龙井烟熏太爷鸡,瑶柱百合炖鲜淮山,一颗柠檬"
37,广州柏悦酒店·悦轩Dining Room,23.1185707,113.321742,252.0,西餐,06:30,21:30,"蒜香黄油烤龙虾,蜜汁烧和牛牡蛎肉,迷迭香烤羊扒,那不勒斯章鱼沙拉,香草黄油烤澳洲M9和牛,新鲜芦笋浓汤,悦轩自助午餐菜品-大虾,悦轩现烤比萨,悦轩自助午餐菜品-海螺,安格斯牛扒"
38,莫尔顿扒房 MORTON'S GRILLE(igc天汇广场店),23.1157852,113.3316456,679.0,西餐,11:30,23:30, 
39,徐博馆 · 岭南养生宴(中和店),23.114212,113.3289749,317.0,粤菜,11:30,22:00,"黑松露牛肉球,麻酱万年青,蓝莓鹅肝三文鱼塔,泰式凤爪,人参灌汤小笼包,金瓜豆鼓蒸排骨"
40,旨匠(华侨新村店),23.1360332,113.2900547,1902.0,日本料理,12:00,22:30,"马粪海胆寿司,金枪鱼大腩寿司,富山湾荧光鱿鱼,油煮八爪鱼,蒸鲍鱼配鲍鱼肝酱,天然吞拿鱼"
41,MR·ROCKY洛奇先生餐吧(琶醍店),23.1074992,113.3391249,136.0,西餐,11:30,02:00,"果木烤雪花牛,榴莲披萨,火焰牛仔扒,烟熏鸡肉凯撒沙律,洛奇特色炒饭,海鲜披萨"
42,闻风相悦素食餐厅,23.1376279,113.2845704,286.0,素食,10:00,22:00, 
43,和苑酒家(时代店),23.1304192,113.2719928,191.0,粤菜,11:00,21:00,"核桃栗子酥,龙虾粒竹筒手工面,陈醋木耳,北京片皮鸭,翡翠豆苗玉兔饺,鲍鱼荷叶饭,杏香沙律虾球,鲍鱼烧卖,红葱头文昌鸡,瑶柱蛋白炒饭"
44,天水蔬食料理(东方文德店),23.1234053,113.2720939,280.0,素食,12:00,21:00,"百里香炭烧杏鲍菇,海盐羽衣甘蓝,莲藕,年糕配金桔桂圆茶,板栗桃胶石锅饭,葱油拌面"
45,翅叔港式酒家·鱼翅专门店(文明路旗舰店),23.12147,113.2704596,157.0,粤菜,11:00,21:00,"双人火舞艳阳海鲜煲,桃红柳绿,凤凰展翅,冬至象拔蚌,翅爷鸡,明治糯米糍"
46,渔意如意·首创顺德金鲷鱼生,23.0975123,113.2852825,179.0,粤菜,11:00,22:00,"金鲷刺身,葱油淋鱼片,火熖鹅,冰镇酸甜骨,花胶云吞鸡煲,手打墨鱼饼"
47,广州翡翠希尔顿酒店香雪楼中餐厅,23.1722376,113.4511281,132.0,粤菜,10:30,21:00, 
48,79号渔船海鲜饭店(耀中店),23.1427681,113.3235512,260.0,海鲜,11:00,22:30,"蒜酱烤波龙,三叔烤罗氏虾,避风塘炒蟹,百香果蒸鲍鱼,深海鱼油海苔焗饭,盐焗花螺"
49,极炙·日式炭火烧肉(广百店),23.1326228,113.320232,218.0,日本料理,11:30,24:00,"安格斯极上牛小排,昆布特选牛舌,极炙烧猪五花,元贝,墨鱼肠"
50,摩打食堂(天河南二路店),23.1314926,113.3322358,129.0,日本料理,11:00,22:00,"爆香和牛舌肥肝盖饭,法罗三文鱼刺身,赤焰三帝盖饭,关西炭烧鳗鱼盖饭,爆发火山沙拉,明太子烤土豆"
51,Mercato莫卡多露台餐厅与酒吧(K11店),23.1183775,113.3261001,542.0,西餐,17:00,01:00,"香烤牛柳,煎扇贝,牛肝菌裹烤三文鱼,烤芦笋,龙虾和虾仁饺子,松露披萨"
52,广州柏悦酒店·悦厅,23.118318,113.3216232,299.0,西餐,11:30,22:00,"澳洲M5和牛西冷,树莓佛手柑蛋糕,咖啡海鲜汁香米饭团,芝士卷,咖啡布丁挞,芒果椰子杯,海参意大利菠菜烩饭,柏悦招牌龙虾卷,咖啡铜锣烧"
53,海门鱼仔·潮汕味(珠江道店),23.1188584,113.3344716,128.0,粤菜,11:00,21:00,"香煎蚝仔烙,椒盐九肚鱼,卤水鹅肝,招牌含花甲,生腌虾姑,生腌螃蟹"
54,The Happy Monk(太阳店),23.1240312,113.3447393,119.0,西餐,10:30,02:00,"烟熏猪肋排,烟肉芝士意粉,香煎新西兰肉眼配法式炸薯条,快乐小吃拼盘,英式炸鱼薯条,苹果核桃沙拉,香蕉太妃派"
55,炳胜品味(珠江新城店),23.1148837,113.3283277,257.0,粤菜,11:00,22:00,"招牌菠萝包,秘制黑叉烧,豉油皇鹅肠,原始水晶三味豆腐,章红鱼生,招积冰川茄"
56,CBD·ONE 珠城一号,23.1146714,113.3161446,387.0,粤菜,11:30,22:00,"蜜桔牛叉,潮式煎韭菜粿,脆筒牛油果沙拉,海蚌烧豆面,黑虎掌菌鲜虾饺,花雕汁肉砵蒸澳龙"
57,客·AKEN’S KITCHEN私房菜(花城大道店),23.1178922,113.3428787,1087.0,客家菜,11:00,22:00, 
58,陈添记(十五甫三巷店),23.1149118,113.2416253,27.0,小吃,10:00,22:00,"爽鱼皮,招牌鱼皮,豉油王蒸猪肠粉,鲩鱼皮,陈添记爽鱼皮,猪肠粉,传统艇仔粥"
59,黄沙上堓海鲜酒家,23.1081211,113.238597,207.0,海鲜,11:30,02:00, 
60,非常厨房(万博中心店),23.0100071,113.3432016,150.0,西餐,11:30,21:00,"烤西班牙黑豚,意式墨汁面,黑棕猪,海鲜煲,焦糖炖蛋,草莓拿破仑,杂菌黑松露酱披萨,黑松露汁杂菌炒意粉,牛角包,芒果拿破仑"
61,德利私厨·德叔鲍鱼(南村店),23.0027645,113.3833666,799.0,粤菜,11:00,21:00,"德叔秘制南非鲍鱼,安格斯鹅肝牛仔粒,西施海鲜泡饭,鹅肝安格斯牛仔粒,麻香文昌鸡,杏汁燕窝,德叔招牌鲍鱼焖鸡,法式红酒冻鹅肝,生磨美国杏仁燕窝,膏蟹粉丝煲"
62,get holiday夹脚鞋与鱼子酱(天河北店),23.1405143,113.3194161,431.0,西餐,12:00,23:00,"干式熟成带骨肉眼,黑安格斯肉眼牛扒,煎带子墨鱼汁烩意大利饭,白葡萄酒煮新鲜北极贝,意大利白葡萄酒煮新西兰青口,樱花虾薯条"
63,龚印记牛骨牛杂屋·四代传承(体育西店),23.129091,113.323135,96.0,火锅,11:30,23:30,"牛仔肉牛杂煲,大蹄筋牛杂煲,网红巨大筒骨,手打牛筋丸,面筋,牛油炸支竹"
64,秘密旅行Vintage(体育西店),23.1284048,113.3246902,84.0,西餐,11:30,23:30,"招牌吞拿鱼薯仔头,花房牛排,黄金酱烤鸡翅,黑松露温泉蛋奶油意大利扁面,西班牙海鲜炒饭,草莓缤纷松饼"
65,GANEA 厨房神话故事西餐厅,23.1216585,113.3274796,441.0,西餐,11:00,22:00,"蒜香大虾沙拉,澳洲谷饲西冷牛扒,三文鱼塔塔,摩尔多瓦特色鸡肉汤,香烤茄子佐烧茄酱和草药酸奶酱,英国香浓牛尾汤"
66,闻见中国海南菜(K11店),23.1182948,113.3261259,180.0,海南菜,11:00,21:30, 
67,CICADA 宋·湘,23.1143036,113.3394848,991.0,湘菜,11:30,22:00,"黑松露鲍鱼神仙鸡,常德牛肉粉,姜辣潮州鹅掌烧斯里兰卡蟹,永州血鸭,蟹粉酿蓉园臭豆腐,衡东爆双脆"
68,广州塔璇玑地中海自助旋转餐厅,23.1059415,113.3238887,451.0,自助餐,11:30,22:00,"三文鱼,生蚝,希鲮鱼刺身,羊排"
69,穗银肠粉店(东川路店),23.1239448,113.28665,22.0,小吃,06:30,24:00,"鸳鸯肠,炸面肠,猪肉肠,猪肝粥,鲜虾九王肠,及第粥,艇仔粥,皮蛋瘦肉粥"
70,坚记面食店,23.1181628,113.2504395,24.0,小吃,06:30,20:00,"上汤净云吞,牛腩捞长寿伊府面,炸酱捞生旦面,招牌云吞面,牛腩伊面,猪肠捞生旦面,云吞伊面,牛腩油菜,猪手伊面"
71,广州白天鹅宾馆·宏图府餐厅,23.1058234,113.2425896,258.0,粤菜,08:00,14:30,"姜汁蛋散,羊城鲜虾饺,生滚葵花鸡粥,蟹黄干蒸烧卖,黑椒牛仔骨,杞子桂花糕,鲍汁凤爪"
72,素会,23.1088215,113.2353114,222.0,素食,11:00,21:00,"燕麦蘑菇包,桂花炒素翅,五谷五仁饭,芝士焗口蘑,黑松露炒饭,翡翠布袋罗汉"
73,粤陈记·煲仔粥(番禺总店),23.0175188,113.3718186,94.0,火锅,11:00,01:00,"罗氏虾,牛肉片,手打牛肉丸,白贝,生蚝肉,带子"
74,诚割烹·Omakase(ICC环贸天地店),23.1417903,113.3263297,433.0,日本料理,11:30,22:30,"鹅肝大满足,海胆手卷,石烧和牛小排,鹅肝豆腐,白兰地翡翠螺,和牛生蚝包"
75,广州粤海喜来登酒店·&More大堂吧,23.13257,113.322296,107.0,面包甜点,09:00,23:00, 
76,松风苑(万菱汇店),23.1328728,113.3294819,1032.0,粤菜,11:00,22:00,"避风塘花胶,宫廷黄焖翅,天鹅酥,青柠玫瑰盐煎烹5A和牛,蚝皇鲍汁扣十二头溏心鲍,杨枝甘露"
77,大鸽饭(岗顶店),23.1356594,113.3409715,99.0,粤菜,11:00,21:30,"红烧鸽,串串烤鸽肾,原只椰子乌鸡炖老鸽,菜心炒鸽杂,大鸽饭,鸽汤万年青"
78,御宝轩(天汇igc店),23.1162438,113.3324085,408.0,粤菜,11:00,22:00,"牛柳粒,笋尖鲜虾饺,女儿红蒸河鳗,白松露油西施虾球,金网脆皮虾肠粉,流沙包"
79,广州康莱德酒店-AROMA馥观景餐厅,23.1154767,113.332217,163.0,融合菜,11:30,22:00,"皮皮虾烩意面,香肝三味,荷叶清酒酿清远鸡,澳洲和牛肉眼扒,甜豌豆浓汤,松露生牛肉薄片,小龙虾清远鸡肉卷,沙茶香茜牛肉薄片,藠头金枪鱼夹心大通粉,咸蛋黄烤南瓜"
80,南海渔村·空中一号,23.1144009,113.3206455,174.0,粤菜,10:00,22:00,"羊肚菌小笼包,海鲜脆皮红米肠,原只鲍鱼烧鹅酥,酱香蒸凤爪,避风塘天然虾饺,芝士伊面焗龙虾,云南野菌饺"
81,广州花园酒店·荔湾亭(环市东路店),23.1352268,113.2863015,350.0,粤菜,11:00,22:00,"荔枝木叉烧,荔湾艇仔粥,豉汁排骨,叉烧酥,姜葱啫啫生蚝,萍姐豆腐花,小炒黄牛肉"
82,广州花园酒店·名仕阁餐厅,23.1350805,113.2862347,750.0,西餐,18:00,22:30, 
83,广州中心皇冠假日酒店·百粤楼,23.1384117,113.2825054,139.0,粤菜,08:00,21:30,"百粤珍品炸虾饺,姜汁千层糕,马拉糕,瑶柱蛋白炒饭,蚝汁花生扣凤爪,野生松茸菌烧卖皇,金菇牛肉肠"
84,牛小灶牛杂煲(珠影店),23.0944981,113.3208997,77.0,火锅,11:00,01:00,"牛腩牛杂煲,炸腐竹,娃娃菜"
85,御市·江景日本料理,23.1150258,113.2786685,376.0,日本料理,11:30,22:00,"鹅肝土司三重奏,大白黑猪豆乳锅,黄油战斧牛扒,柚子冻土豆泥,温泉和牛拉面（六成熟）,鲜蔬牛油果沙拉"
86,广州朗豪酒店·Ming Court 明阁,23.0967059,113.3601805,386.0,粤菜,08:00,22:00,"龙虾汤响米海鲜泡饭,养生黑蒜牛柳粒,龙虾虾饺,黑松杂菌素饺,龙皇披金甲,罗勒珍果和牛粒"
87,超记煲仔饭(珠光路店),23.1179181,113.2707562,28.0,快餐简餐,10:00,21:00,"超香腊鸭拼腊味煲仔饭,窝蛋牛肉煲仔饭,超记黄鳝煲仔饭,冬菇滑鸡煲仔饭,豉汁排骨拼滑鸡煲仔饭,枸杞叶猪肝煲仔汤"
88,信记海鲜饭店(长堤大马路店),23.1115248,113.2602135,192.0,海鲜,11:00,22:00,"清蒸海边鱼,黄鳝煲,姜葱炒大肉蟹,手撕盐焗鸡,酱爆蛏王,南乳肉"
89,永兴烧腊(黄沙店),23.1102887,113.2455289,81.0,小吃,11:00,18:30,"烧鹅,蜜汁梅叉,鹅肝,烧鸭,鹅掌,鹅翅"
90,陶陶居酒家(第十甫路总店),23.1132779,113.2424628,115.0,粤菜,08:00,22:00,"冰镇咕噜肉,陶陶居大虾饺,怀旧纸包骨,冰花沙翁,卡珍芝士糯米鸡,桂花蛋散"
91,侨美食家(沙面总店),23.1062426,113.2440229,158.0,粤菜,08:00,23:00,"台山黄鳝炒饭,垂涎欲滴酥,经典牛肉卤水花生,和田大枣炖雪蛤燕窝,十八香椒盐九肚鱼,非遗红烧乳鸽,古法游龙东星斑,刺身小拼,椰汁海参芡实煲,避风塘加拿大龙虾"
92,吴财记面家(大同路店),23.1109095,113.241597,26.0,小吃,07:00,00:30,"牛腩捞面,猪蹄捞面,炸酱面,小云吞面,净猪手,炸云吞皮,酸萝卜"
93,泮溪酒家(荔枝湾店),23.1213256,113.2362218,115.0,粤菜,07:30,21:30,"绿茵白兔饺,咸煎饼,惹味蒸凤爪,荔湾艇仔粥,双皮奶,白灼虾,白切鸡,春卷,泮塘五秀,叉烧"
94,华哥新鲜猪精品美食(总店),23.0566847,113.2606329,89.0,火锅,11:30,22:00,"猪X根,天衣无缝,嫩滑靓猪红,猪红,猪天梯,猪腰,萝卜糕,猪心顶,猪生肠,天麻炖猪脑"
95,寒舍农庄餐厅(四海马术店),23.021573,113.4475213,150.0,粤菜,11:00,21:00,"虫草鸡,白贝,手打牛肉丸,生蚝,明虾,腊味煲仔饭"
96,碧水湾温泉荔香园酒家,23.6997,113.71637,96.0,粤菜,07:00,21:00, 
97,博多天妇罗泰(正佳广场店),23.1321904,113.3274355,75.0,日本料理,11:00,21:30,"扇贝,秋葵,香菇,茄子,海鳗,鱿鱼,可尔必思,莲藕,南瓜,大虾天妇罗套餐"
98,广州文和友,23.1353059,113.3333736,122.0,小吃,11:00,24:00,"炭炉羊肉煲（传统浓汤）,蒜蓉蟹,蒜蓉虾,炒花甲,八珍煎饺,椒盐九肚鱼"
99,翠园(广州太古汇店),23.1339453,113.332916,246.0,粤菜,11:00,22:00,"带子菜苗饺,鲜果拿破仑,原只鲍鱼荷叶饭,羊城雀笼点心,即烧原只脆脆BB猪,韭黄鲜虾肠粉,翠园堂弄片皮鸭"
100,广州珠江新城华轩美仑美奂酒店·花城苑广府菜(珠江新城店),23.1222913,113.3226642,234.0,粤菜,11:30,22:00,"清炖鸡,豉油皇大肠头,蒸黄花鱼,煎虾饼,香煎马蹄糕,煎藕粉"
101,Restaurant Emmelyn,23.1222754,113.3222514,1115.0,西餐,12:00,21:00,"北海道扇贝,法国鳕鱼,玛格丽特M9和牛肉眼,波士顿龙虾,龙虾手工意面,酸奶雪芭"
102,Mr.Fish鱼鲜生海鲜放题(高德置地冬广场店),23.1207781,113.3271728,453.0,自助餐,11:30,21:30,"鳌虾,焦糖炖蛋,日本牡丹虾,龙虾刺身,铁板阿根廷大虾,红酒冻鹅肝,生蚝,刺身新鲜,煎鹅肝,红酒冻法国鹅肝"
103,宋·川菜,23.1196934,113.3272142,265.0,川菜,11:30,22:00,"沸腾老虎斑,42天精饲北京果木烤鸭,宋秘制香辣蟹,开水白菜,蒜泥白肉,杨枝甘露豆腐花"
104,mango tree芒果树餐厅(K11店),23.1183867,113.3260312,176.0,东南亚菜,11:30,21:00, 
105,广州四季酒店·Tian bar 天吧,23.1176427,113.3231613,296.0,酒吧/酒馆,20:00,01:00, 
106,广州四季酒店·CATCH佰鲜汇,23.1174665,113.3228571,1244.0,西餐,18:00,22:00,"海鲜拼盘,波士顿龙虾,肉眼牛排,姜味南瓜汤"
107,那未大叔是大厨(天河领展店),23.1236715,113.3439055,168.0,粤菜,11:00,21:00,"吮汁春卷皮乳鸽,百香果布丁,十九涌黄脚立,香煎厚切软糯牛舌,贵妃虾汤泡饭,喜鼎海胆水饺"
108,铭门盛宴艺术海鲜姿造(珠江新城店),23.1143765,113.3288243,473.0,自助餐,12:00,21:30,"香煎鹅肝,鲍鱼,鱼翅,象拔蚌,生蚝,三文鱼"
109,岭南海晏楼(滨江东总店),23.1042703,113.3144921,136.0,粤菜,11:00,21:30,"香烧牛舌,特色葱油飞鱼,白卤水掌亦,梅子乳鸽,烧鹅,豆酥脆豆腐,至尊三宝,芝士牛油虾,干炒牛河,淮山面"
110,广州花园酒店·瀑布餐厅,23.1354959,113.285774,280.0,自助餐,06:00,23:30, 
111,广东亚洲国际大酒店· 云顶阁(小北店),23.1381198,113.2801391,186.0,自助餐,06:30,21:30,"鹅肝饼干配草莓酱,三文鱼刺身,北极贝刺身,迷你松露大虾三文治,牛扒,花甲"
112,達揚原味燉品(文明路店),23.1225768,113.2742204,23.0,小吃,11:00,24:00,"原只椰子炖竹丝鸡,淮杞炖牛展,花旗参炖竹丝鸡,天麻枸杞炖猪脑,淮杞炖乳鸽,天麻炖鱼头"
113,潮发潮汕牛肉店(北京路店),23.1175091,113.2705116,101.0,火锅,11:30,03:30,"吊龙肉,鲜牛丸,雪花肉,匙仁肉,三花趾,牛胸口油"
114,秋枫媚料理(北京路店),23.1208288,113.266766,99.0,日本料理,11:30,22:00,"菌菇寿喜锅,满碗牛舌鹅肝盖饭,经典鳗鱼饭,酱烧寿司荟萃,明太子烧,和风十全十美沙律"
115,东海海鲜酒家(流花店),23.1399731,113.2543053,161.0,粤菜,11:00,21:30, 
116,富贵食饭公司(江南西润汇店),23.0945997,113.2699336,53.0,粤菜,11:00,20:30,"厚切安格斯铁板牛排,椒盐鱿鱼须,豆腐芝士丸,叔公叉烧滑蛋饭,怀旧五柳炸蛋饭,雪糕西多士"
117,银记肠粉店(上九路店),23.1158447,113.2511566,20.0,小吃,06:30,22:00,"鲜虾牛肉肠,叉烧肠,状元及第粥,鸳鸯肠,艇仔粥,皮蛋瘦肉粥"
118,悦湖公馆,23.2169019,113.3254461,164.0,粤菜,08:30,21:00,"竹炭马拉糕,脆皮雪山包,悦湖玉液虾饺皇,豉油皇凤爪,椰皇豆腐花,香煎辣味萝卜糕,豆酱蒸排骨"
119,成裕雪糕店(士多店),23.1217566,113.2378145,12.0,面包甜点,09:00,19:00,"班戟薄饼夹雪糕单球,甜筒雪糕双球,鸡蛋仔雪糕,鸡蛋仔,绿茶雪糕,班戟薄饼"
120,广州森林海温泉度假酒店·全日制餐厅,23.566027,113.7651144,181.0,自助餐,18:00,20:30, 
121,广州三英温泉度假酒店·自助餐厅,23.5588689,113.7825206,172.0,自助餐,18:00,20:30, 
122,小炳胜(天环店),23.1315709,113.3250942,153.0,粤菜,11:00,22:00,"鲜贝柱煮农场菜心,招积茄子,始创黑叉烧,黑松露捞起三文鱼,酸汤白贝煮肥牛,雪山奶露包"
123,陶陶居酒家(正佳广场店),23.1315814,113.3272019,113.0,粤菜,10:00,21:00,"叉烧酥,秘制骨,烧肉,招牌大虾饺,墨鱼饺,肠粉,陶陶居百年烧鹅,鲜果榴莲天鹅酥,啫啫生菜煲,乳猪天王"
124,金牌陶陶居(太古汇店),23.1338499,113.3313378,144.0,粤菜,10:00,21:30, 
125,广州方圆奥克伍德豪景酒店公寓·奥膳房空中观景水晶餐厅 Oakroom Skyview,23.129609,113.328645,398.0,西餐,06:30,23:00, 
126,广州W酒店·贵船铁板烧KIBUNE TEPPANYAKI,23.1220589,113.3285654,535.0,日本料理,11:30,22:00,"天妇罗炸物,新鲜的刺身,荞麦面鳗鱼饭套餐,特色寿司球"
127,南海渔村(珠江新城店),23.1203643,113.3257388,240.0,海鲜,11:30,22:00,"芝士伊面波士顿龙虾,蒜香脆皮鸡,灌汤小笼包,鲜虾红米肠,软滑心太软,陈皮牛肉球"
128,the eating table(高德置地冬店),23.1198675,113.3264231,195.0,西餐,11:30,22:00,"特色海鲜烩饭,招牌松露酱薯条,招牌三文鱼子海胆汁烩意面,扒香草蒜蓉蘑菇,季节鲜果梳夫厘松饼,低温慢炖牛舌配有机蔬菜,阿拉斯加蟹肉班戟,小吃拼盘,鸡尾酒,南瓜汤"
129,广州卓美亚酒店·斯塞尔餐厅,23.1194527,113.3271532,326.0,亚洲菜,06:00,22:30,"法式煎鹅肝,玫瑰香槟慕斯,芝士焗法国生蚝,老虎虾,蘑菇汤,热情番茄汤配百香果"
130,广州柏悦酒店·悦吧·顶楼露天酒吧,23.1186565,113.3220003,298.0,酒吧/酒馆,18:00,01:00, 
131,蘭亭永,23.1187489,113.2965126,2311.0,其他,12:00,22:00, 
132,半岛御珍轩酒家(二沙岛店),23.1075985,113.3083795,180.0,粤菜,10:30,22:00,"豉汁蒜香蒸排骨,好味酱蒸凤爪,绿茶芒果薄撑,虾饺,避风塘太子鸽,红米肠,香煎萝卜糕,红酒汁牛肋骨,清蒸开刀龙趸,乡村面疙瘩"
133,点都德(北京路贰店),23.1266899,113.2689186,75.0,粤菜,08:00,21:00, 
134,RIBS乐排馆(香格里拉大酒店),23.10264,113.369667,467.0,西餐,17:30,22:00, 
135,广州广交会威斯汀酒店·中国元素中餐厅,23.0960096,113.3633603,237.0,粤菜,11:30,22:00,"化皮烧腩肉,灯影鱼片,主厨雪龙牛肉,元素芝麻脆皮烧鸡,酸汤象拔蚌西施舌,鲜汁冷泡牛肋排,柚子冻鲍鱼"
136,元氏钵仔糕Yuan’s bowlding,23.1287514,113.2661593,25.0,小吃,10:00,12:00,"椰汁西米红豆,柠檬茶,咖啡拉花流沙,肉松蛋黄流沙,榴莲仔仔,蓝丝绒乳酪钵仔糕"
137,文通冰室(富力海珠城店),23.0955586,113.2732748,49.0,粤菜,11:00,22:00,"招牌黯然销魂饭,招牌暴富漏奶华,旧金山西多士,好运猪肠粉,文通经典炒牛河"
138,啫八(滨江店),23.1082967,113.2602487,156.0,粤菜,11:00,23:00,"腊味煲仔饭,啫啫生肠,啫黄鳝,啫蚝烙,啫啫三酱肠粉,啫啫雪花牛肉"
139,侨美·唐荔园食艺馆,23.1185082,113.2313576,131.0,粤菜,07:30,23:00,"百味酱蒸凤爪,瑞士汁乳鸽,秘制脆皮黑叉烧,原粒脆皮鲜虾红米肠,招牌瓦罉煀大连鲍,老式菜远炒牛河,生磨姜汁撞鲜牛奶,鲜花椒油浸笋壳鱼,避风塘加拿大龙虾,椰汁海参芡实煲"
140,生机蔬食料理餐厅(番禺广场店),22.9374247,113.4030133,77.0,素食,11:00,22:00,"椰肉木瓜西米糖水,海底椰玉米野菌汤,牛大力冬瓜莲蓬汤,牛肝菌鹰嘴豆豆腐汉堡,香椿炒饭,生菜"
141,广州粤海喜来登酒店·盛宴全日自助餐厅(天河城店),23.1327357,113.3221083,289.0,自助餐,12:00,21:30, 
142,大鸽饭(体育西路店),23.1323985,113.3210173,109.0,粤菜,11:00,21:30, 
143,锋壹碗·香港名人饭堂(太古汇店),23.1345841,113.332473,208.0,创意菜,11:30,22:00,"千丝牛腩,黑醋咕嚕肉,宫保茄香虾球,琵琶乳鸽,五宝饭,干煸油牛肝菌四季豆"
144,江南厨子(太古汇店),23.1339028,113.3324162,190.0,江浙菜,11:00,21:00,"手剥龙井虾仁,大块东坡肉,糖醋松子鱼,糖醋小排,小笼包,桂花糯米藕,糖醋里脊,狮子头"
145,等我餸上门海鲜大排档(珠江新城店),23.12355,113.3173748,146.0,海鲜,11:00,01:00,"秘制花甲王,沙姜花螺,椒盐濑尿虾,鸡蛋炒米粉,捞起生肠,奶油大头虾"
146,澳泰美食(东山店),23.1214158,113.2959594,45.0,东南亚菜,09:00,23:30, 
147,顺德松记食店(四季天地店),23.1013969,113.3279042,183.0,火锅,11:30,21:30,"竹肠,招牌猪肝,黄牛肉,猪面肉,手打墨鱼滑,虾滑"
148,二沙壹号·粤菜海珍,23.1077266,113.302358,196.0,粤菜,10:00,22:00,"老酒脆香鸽,吉品鲍鱼酥,松茸莲藕酥,腰果宫保虾球,龙虾汤稻庭面,蒜香脆皮鸡"
149,德尚煌·顺德菜 (四季天地店),23.1002689,113.3283161,87.0,粤菜,11:00,21:00,"沙姜焗鸡,爽捞鱼皮,文火流鲜之大锅炆鱼,均安煎鱼饼,三丝炒陈村粉,大良炸牛奶"
150,Mark&Mars Restaurant,23.1374758,113.2842198,159.0,西餐,10:00,22:00,"mars经典柠檬鸡翅,法国红丝绒玫瑰蛋糕,招牌黑松露芝士薯条,西班牙香肠烤番茄意大利面,烤黄油可颂,日式温泉蛋野菌烩培根扁面"
151,金成潮州酒楼(客村店),23.0972147,113.3159328,130.0,粤菜,11:00,22:00,"金成一品工夫汤,原只卤水鹅掌,海鲜蚝仔烙,潮州冻红蟹,卤水拼盘,潮式烧大连鲍,潮州红烧翅,澄海老鹅头(三年),点心拼盘,护国菜汇和牛"
152,玫瑰甜品,23.1225373,113.2758419,18.0,面包甜点,12:00,24:00,"杏仁豆腐,芒果西米露,双皮奶,凤凰蛋奶糊,芝麻糊,姜撞奶"
153,广州香格里拉大酒店·东南小馆,23.1027124,113.369506,279.0,东南亚菜,17:30,22:00, 
154,雅苑餐厅(朝天路店),23.12354,113.2604374,158.0,粤菜,12:00,21:00,"白灼鱿鱼,番茄蛋牛肉,鹅肝酱芥蓝,绿豆沙,花肉煲,白灼吊片,豉油糖煎黄花鱼,葱油鸡,咸蛋饭"
155,广州万富希尔顿酒店·感趣自助餐厅Senses,23.1755005,113.2683996,263.0,自助餐,06:30,21:30,"三文鱼,烤生蚝,北极贝,冷盘大虾,羊肋排,慢烤牛肋排"
156,珍珍小食店(西华路店),23.1324054,113.2467045,31.0,小吃,06:30,02:00,"牛三星汤,牛筋,牛腩猪肠河粉,啫啫煲仔粉,净萝卜,猪大肠面"
157,竹园竹升面(西关总店),23.1116284,113.2461964,26.0,小吃,08:30,21:00,"鲜虾云吞面,咖喱牛腩捞面,鲜肉云吞面,炸酱捞面,咸煎饼"
158,广州白天鹅宾馆·流浮阁咖啡厅,23.1056277,113.243054,381.0,自助餐,06:30,21:30, 
159,广州白天鹅宾馆·风味餐厅,23.106108,113.242218,327.0,粤菜,11:30,22:00, 
160,凌记,23.1229201,113.2364469,24.0,小吃,06:30,22:00,"濑粉（大）,椰子冻糕,牛腩捞粗面,三酱猪肠粉,传统萝卜糕,腊味糯米饭"
161,广州翡翠希尔顿酒店·品全日制餐厅,23.1723744,113.4507458,202.0,自助餐,06:30,21:30,"烤生蚝,三文鱼腩,小龙虾,羊排,鲍鱼,榴莲蛋糕"
162,四海一家自助餐(长隆万博店),23.0092913,113.3412077,152.0,自助餐,11:30,21:00,"三文鱼刺身,碳烧生蚝,芥末虾饺,冻蟹,酥皮鱼翅汤"
163,彩蝶谷美食廊(长隆店),23.0035193,113.3278708,144.0,粤菜,17:00,23:00,"牛肉粒炒饭,长隆招牌靓虾饺,烧鹅"
164,后街唐厨•特色粤菜(海印又一城店),22.998611,113.3489826,77.0,粤菜,11:00,21:00,"十三幺,干炒牛河,羊肉煲,浓汤浸鲜鲈鱼,稻香猪手,地道鸡煲"
165,天人山水·真意轩,23.4336239,113.6007492,661.0,粤菜,08:00,21:00,"虹吸青橄榄冲浪螺片,陈皮咸榄炖海螺,脆皮妙龄富硒乳鸽配柠檬汁 ,蟹黄煮花胶 ,地胆头扣临高海鸭 ,百年油橄榄焗银鳕鱼 "
166,潮发潮汕牛肉店(正佳广场店),23.1329264,113.32739,101.0,火锅,11:00,22:00, 
167,九龙冰室(正佳广场店),23.1322181,113.3275014,47.0,粤菜,10:00,22:00,"黑松露炒蛋,番茄牛肉面,蒜香鸡中翼,怀旧酥皮蛋挞,招牌一口西多士,怀旧菠萝油"
168,一粥荟·招牌鱼粥(天河北店),23.143136,113.3272876,68.0,小吃,09:30,22:00,"珍菌靓鸡粥,鱼腩鱼球牛肉粥,云南珍菌鲜虾锅贴饺,顺德煎鱼饼,香煎萝卜糕,陈皮红豆沙"
169,禄运茶居(体育西店),23.1297612,113.3234287,79.0,粤菜,08:00,21:00,"新疆补脑核桃包,酱黄豉椒蒸凤爪,金蒜豉汁蒸排骨,六运特色有机肠,滋补美颜红枣糕,荔湾鲜虾艇仔粥"
170,吴系茶餐厅(汇坊店),23.135529,113.3333955,102.0,粤菜,11:30,22:00,"虾饺,西多士,自制水饺,清蒸猪肝,深井烧鹅,干炒牛河,和味牛杂,红豆冰,芒果椰汁西米露"
171,撚手食堂·传统粤菜(宝泰店),23.1471749,113.3248027,75.0,粤菜,11:00,21:00,"猪油渣炒菜心,鲜菇炒牛肉,五柳炸蛋,手工鱿鱼肉饼,啫啫竹肠,西柠鸡扒"
172,湘遇虾美人·小龙虾·湘菜(珠江新城维家思广场店),23.1247751,113.3266447,141.0,小吃,11:00,24:00, 
173,广州富力君悦大酒店·凯菲厅,23.1225356,113.3235567,438.0,自助餐,12:00,21:30,"长脚蟹,香草羊扒,鹅肝,龙虾,葡挞,双重芝士蛋糕,三文鱼,雪糕,濑尿虾,沙律"
174,广州W酒店·紫艷中餐厅,23.12181,113.32842,351.0,粤菜,11:30,22:00,"榴莲天鹅酥,鱼子酱脆皮安格斯雪花牛肉,麻香鸭舌,招牌元贝皇葱油捞面,黑松露芝士焗龙虾,脆皮红烧妙龄乳鸽"
175,点都德(喜粤楼店),23.1275408,113.3083001,71.0,粤菜,07:30,21:00, 
176,川府尹·四川会馆(珠江新城店),23.1174809,113.3274623,179.0,川菜,11:00,22:00,"磁器口毛血旺,太白醉猪肝,蒜泥白肉,功夫松茸炖海螺头,炝锅丁桂鱼,山城粉蒸排骨,歌乐山辣子鸡,砂锅雅鱼"
177,点都德(汇点楼店),23.1180045,113.3308714,86.0,粤菜,08:30,20:30,"金沙红米肠,金牌虾饺皇,香芒夹心椰汁糕,金牌靓油条,荔湾艇仔粥"
178,Lian尚莲越泰料理(IGC天汇店),23.116028,113.3313439,183.0,东南亚菜,11:30,22:00,"海鲜冬阴功汤,顺化蔗虾,香芋马蹄椰汁西米糕,碳烧猪颈肉,黄咖喱香茅牛腩煲,牛油果芒果软脚蟹米纸卷"
179,活泼·活海鲜姿造(天德广场店),23.1146933,113.3328219,224.0,海鲜,18:00,02:00,"招牌火山辣豆腐,嫩滑活生蚝,串烧基围虾,元贝,鲍鱼,鸡中翅"
180,广州塔卢特斯法国旋转餐厅,23.1066175,113.3246966,548.0,西餐,14:00,22:00,"澳洲M6级肉眼牛扒,香煎鹅肝,清腌鳕鱼,法式勃艮第焗蜗牛,吉拉多生蚝,传统法式龙虾汤"
181,JoJo's Riverside(琶醍店),23.10747,113.3389399,182.0,西餐,18:00,02:00,"炉烤全鸡,炉烤鸡中翅,椒盐鱿鱼,玛格丽特披萨,苹果酥派佐香草冰淇淋"
182,恩宁刘福记(东华东路店),23.1207879,113.291907,24.0,小吃,08:00,21:00,"鲜肉云吞面,猪油捞全蛋面,酥炸鱼皮,OK炸酱捞全蛋面,招牌牛腩银丝面,猪肠捞面"
183,兴悦酒家(环市东路店),23.1378781,113.2807585,205.0,粤菜,11:00,22:30, 
184,悦宴酒家·红烧乳鸽(龙洞店),23.1842715,113.3595343,68.0,粤菜,07:00,21:00,"沙田乳鸽皇,红焖鲜羊肉,连州腊味煲仔饭,鲜无花果椰香浸鸡,泰汁脆皮鲈鱼,胡须鸡焖鲜鲍"
185,虾饺妹富竹一生·海鲜酒家(海珠广场店),23.116056,113.2670597,77.0,粤菜,08:00,21:30,"一窝小黄鸭,和味酱皇蒸凤爪,酱炒萝卜糕,香煎小米糕"
186,陶陶居酒家(解放北路店),23.1336129,113.2616006,106.0,粤菜,09:00,20:30, 
187,喜鹊茶餐厅(车陂店),23.1243068,113.3974956,53.0,粤菜,08:00,23:30,"酱皇蒸凤爪,岭南鸡蛋挞,香煎韭菜饺,面酱蒸排骨,九制金钱肚,三丝炸春卷"
188,向群饭店(龙津路总店),23.1218068,113.2515343,90.0,粤菜,11:00,22:30,"招牌葱油鸡,豉油皇鹅肠,肥叉鸡杂炒菜心,酿辣椒,干炒牛河,生炒连州菜心,真味白切鸡,豉味酿炸面"
189,荔林食店(西华路店),23.1326733,113.2463693,61.0,小吃,07:30,16:00,"龙虾汤河粉,招牌牛筋河粉,猪杂细米粉,蟹王膏河粉,皇牌猪杂汤河粉,蟹黄膏禾虫牛舌汤米粉"
190,甘稻粤式田园菜(动感小西关店),23.1292182,113.2427218,80.0,粤菜,11:00,21:00,"秘制碌鹅,古早味叉烧,水晶猪手,甘稻墨鱼饼,玫瑰酥皮豆腐,田园冬瓜盅"
191,文记壹心鸡(宝华路店),23.1152855,113.2420169,88.0,粤菜,11:00,21:00,"壹心鸡,鸡油炒菜心,秘制红枣骨,蜜汁大肠,菜心炒鸡杂,姜葱捞鸡肾"
192,宝华面店,23.1159685,113.2417796,32.0,小吃,08:00,22:00,"鲜虾云吞面,鲜虾净云吞,猪手面,牛三星,和味萝卜,净牛杂"
193,荷香居(洞企石路店),23.1028792,113.2196763,70.0,粤菜,11:00,21:00,"荔枝柴烧鸡,富贵茶骨皇,莲藕煲,深井烧鹅,鲍汁山水豆腐,生炒菜心"
194,淼福猪肚鸡(长隆店),23.0101516,113.3305608,70.0,火锅,09:30,02:00, 
195,点都德(长隆店),22.9951415,113.3334807,100.0,粤菜,08:00,21:00, 
196,健民牛奶甜品店(解放路店),22.9739368,113.317282,28.0,面包甜点,10:00,01:30,"香芋炒蛋奶,凤凰姜埋奶,红豆双皮奶,香芋椰汁西米露,猪脚姜"
197,Salt kitchen Wine盐.创意西厨(佳兆业店),23.1404912,113.3211555,203.0,西餐,11:30,21:30,"澳洲纯血M7+和牛肉盖,澳洲Rangers Valley M3+安格斯 T骨,阿拉斯加长腿蟹肉,海鲜墨鱼汁意大利面,泰国柚子大虾沙拉,郁金香蛋糕,提拉米苏"
198,广州粤海喜来登酒店·班妮海鲜餐厅,23.132572,113.322317,298.0,自助餐,11:30,21:30, 
199,广州海航威斯汀酒店Prego意大利餐厅,23.1433525,113.3262301,185.0,西餐,11:30,21:30, 
200,敏华冰厅(天河城店),23.1318466,113.3224524,64.0,粤菜,10:00,21:00,"虾仁煎蛋饭,街边碗仔素翅,招牌四宝饭,新鲜出炉酥皮蛋挞,够姜猪润牛肉汤米粉,旺角菠萝包"
201,GODIVA(太古汇店),23.1339304,113.33234,51.0,面包甜点,10:00,22:00, 
202,蚝事发生·生蚝档(天河南店),23.1318032,113.3316266,98.0,粤菜,11:00,02:00,"招牌三味乳山蚝,辉哥生腌大生蚝,酸辣泰式虾生,芝士榴莲烤生蚝,香香牛肉串,干炒牛河,菜脯拌饭,生蚝全家福,烤罗氏虾,辉哥生腌三文鱼"
203,点都德(和兴楼店),23.145643,113.3270962,90.0,粤菜,08:00,21:00, 
204,东兴饭店(汉风国际店),23.1405662,113.3159117,84.0,粤菜,11:00,21:30,"东兴黄鳝饭,古法焖鹅,五邑花肉王,姜葱炒脆肉鲩鱼片,沙姜鸡煲,陈皮炸骨"
205,广州天河希尔顿酒店·意畔意大利餐厅,23.14624,113.32079,185.0,西餐,11:30,22:00,"碳烤牛排,提拉米苏,厨师长披萨"
206,谷粒林记店,23.1277714,113.3256197,704.0,粤菜,11:00,04:00,"椰汁燕窝,红烧鱼翅,炒河粉,干鲍鱼,鲍汁扣花胶,海参"
207,大洋家潮汕特色菜·花胶砂锅粥(天河东路店),23.1307088,113.3336709,124.0,粤菜,11:30,23:00,"养颜花胶粥,生腌虾,家乡蚝仔烙,椒盐九肚鱼,糕烧双色,潮汕生蚝砂锅粥"
208,靓仔老表茶餐厅(维家思广场店),23.1259015,113.3265611,57.0,粤菜,11:00,21:00,"虾饺,洛神红米肠,冰火菠萝油,先有鸡还是先有蛋,紫米鱼柳肠,咖喱鹌鹑蛋烧卖,麻将椰汁糕,炒萝卜糕,咖喱鸡"
209,珠光地中海酒店·福满楼,23.132574,113.336978,77.0,粤菜,07:30,15:00, 
210,广州丽柏国际酒店(珠江新城岗顶地铁站店)·汤厨一品,23.1367546,113.3393081,83.0,粤菜,09:00,22:00, 
211,广州富力君悦大酒店·G餐厅,23.1221628,113.3234681,274.0,西餐,12:00,21:30, 
212,外商·艺龙酒店(广州珠江新城店)· 泊克茶吧,23.1244471,113.3144976,101.0,酒吧/酒馆,11:00,01:00, 
213,常来小聚(高德置地店),23.1201669,113.3218835,86.0,粤菜,11:00,21:30,"常来招牌碌鹅,老娘秘制叉烧,葱香果园鸡,黑糖炒芥兰远,香煎墨鱼饼,煎酿尖椒"
214,广州四季酒店·KUMOI云居,23.118011,113.323021,726.0,日本料理,11:30,21:30,"银鳕鱼西京烧,和牛卷,天妇罗拼盘"
215,广州瑰丽酒店·Black Iron黑金燚,23.1176779,113.3259689,644.0,日本料理,18:00,22:30, 
216,广州瑰丽酒店·Brick Lane赤醉,23.1176779,113.3259689,406.0,酒吧/酒馆,18:00,00:30,"肉夹馍,鹅肝鳕鱼烧烤,牛肉烧烤,锅贴,烤大虾,玛格丽特披萨"
217,昇运来云吞面,23.1195806,113.3144906,49.0,小吃,08:30,21:00,"炸云吞,鲜肉云吞面,黑松露鲜肉净云吞,虾籽麻油捞面,南乳焖猪手,鲜虾净云吞"
218,广州瑰丽酒店·Too High 高極,23.1170006,113.3254929,433.0,酒吧/酒馆,20:00,01:00,"芝士黑松露热狗,和牛饺子,和牛烤串,法国吉拉多生蚝,重回马德里,血与沙"
219,广州富力丽思卡尔顿酒店·邱吉尔吧 The Churchill Bar,23.1161815,113.3274415,363.0,酒吧/酒馆,18:00,01:00, 
220,盡膳口福跷脚牛肉火锅(天德广场店),23.1143387,113.3326387,215.0,火锅,11:00,05:30, 
221,BLAZING 夹脚鞋与包,23.1187796,113.3484599,628.0,西餐,18:00,01:30, 
222,成隆行·四季品蟹臻选(东山店),23.1215718,113.295318,147.0,江浙菜,10:30,21:30, 
223,广州白云宾馆·祥云西餐厅,23.1373819,113.286158,203.0,自助餐,06:00,21:00,"香煎鳕鱼,北极贝,挪威三文鱼刺身,新西兰生蚝,香煎鹅肝,法国朗德鹅肝伴鱼仔沙律"
224,泰安门,23.135299,113.2861487,2530.0,西餐,18:00,22:00,"大西洋龙虾,烟熏鳗鱼,金枪鱼大腹塔塔,炭烤澳洲M6和牛柳,海胆配酸面包"
225,丘大6仔记(滨江东路店),23.1027794,113.3069021,68.0,粤菜,08:30,21:30,"羊城鲜虾饺,手打羊肉烧卖,丹麦叉烧包,鹏举咸煎饼,潮式卤水鸡爪,海鲜荷叶蒸饭"
226,802居酒屋(盈泽苑店),23.124104,113.2849569,264.0,日本料理,11:00,22:00,"柠檬葱盐澳洲牛舌,珍味蟹宝,蒲烧鳗鱼饭,海胆饺子锅,人气鹅肝寿司,心太软"
227,寻味凤厨·顺德水乡私房菜(上渡路店),23.1002942,113.3084372,67.0,粤菜,11:30,21:00,"招牌凤厨鸡,鱼腐竹笙鱼肚浸胜瓜,一品檀香骨,湿炒三丝面,顺德双皮奶,菊花松子鱼"
228,猪肠仔风味店(越秀南路店),23.1204447,113.2803327,24.0,小吃,06:30,21:00,"猪肠河粉,猪肠面,牛筋河粉,净云吞拼猪肠,牛三星拼牛杂,猪肠拼牛杂"
229,容记猪脚姜醋,23.1257166,113.2753154,16.0,小吃,10:00,18:00, 
230,北园酒家(小北路店),23.136488,113.2724133,144.0,粤菜,11:00,21:30,"北园虾饺皇,香煎萝卜糕,金钱肚,红米丝网肠,蛋挞,罗汉素斋卷,古法皮蛋酥"
231,太平馆西餐厅(北京路店),23.1263824,113.2689322,116.0,西餐,11:00,22:00,"招牌红烧乳鸽,瑞士鸡翼,德国咸猪手,花椒牛小排"
232,广州香格里拉大酒店·NADAMAN滩万日本料理,23.102579,113.370117,542.0,日本料理,11:30,21:30, 
233,大佛寺素食阁,23.122685,113.2680544,82.0,素食,11:30,21:00,"花开富贵,脆皮斋烧鹅,大佛寺炒饭,佛光普照"
234,富临食府,23.1206987,113.26527,82.0,粤菜,11:00,22:00,"红豆沙,芝士捞伊面,驰名白灼牛肉,皇牌脆皮猪手,五柳炸蛋,清蒸鲈鱼,锦卤酸甜煎面,沙姜手撕鸡,沙拉汁猪扒,叉烧"
235,腾强汕头黄牛肉火锅(总店),23.0913035,113.2853735,87.0,火锅,11:30,02:00,"鲜牛肉,吊龙,牛筋丸,匙仁,胸口油,雪花牛肉,五花展,匙柄,牛舌,生菜"
236,信行丰炖品皇店(光孝路店),23.127229,113.2559826,26.0,小吃,10:30,21:30,"原只椰子炖竹丝鸡,鸡肉肉饼饭,淮山杞子炖竹丝鸡,花旗参炖竹丝鸡,鲜椰丝牛奶炖桃胶"
237,永记沙湾甜品(诗书路店),23.1204753,113.2546448,17.0,面包甜点,09:00,24:00,"原味炒奶糊,沙湾姜撞奶,芒果椰汁双皮奶,杏仁炒奶糊,椰汁红豆双皮奶,凤凰炒蛋奶糊"
238,聚汇坊椰子鸡·猪肚鸡(机场路总店),23.1806436,113.2595164,95.0,粤菜,11:00,22:30, 
239,友联菜馆(杉木栏路店),23.1104052,113.2464282,70.0,粤菜,11:00,21:00,"钵仔鸡红,煲淋霸王花,白切鸡, 糖醋生炒骨,香烧桂花扎,鱼肠煎蛋"
240,广州卡威尔酒店·科芬园西餐·特色自助餐厅,23.0802039,113.2664728,186.0,自助餐,07:00,21:00,"哈根达斯,鲍参翅肚羹,三文鱼,北极贝,黄金蟹脚,烤生蚝,碳烤肉眼牛排配薯条,芒果芝士龙虾"
241,蔡澜港式点心(领展购物广场店),23.1095933,113.2406935,78.0,粤菜,08:00,22:00, 
242,东湖酒楼·粤菜老字号(永庆坊店),23.1145661,113.2388844,98.0,粤菜,08:00,21:30, 
243,喜洲吧(船厂店),23.0472609,113.316405,139.0,西餐,11:30,24:00, 
244,乡下饭庄(新港东路店),23.0871104,113.4081342,91.0,粤菜,11:00,21:00,"红葱头淋爬山鸡,招牌碌鹅,荔枝木叉烧,乡下炸虾饼,现做乡下豆腐,怀旧生炒骨"
245,强记早茶,23.0465328,113.293427,29.0,粤菜,06:00,10:30, 
246,广州星河湾半岛酒店· 真粤.南番顺大师味,23.032856,113.35085,196.0,粤菜,08:00,22:00, 
247,滋粥楼顺德菜(南村店),23.012577,113.3397354,154.0,粤菜,09:00,22:00,"三杯鸡,顺德拆鱼羹,黄金油条,古法烧鹅"
248,大树头森林餐厅(番禺广场店),22.9399394,113.4015845,91.0,粤菜,11:30,20:30,"沙姜无骨猪手,秘制烧排骨,顺德墨鱼饼,小炒皇,顺德鱼皮,簸箕捞鸡"
249,有涩酒庄YOUSE,22.9203738,113.34437,166.0,西餐,14:00,22:00,"吞拿鱼牛油果塔塔,烟熏三文鱼彩虹沙拉,墨西哥辣鸡肉饼,谷饲肉眼,紫苏鸡翅,有涩烤鸡"
250,百利鸽王(花都总店),23.4049157,113.2402309,91.0,粤菜,11:00,21:00,"红烧乳鸽,鸽肾焗饭,黄山黑木耳,沙姜乳鸽,沙姜猪手"
251,云山阁中餐厅,23.555918,113.768721,109.0,粤菜,11:00,21:30, 
252,广州都喜泰丽温泉度假酒店·泰丽餐厅,23.695854,113.715027,150.0,西餐,07:30,21:30, 
253,楼上大排档· 啫啫煲小炒宵夜,23.1181734,113.3294836,151.0,粤菜,11:30,01:30,"鲜虾汤啵啵贝,奶油罗氏虾,网红压力锅焗肥嘟嘟生蚝,椒盐鲜玉米,砂锅啫啫黄鳝煲,传统干炒牛河"
254,半岛名轩酒家(市长大厦店),23.1416081,113.3230406,155.0,粤菜,10:30,22:00,"黑椒蒸乳鸽,脆皮糯米鸡,虾肠,杏仁餐包,菜干粥,葡式蛋挞"
255,客语客家菜(维多利店),23.1347718,113.3209653,72.0,客家菜,11:00,21:00,"捞南昆山腐竹,古法手撕盐焗鸡,独蒜焖老南瓜,客家酿豆腐,鸡汤苦麦菜,客语土猪汤"
256,王品牛排(佳兆业广场店),23.14024,113.32078,385.0,西餐,11:30,21:00, 
257,海底捞火锅(佳兆业广场店),23.1401654,113.3206342,132.0,火锅,09:00,07:00, 
258,诚寿司·11年经典日料(维多利广场店),23.1350636,113.3204219,206.0,日本料理,11:30,22:30,"网烧牛舌,火炙鳗鱼寿司,大虾天妇罗乌冬,生海胆,三文鱼厚切刺身,三文鱼芒果卷,蟹肉可乐开,三文魚刺身,鳗鱼寿司,三文鱼寿司拼盘"
259,石板街港澳冰室(天环店),23.1318102,113.3244799,69.0,粤菜,10:00,22:00,"椒盐九肚鱼,冰火菠萝油,一口炸豆腐,漏奶西士多,瑞士汁炒牛河,黯然销魂饭"
260,乐凯撒披萨(正佳广场店),23.1316955,113.3262932,64.0,西餐,10:00,22:00, 
261,CATWALK·喜聚跳舞酒吧,23.1416595,113.31998,354.0,酒吧/酒馆,21:00,05:00, 
262,UnCLE FOnG芳叔(天河城店),23.1315563,113.3226428,20.0,面包甜点,10:00,22:00,"半熟流心芝士挞,原味鸡蛋仔,奶黄流沙芝士挞,原味蛋挞装,迷你挞装"
263,小山日本料理(太古汇店),23.1344204,113.3322279,238.0,日本料理,11:30,14:00, 
264,阿一鲍鱼(天河北旗舰店),23.1419317,113.3318314,512.0,粤菜,11:00,22:00, 
265,蚝魁·高压锅蒸生蚝·海鲜专门店(体育西店),23.1293585,113.3230856,98.0,海鲜,11:00,02:30,"高压锅生蚝,马苏里拉烤土豆,蒜蓉粉丝虾,特色腊味饭,超级生煎包,招牌凉拌秋葵"
266,7-INN郁源咖啡(体育西横街店),23.1285676,113.3254702,38.0,咖啡店,10:00,20:00, 
267,聚汇坊椰子鸡·猪肚鸡餐厅(环市东店),23.1339825,113.311823,93.0,粤菜,11:00,22:30, 
268,御前十七(花城汇店),23.1247888,113.3246827,99.0,日本料理,11:30,21:30, 
269,蔬稻餐厅,23.1229513,113.3228798,111.0,素食,11:30,21:00,"热锅咖喱饭,南瓜桃胶露,松露杂菌汤,酱烧藕排,松子青酱意粉"
270,陈记顺和牛肉火锅(天河北路店),23.14177,113.34057,91.0,火锅,11:00,02:00, 
271,1920 Bites&Brews(花城汇店),23.1214278,113.3243322,147.0,西餐,11:00,01:00, 
272,岚山日本料理(华成路店),23.1218959,113.3170199,698.0,日本料理,11:30,22:30, 
273,广州卓美亚酒店·大堂吧,23.1197378,113.3263662,184.0,面包甜点,14:00,18:00,"艺术秋韵主题双人下午茶,精选法式小点 ,精选闪电泡芙,经典风味西点,精选黄油蛋糕 "
274,点都德(花城店),23.1193854,113.3165266,87.0,粤菜,08:00,21:00, 
275,广州四季酒店·Atrium中庭酒吧,23.1174391,113.3231881,249.0,酒吧/酒馆,14:00,23:00, 
276,广州四季酒店·愉粤轩,23.1173775,113.323222,640.0,粤菜,11:30,21:30,"陈酿黑醋不平凡叉烧,古法烧马岗鹅,瑶柱果园鸡,香芒杨枝甘露,冰烧肉"
277,Sushi Man(珠江新城店),23.1172784,113.3271469,2042.0,日本料理,11:30,21:30, 
278,清·寿司吧&铁板烧,23.154894,113.340988,1000.0,日本料理,11:30,22:00, 
279,十号咖啡馆ten cafe,23.1209407,113.2990742,124.0,咖啡店,15:00,02:00, 
280,紫檀Omakase,23.1179607,113.3490089,2522.0,日本料理,12:00,22:30, 
281,一记面馆·云吞面嘅专家(淘金分店),23.14055,113.2902089,25.0,小吃,07:00,03:00, 
282,阅江米库(琶醍店),23.1071744,113.340274,136.0,川菜,11:30,21:30, 
283,点都德(德粤楼店),23.1350049,113.2881561,77.0,粤菜,08:00,21:30, 
284,勇志烧肉·焱铁烧创始店,23.133789,113.288087,150.0,日本料理,11:30,22:30,"瓦罐牛肉,牛气冲天,鹅肝酱饼,雪花薄烧肥牛,白蘑菇,盐烤牛舌,冬菇,中落小排,焦糖布丁,鸡腿菇"
285,喜贺烧肉(无油烟烤肉店),23.1379444,113.2867579,360.0,烧烤,11:30,22:00, 
286,金井日本料理,23.137822,113.286672,406.0,日本料理,11:00,22:00, 
287,白云宾馆意大利餐厅,23.137693,113.286072,180.0,西餐,11:30,21:00, 
288,广州中心皇冠假日酒店·汇点大堂吧,23.1384075,113.2825001,93.0,咖啡店,10:00,22:00, 
289,陶陶居酒家(环市东店),23.1390054,113.2804011,109.0,粤菜,08:00,21:00, 
290,VINO维罗纳·珠江夜游·游轮餐厅(金龙鱼号),23.112364,113.2854487,363.0,西餐,18:00,22:00,"法国鹅肝酱配无花果汁,黑松露蘑菇忌廉汤,香煎安格斯肉眼扒配么利菌汁,芝士南瓜汤配带子,阿拉斯加银鳕鱼配百香果鲜橙汁,夏威夷木瓜鲜虾沙拉"
291,党公糖水铺(鹭江店),23.0954211,113.3064512,11.0,面包甜点,11:00,21:30,"党公五谷丰登豆腐花,香滑么么喳喳,香芋西米冰糖水,鸳鸯红沙芋头西米露,车仔面,红豆奶昔膏"
292,香港庙街煲仔饭,23.116103,113.278568,28.0,小吃,10:30,21:00, 
293,焯跃料理(南丰汇店),23.0978339,113.3569951,3180.0,粤菜,18:00,22:30,"冰焯象拔蚌,火焯和牛,汤焯响螺扒,油焯花胶,单枞燕窝奶冻"
294,大鸽饭(棠下旗舰店),23.125236,113.377276,99.0,粤菜,11:00,21:30,"鸽子饭,粉包,芥菜,烧排骨,山坑螺杂鱼煲"
295,广州岭南五号酒店·五号酒吧,23.1155784,113.2743377,179.0,酒吧/酒馆,17:30,01:00, 
296,胜安饭店(东风中路店),23.1315481,113.2690667,57.0,粤菜,11:00,21:00,"例汤,荷叶红枣蒸鸡,五柳炸蛋,椒盐鱿鱼,鱼香茄子煲,酱爆竹肠皇,蒜蓉番薯叶,嘟竹肠"
297,荔银肠粉(北京路店),23.1257699,113.2694992,28.0,小吃,07:00,23:30, 
298,广州酒家(越华店),23.1296158,113.2676048,127.0,粤菜,09:00,20:30, 
299,阿姨牛杂(北京路店),23.1202926,113.26886,30.0,小吃,12:00,20:00,"净牛杂,面筋牛杂,鱼蛋,牛肚,牛肠"
300,步步高昇钵仔糕,23.120496,113.2679462,13.0,面包甜点,11:00,17:00,"抹茶绿豆,榴莲钵仔糕,好时朱古力,蛋黄钵仔糕,红糖红豆,桂圆核桃钵仔糕"
301,大鸽饭(北京路店),23.1231702,113.266816,99.0,粤菜,11:00,21:00, 
302,南园酒家(前进路店),23.1000083,113.2803756,111.0,粤菜,08:00,21:00,"顺德猪杂粥,南园虾饺王,豉汁蒸凤爪,XO酱萝卜糕,叉烧酥,奶皇包"
303,大雄寿司(北京路店),23.1217917,113.2662607,94.0,日本料理,11:30,21:30, 
304,聚财茶档(西湖路店),23.1230761,113.264644,40.0,粤菜,11:00,22:00, 
305,点都德(流花展贸中心店),23.1413478,113.2585798,73.0,粤菜,09:00,21:00, 
306,玫瑰咖啡ROSECAFE(中山六路店),23.1249246,113.2590504,42.0,咖啡店,12:00,20:30, 
307,秘密旅行Bonjour(江南西店),23.0968871,113.2726202,81.0,面包甜点,11:30,23:30,"招牌水果茶,北海道焦糖奶茶,招牌吞拿鱼薯仔头,黄金鸡翅,蜜汁鸭胸饭,秘密芝士奶茶,芝士肉酱意粉,蓝莓轻芝士蛋糕,水晶芒果卷,芝士奶茶"
308,椰妹原生态椰子鸡(白云万达店),23.1721177,113.2661571,97.0,火锅,11:00,22:00,"原味椰子鸡,腊味煲仔饭,手打鲜虾滑,红蟹籽墨鱼滑,椰汁龟苓膏"
309,大猿日本料理(江南西店),23.093604,113.271302,106.0,日本料理,11:30,22:30,"阿根廷大虾刺身,大猿四季,澎湃芝士焗大元贝,芥末章鱼,日式土豆沙拉,白雪公主黑森林"
310,璞园香约椰子鸡(机场路店),23.1663264,113.2602041,111.0,火锅,11:00,22:00,"珍珠小马蹄,腊味煲仔饭,原味椰子鸡,鲜芦荟,慈鲷鱼,竹笙椰子鸡"
311,小查楼(江南西店),23.0946939,113.2699217,73.0,粤菜,10:00,22:00, 
312,西贝莜面村(凯德广场·云尚店),23.1810053,113.26969,81.0,西北菜,10:30,21:30, 
313,光明滋补清汤羊(光明戏院店),23.1072492,113.2599398,153.0,火锅,12:00,03:00,"清汤羊肉,羊腩,羊肚,炸支竹,羊颈肉,羊肉松煲仔饭(大)"
314,榕意·川味之美(凯德云尚店),23.1809874,113.2689638,108.0,川菜,11:00,21:00,"酸菜鱼,榕意金丝虾,精致川味凉面,灵魂猪油炒饭,蓝莓山药,夫妻肺片,川味凉面,话梅小番茄,手撕包菜,重庆小面"
315,一品为先·食得好(西华路店),23.129085,113.2512247,29.0,小吃,11:00,20:00,"金玉满堂米线,吉列猪扒,鲜灼猪杂米线,瑞士鸡翅,凉拌鱼皮,泰式无骨凤爪"
316,食盈碗仔翅(西华路店),23.129904,113.2510935,23.0,小吃,10:30,18:00,"人比花娇翅,花容月貌翅,锦上添花翅,肉松混酱猪肠粉,东成西就翅,龙精虎猛翅"
317,杏福甜品,23.0830595,113.2791972,23.0,面包甜点,13:00,23:00,"香啡蛋球,招牌杨枝甘露,焦糖炖蛋,凤凰蛋奶,滋润三宝,招牌糖不甩"
318,燕锅中山石岐乳鸽专门店,23.0813756,113.2788041,75.0,粤菜,11:00,22:00, 
319,点都德(大茶楼店),23.123379,113.2463245,75.0,粤菜,07:30,21:00, 
320,EspressoClub咖啡店,23.0659294,113.29608,39.0,咖啡店,08:00,22:00, 
321,星巴克臻选(沙面店),23.1073942,113.2438223,43.0,咖啡店,08:00,23:00, 
322,白天鹅宾馆·美食屋,23.106108,113.242218,453.0,面包甜点,09:00,19:00, 
323,广州日航酒店·弁庆日本料理铁板烧,23.16813,113.411136,459.0,日本料理,11:30,21:00, 
324,粥旺庄(芳村店),23.0814747,113.250326,78.0,粤菜,11:00,21:00, 
325,赞海1号鲜蒸汽海鲜·生蚝(南浦店),23.0318879,113.2899484,160.0,海鲜,10:30,22:30, 
326,渔民新村(番禺总店),23.0213463,113.3340606,266.0,粤菜,09:00,24:00,"明炉烧鹅,椒盐赖尿虾,咖喱蟹,避风塘海鲜炒饭,芝士龙虾面,金枕榴莲酥"
327,北方家宴(优托邦科学大道店),23.1678104,113.4529626,72.0,东北菜,11:00,21:30,"韭菜盒子,拔丝地瓜,北京烤鸭,锅包肉,羊肉串,京酱肉丝"
328,广州奥园喜来登酒店·大堂酒廊,23.0084622,113.3466647,87.0,咖啡店,09:00,24:00,"元气轻食,罗勒青苹果芝士蛋糕,黑松露巧克力热情慕斯,芒果大虾塔塔,牛角包,蜂蜜洋梨香草夏洛特,烟熏三文鱼牛油果配茉莉花茶啫喱"
329,陈茶馆,22.9333388,113.3652998,12.0,面包甜点,13:30,17:00,"芝麻糊,莲子百合雪耳糖水,杏仁糊,花生糊,绿豆沙,番薯糖水"
330,如轩•海鲜砂锅粥(花都店),23.4013363,113.2072686,74.0,粤菜,09:00,03:00,"上海灌汤包,凉拌牛肉,芥末鱼皮冻,山椒小木耳,潮汕虾蟹粥,老坛酸菜炒粿条"
331,广州融创堇山酒店·堇色西餐厅,23.4317708,113.2347182,224.0,自助餐,07:00,21:00, 
332,广州南沙花园酒店·桃园馆中餐厅,22.7492035,113.6171631,171.0,粤菜,08:00,20:30, 
333,广州碧水湾温泉度假村·德啤广场·山野菜·夜宵烧烤,23.6996743,113.7163539,91.0,粤菜,17:30,24:00, 
334,小禅餐厅,23.1396865,113.3207165,181.0,日本料理,11:00,22:00, 
335,莆田餐厅PUTIEN(天环广场店),23.1328616,113.3252617,136.0, ,11:00,21:30, 
336,COLINMINT简悦厨(维多利广场店),23.1347532,113.3209139,99.0,快餐简餐,11:30,21:30, 
337,庐小聚·岭南特色鸡汤火锅,23.1405887,113.3212571,129.0,火锅,10:00,22:00, 
338,旨一Omakase(中信店),23.1421851,113.3245329,881.0,日本料理,12:00,22:30, 
339,Godiva(天河城店),23.132385,113.322342,54.0,面包甜点,10:00,22:00, 
340,比萨玛尚诺(天环广场店),23.131831,113.324421,117.0,西餐,10:00,22:00, 
341,gaga(万菱汇店),23.132666,113.32912,87.0,西餐,10:00,22:00, 
342,传记潮发牛肉(天河北路店),23.140636,113.319366,91.0,火锅,11:00,03:00, 
343,西贝莜面村(正佳店),23.1314724,113.326781,88.0, ,10:30,21:30, 
344,The Maple Leaf(万菱汇店),23.1327976,113.3296479,455.0,西餐,11:30,22:00,"迷迭香烤羊架,烟熏翡翠螺,酥皮焗三文鱼佐白酒汁,狂欢单人套餐A,百香果mojito,火爆辣鸡香蒜披萨,蟹籽周打浓汤,柠檬啤酒,奥利奥漏斗蛋糕,罗勒鲜虾番茄意粉"
345,乜早,23.1389636,113.3317335,82.0,咖啡店,09:00,18:00, 
346,五溪红小子·麻辣小龙虾(天河北店),23.140725,113.3190939,147.0,小吃,16:30,01:00, 
347,椰客·海南椰子鸡(天河万菱汇店),23.1328784,113.330055,112.0,其他中餐,11:00,21:00, 
348,禄鼎记(体育东路店),23.1306452,113.3276843,99.0,川菜,11:30,00:00,"招牌红白,香辣虾,招牌头抽鲈鱼,招牌酸菜鱼,八宝茶,香辣田鸡,红油猪脑,成都担担面,上汤豆苗,杏汁鱼汤"
349,柏蔻·牛扒餐厅·Whisky Bar(林和中店),23.144746,113.325984,365.0,西餐,11:30,01:30, 
350,EGGY·蛋料理食所,23.1301726,113.326827,40.0,西餐,10:00,21:00,"苏格兰炸蛋,魂蛋,嫩滑双蛋堡,滑蛋薯条,韩烧牛五花蛋吐司,和风脆脆鸡吐司"
351,禄鼎记·多口味酸菜鱼(汇坊店),23.1359868,113.3333997,101.0,川菜,11:00,22:00, 
352,咖法森林·咖啡·音乐酒吧(天河林乐店),23.1440905,113.32965,70.0,面包甜点,09:30,01:00, 
353,友会日式猪排(林和中路店),23.1454098,113.3259941,55.0,快餐简餐,11:00,21:00,"炸虾套餐,炸生蚝,经典炸猪里脊,味增汤,奶油蟹肉可乐饼,芝士卷猪排套餐"
354,巴黎8号酒吧·圣丰索菲特,23.138111,113.315985,128.0,酒吧/酒馆,16:00,01:00, 
355,西赞·白切世家(天河南店),23.13181,113.33182,75.0,粤菜,11:00,21:30, 
356,万岁小屋(YCC天宜店),23.1462033,113.3261441,99.0,日本料理,11:00,22:00, 
357,广州天河希尔顿酒店·无贰自助餐,23.146273,113.320718,232.0,自助餐,12:00,21:30,"海盐蛋糕,位上波士顿龙虾（限晚餐时段）,现切刺身,熟腌海鲜,现做生蚝,雪糕,各式甜品,广式炖汤,呷哺呷哺小火锅,现点烧烤"
358,The Poem,23.1286223,113.3301659,82.0,咖啡店,11:00,21:00, 
359,喜茶(东方宝泰店),23.147653,113.325165,21.0,面包甜点,10:00,22:00, 
360,康师傅私房牛肉面(中泰店),23.1504938,113.3227097,41.0,小吃,09:30,21:00,"金牌红烧牛肉面,翠玉黄瓜,番茄牛肉面"
361,鸟金•炭火烧鸟,23.12689,113.31645,659.0,烧烤,17:30,04:00, 
362,点都德(汇胜楼店),23.1341529,113.3393879,85.0,粤菜,09:00,21:00, 
363,甄蚌海鲜肥牛火锅,23.149387,113.334506,262.0,海鲜,11:00,22:00,"雪花肥牛,炸响铃,顶级加拿大象拔蚌,三文鱼刺身,鲮鱼滑,鱼皮饺"
364,彬妈糖水(侨鑫国际店),23.1228353,113.3225603,27.0,面包甜点,12:00,21:00,"彬妈大满贯,鲜奶桃胶莲子,桂花桃胶莲子,鲜奶黑米莲子,银耳桃胶蔓越莓,玫瑰桃胶银耳"
365,The Happy Monk(侨鑫店),23.1228255,113.3224699,130.0,西餐,08:00,02:00, 
366,禄鼎记·多口味酸菜鱼(侨鑫店),23.1223337,113.3227689,97.0,川菜,11:30,21:30,"招牌酸菜鲈鱼,鲜奶Q麻薯,发财肥肠辣子鸡,上汤豆苗,红油猪脑,财神炒饭"
367,大鸽饭(动物园店),23.134808,113.308293,81.0,粤菜,11:00,21:30, 
368,隴熙火锅(珠江新城店),23.1262972,113.3370762,199.0,火锅,10:00,22:30, 
369,Bad Habit by ROZZ-TOX,23.1245556,113.3143921,150.0,酒吧/酒馆,12:00,02:00, 
370,山叶料理·铁板烧(珠江新城店),23.121896,113.331037,404.0,日本料理,11:00,22:30, 
371,Tipsy精酿餐厅(289艺术园区店),23.124044,113.314434,162.0,西餐,17:30,02:00, 
372,榕意·川味之美(289艺术园店),23.123874,113.314554,117.0,川菜,11:00,21:00, 
373,COLINMINT简悦厨(珠江新城店),23.1205283,113.3225579,107.0,西餐,11:30,21:30, 
374,客语客家菜(高德置地春广场店),23.1203843,113.3226718,77.0,粤菜,11:00,21:00, 
375,牛痴(环市东店),23.1342697,113.3066294,86.0,火锅,10:30,22:30,"吊龙,手锤牛肉丸,嫩肉,五花趾,干炒牛肉粿条"
376,诸锣记烤串·炭烤羊肉串(天河兴盛店),23.1206423,113.3297736,104.0,烧烤,17:00,02:00, 
377,库克石烧牛排(兴盛路店),23.1209541,113.3315416,144.0,西餐,11:00,23:30, 
378,山东老家(高德置地·春广场店),23.12006,113.322418,98.0,鲁菜,11:00,21:00, 
379,比萨玛尚诺(高德置地春店),23.1200761,113.3221028,94.0,西餐,10:00,22:00, 
380,佬麻雀·新湘菜(高德置地春广场店),23.1199653,113.3225278,86.0,湘菜,11:00,21:00, 
381,浪杯萬·和牛烧肉大衆酒場(兴盛路店),23.1209076,113.3325417,325.0,烧烤,11:00,23:30, 
382,蝦说馆·十三香小龙虾(天河店),23.1438815,113.3450358,106.0,小吃,11:30,02:00, 
383,和苑(花城大道店),23.1181104,113.3272698,269.0,粤菜,11:30,21:30, 
384,华威达牛庄(黄埔大道西店),23.1273609,113.3432299,49.0,粤菜,07:30,23:30,"湿炒牛河,蚝加牛肠粉,沙茶粿,春卷,蚝仔烙"
385,天成川小馆(珠江新城店),23.1193667,113.3168269,103.0,火锅,10:30,23:00, 
386,速度披萨(环球都会广场店),23.1177892,113.3273089,107.0,西餐,11:00,22:00, 
387,瑠步·和牛涮涮锅专门,23.118406,113.317477,415.0,日本料理,17:30,22:00, 
388,海门鱼仔店(农信店),23.1256898,113.343914,110.0,粤菜,11:00,21:00, 
389,利苑酒家(合景国际金融广场店),23.1165843,113.3218218,285.0,粤菜,11:30,22:00, 
390,比萨玛尚诺(天汇广场店),23.116385,113.332475,103.0,西餐,10:00,22:00, 
391,GODIVA(新鸿基IGC店),23.116321,113.332361,56.0,面包甜点,10:00,22:00, 
392,椰客·海南椰子鸡(天河领展店),23.1235639,113.3443268,111.0,火锅,11:00,21:00, 
393,gaga(天汇igc店),23.115671,113.331241,103.0,西餐,10:00,22:00, 
394,康莱德酒店·Gem玲栊酒廊,23.115492,113.33213,88.0,面包甜点,11:00,21:00,"川式麻婆猪肉酱意面,金枪鱼三文治,巴斯克芝士蛋糕,安格斯肉眼藜麦甘蓝沙拉,吞拿鱼牛油果沙拉,松露奶油意面,映像咖啡拿铁"
395,滴水坊无声素食餐厅,23.1146493,113.3226108,152.0,素食,11:00,21:00, 
396,荣·兄弟船(太阳新天地店),23.122748,113.344648,538.0,日本料理,12:00,22:00, 
397,食方缘·食养中心(五羊别墅店),23.1173068,113.3124087,80.0,素食,09:30,21:00, 
398,鮨玺(珠江新城店),23.114339,113.3287724,2429.0,日本料理,11:30,22:00, 
399,禧悦楼(天德广场店),23.1141771,113.3329603,565.0,火锅,11:30,03:00,"花胶走地鸡,法国红酒鹅肝,炸田鸡,刺身加拿大干蚌,九节虾,海苔响铃"
400,鸟魂·TORITAMASHI(天德广场店),23.113921,113.3330939,567.0,日本料理,18:30,03:00,"紫苏梅肉,老鸽汤,鸽子腿,烤鸡翅,西葫芦明太子,鸡胗"
401,天和割烹料理(珠江新城店),23.118027,113.342507,489.0,日本料理,11:00,22:00, 
402,威水打边炉·港式花胶鸡火锅(淘金店),23.142733,113.2963044,124.0,火锅,11:30,02:00, 
403,庆宫火锅·我们的庆功宴(马场店),23.1157816,113.3430718,147.0,小吃,11:30,24:00, 
404,榕意·川味之美(EASE PARK店),23.1184573,113.3483912,136.0,川菜,11:00,21:00,"榕意藤椒鱼,脆椒炝锅海鲈鱼,葱香椒麻鸡,毛血旺,鸡丝川味凉面,甘梅小番茄"
405,明日家庭料理(珠江新城店),23.1156691,113.3458497,96.0,日本料理,11:00,21:00, 
406,佬麻雀·新湘菜(华港店),23.1338661,113.3582992,101.0,湘菜,11:00,21:00, 
407,The Happy Monk(琶醍店),23.1072938,113.339521,154.0,西餐,16:00,24:00, 
408,大神牛腩(淘金店),23.1398248,113.2885895,72.0,火锅,11:30,22:30, 
409,文艺复兴意大利餐厅·The Renaissance(文立方店),23.1078088,113.3023072,170.0,西餐,11:00,22:00,"炙烤羊排配混合蔬菜开胃菜,牛油果鲜虾沙拉,凯撒沙拉,海鲜意大利管面,香煎鹅肝配奶油面包,黑松露牛肝菌香肠披萨"
410,美山婚礼公园,23.1206614,113.2899887,62.0,咖啡店,13:00,19:00, 
411,MADO冰淇淋咖啡馆(淘金店),23.1370885,113.2855068,86.0,西餐,10:00,24:00,"土豆面包,土耳其MADO传统冰淇淋,米饭布丁,蜂蜜杏仁冰淇淋,蘑菇omelet"
412,麓苑轩蒸汽火锅酒家,23.14102,113.28519,134.0,火锅,11:00,21:30, 
413,星巴克臻选(广州中山3路2号店),23.1268056,113.2865408,43.0,咖啡店,07:00,22:00, 
414,广州德安丽舍凯宾斯基酒店·STUDIO西餐厅,23.1333704,113.2850273,210.0,西餐,11:30,21:00,"低温鸡肉芦笋意面,烧春鸡,牛肉蟹黄塔松露奶油酱,野莓雪芭,焦糖鹅肝佐松露菌拿破仑,秘撕肉南瓜汤"
415,八合里牛肉火锅(建设五马路店),23.133611,113.284417,92.0,火锅,11:00,02:00, 
416,翁暖家宴(滨江东总部),23.1025724,113.3098132,716.0,创意菜,11:00,22:00, 
417,喜炙郎·寿喜锅·烧鸟(天河客运站店),23.1719255,113.3431933,79.0,日本料理,11:00,22:00, 
418,有福气猪肚鸡(梅花园店),23.1760805,113.3213174,80.0,火锅,10:00,02:00, 
419,比萨玛尚诺(保利时光里店),23.136119,113.28156,105.0,西餐,10:00,22:00, 
420,广州花园酒店·锦鲤酒吧,23.1377735,113.2808685,133.0,酒吧/酒馆,07:30,01:00, 
421,喜茶(中华广场店),23.1257838,113.2826791,22.0,面包甜点,10:00,22:00, 
422,博多一幸舍(中华广场店),23.1254654,113.2826172,58.0,日本料理,11:00,21:30, 
423,探鱼·鲜青椒爽麻烤鱼(中华广场店),23.1257725,113.2824908,94.0,川菜,11:00,22:00, 
424,迈姨·潮州菜(麓湖公园店),23.1412286,113.2806715,96.0,粤菜,11:00,21:30,"椒盐九肚鱼,卤水鹅肝,芥兰炒牛肉,蚝烙,姜葱炒花蛤,金不换炒薄壳"
425,聚汇坊椰子鸡·猪肚鸡(鹭江店),23.0990621,113.3083595,99.0,粤菜,11:00,22:30,"蓝莓山药,椰子鸡,三色面"
426,秘密旅行villa(中山三店),23.1276152,113.2804559,84.0,西餐,11:30,23:30, 
427,木屋烧烤(圣地店),23.181918,113.321542,85.0,烧烤,11:00,03:00,"烤湛江生蚝,小黄瓜蘸酱,木屋小串"
428,天成川菜·鲜活川味(海港城江景店),23.113884,113.28268,88.0,川菜,11:00,21:30,"酸菜鱼,天成香辣麻虾,夫妻肺片,水煮牛肉,蒜泥白肉,酸汤肥牛"
429,传记潮发牛肉店(团一大广场店),23.117779,113.278278,85.0,火锅,11:30,01:30, 
430,达扬原味炖品(德政中路店),23.1244392,113.2755509,24.0,面包甜点,11:00,23:30, 
431,喜势滚海鲜火锅(广州首店),23.115496,113.278336,162.0,火锅,11:00,24:00, 
432,COMMUNE幻师(江湾阳光天地店),23.1148968,113.278068,96.0,西餐,11:00,03:00, 
433,壹玄食堂深夜居酒屋(北京路店),23.1236392,113.273641,89.0,日本料理,11:00,22:30, 
434,陈记顺和牛肉火锅(棠德南路店),23.132487,113.379491,88.0,火锅,11:00,02:00, 
435,永无乡旅行餐吧(京溪店),23.1881455,113.3269779,94.0,西餐,10:30,02:30, 
436,海底捞火锅(北京路店),23.1254878,113.2692313,119.0,火锅,10:00,07:00, 
437,雅韵轩·素菜(越秀公园店),23.137702,113.267462,395.0,素食,11:00,21:30, 
438,木屋烧烤(棠下店),23.124901,113.38108,84.0,烧烤,11:00,04:00, 
439,楽·Nocturne(北京路店),23.121724,113.269834,112.0,粤菜,11:30,22:00, 
440,HOTISLAND海鸡岛·韩国料理(北京路店),23.1216101,113.2696135,81.0,韩国料理,11:30,21:30, 
441,巷子烤肉(科新路店),23.1228125,113.3810288,79.0,韩国料理,17:00,22:00, 
442,御前十七(北京路天河城店),23.1197947,113.270117,98.0,日本料理,11:30,21:30,"千层玉子烧,御前卷,芝士鳗鱼卷,鹅肝寿司,三文鱼寿司,厚烧鳗鱼寿司,甜虾寿司,鸡扒拉面,香芒蟹柳寿司,寿司船"
443,Dream High梦想舍·烘焙咖啡馆(草芳围店),23.1112963,113.2738852,47.0,咖啡店,11:00,20:00, 
444,ABC·首创分段式石烧牛扒(北京路店),23.1201786,113.2695924,99.0,西餐,11:30,21:00, 
445,广州沿江中路天字码头亚朵S酒店·餐厅,23.11524,113.27143,224.0,西餐,10:00,23:00,"烟熏鸭胸蜜桃沙律,蘑菇忌廉汤,坑烧牛板腱,提拉米苏,芝士蛋糕,香甜玉米奶油浓汤"
446,顺得来(中山五路店),23.126331,113.2666202,94.0,粤菜,11:00,21:00,"鬼马捞鱼皮,鱼肠煎蛋,煎焗鱼腩,豉汁蒸鱼腩,脆肉皖鱼"
447,探鱼·鲜青椒爽麻烤鱼(五月花广场店),23.1253648,113.2666122,86.0,川菜,11:00,22:00, 
448,誉约小馆·无骨海南鸡(北京路店),23.1207666,113.2656733,63.0,东南亚菜,11:00,21:00, 
449,anchorage豆匠咖啡,23.1300984,113.2630435,38.0,咖啡店,09:00,20:00, 
450,老广味糕点店,23.1026173,113.275086,23.0,小吃,15:30,18:00, 
451,霞女美食店,23.1109578,113.2689097,21.0,粤菜,11:00,20:30,"五柳炸蛋饭,滑蛋牛肉饭,鲜菇牛肉饭,鱼香茄子饭,豆腐火腩饭,咖喱鸡扒饭"
452,必胜客(同和店PH店),23.196109,113.325888,110.0,西餐,10:00,22:00, 
453,明华饼店,23.1183863,113.264573,26.0,面包甜点,07:00,23:00,"蛋挞,椰挞,鸡仔饼,老婆饼,蛋黄酥,肉松蛋糕"
454,银灯食府,23.115984,113.265383,64.0,粤菜,07:30,23:30, 
455,乐凯撒披萨(万国广场店),23.1023122,113.273574,60.0,西餐,10:00,22:00, 
456,甜甜屋(解放中路店),23.1224989,113.2621352,52.0,粤菜,11:30,21:00,"咸蛋黄炒小瓜,酱爆生肠,豉汁蒸钳鱼,美味鱿鱼筒,牛肉滑蛋,招牌白切鸡"
457,西贝莜面村(万国广场店),23.1016485,113.2727042,83.0,西北菜,10:30,21:30, 
458,探鱼·鲜青椒爽麻烤鱼(万国广场店),23.1014505,113.2727932,90.0,川菜,11:00,21:30, 
459,广州中国大酒店·四季中国(流花路店),23.1398433,113.2596795,159.0,粤菜,08:00,22:00,"广式片皮鸭(二食),芙蓉贵妃浸时蔬 ,叉烧酥,冰花咕噜肉,茶香烟熏太爷鸡 ,金鼎鲍鱼酥,火焰叉烧皇,玫瑰火焰虾,砂锅松露鲍鱼饭,文火焖牛肋肉 "
460,36 SML,23.126309,113.259829,34.0,咖啡店,10:30,18:30, 
461,花和尚·湘西小串烧烤(江南西店),23.0950991,113.2751867,88.0,烧烤,17:30,01:00, 
462,金成潮菜博物馆(新滘店),23.0786628,113.347945,251.0,粤菜,11:00,22:00,"金成一品工夫汤,澄海老鹅头（五年）,卤水特级粉鹅肝,潮州冻红蟹,原只卤水鹅掌,普宁炒咸面线,海鲜蚝仔烙"
463,南京大牌档(富力海珠城店),23.0953319,113.2742417,65.0,江浙菜,11:00,21:30, 
464,鮨·木々omakase日本料理(富力海珠城A区店),23.0957637,113.2737526,362.0,日本料理,12:00,21:30, 
465,木屋烧烤(昌岗店),23.091259,113.278183,79.0,烧烤,11:00,03:00, 
466,广州保利悦雅酒店·悦食餐厅,23.103392,113.383196,57.0,西餐,06:30,22:00, 
