id,name,lat,lon,price,cuisine,opentime,endtime,recommendedfood
0,苏州金鸡湖托尼洛·兰博基尼书苑酒店·苏面坊,31.3205644,120.6824666,168.0,小吃,07:30,21:00,"蟹至尊,招牌三虾面,松鼠桂鱼面,秃黄油面,蟹粉虾仁面,蟹粉小笼,桂花鸡头米"
1,苏州香格里拉大酒店·香宫,31.2925698,120.5587863,231.0,江浙菜,11:30,21:00,"碧螺春虾仁,鱼汤小刀面,姑苏三虾狮子头,桂花鸡头米,鸡头米手剥虾仁,冰醉六月黄,松鼠桂鱼,苏式三虾拌面"
2,得月楼(观前店),31.3103672,120.6254894,153.0,江浙菜,10:30,21:00,"松鼠桂鱼,枣泥拉糕,得月童鸡,清炒虾仁,蟹粉豆腐,响油鳝糊"
3,苏州W酒店·苏滟中餐厅,31.3137961,120.6795015,450.0,江浙菜,11:30,21:30,"云上东坡醉千层,江南鲍鱼红烧肉,烤鸭"
4,苏州凯悦酒店·华池88中餐厅,31.3236925,120.7134433,438.0,江浙菜,11:00,22:00,"老北京果木烤鸭,醉江南炆火牛肉,天目湖鱼头皇,碧螺春手剥河虾仁,椒盐鸭骨架,石锅响油鳝糊"
5,苏州柏悦酒店·西洲轩,31.3137271,120.7188496,520.0,江浙菜,06:30,21:30, 
6,裕面堂·精品苏式面馆(石路店),31.3127907,120.6057527,128.0,小吃,08:00,20:00, 
7,孙盛兴奥灶面馆(山塘街店),31.3150572,120.6038128,57.0,小吃,08:00,22:00,"传统奥灶面,招牌奥灶鸭,爆鱼面,爆鳝,蟹粉面,熏鱼"
8,新聚丰菜馆(太监弄店),31.3104895,120.6261014,192.0,江浙菜,11:00,20:30,"清炒虾仁,响油鳝丝,松鼠桂鱼,樱桃汁肉,蟹粉豆腐,枣泥拉糕"
9,伴园私房菜(平江路总店),31.3208081,120.6332861,255.0,江浙菜,11:30,21:30,"香煎玫瑰鱼,南瓜小丸子,小米海参粥,苏帮手剥虾仁,糖醋排骨,凉拌冰草,冰草色拉,酱汁肉,炒空心菜,炒蘑菇"
10,江南雅厨(李公堤店),31.2987243,120.6943041,266.0,江浙菜,11:00,20:30,"招牌红烧牛小排,松露炙烤酱方,黑松露鲍菌菇,清溜虾仁,响油鳝糊配薄饼,园林里的白玉方糕"
11,苏州书香府邸平江府·木香中餐厅,31.3194472,120.633166,125.0,江浙菜,11:00,20:00,"松鼠桂鱼,响油鳝糊,苏州酱鸭"
12,苏城家宴(李公堤店),31.3022428,120.6889141,187.0,江浙菜,11:00,21:00, 
13,苏州南园宾馆·SOO荷1929,31.2976512,120.6315742,211.0,江浙菜,11:30,21:00,"佛跳墙,清炒手剥虾仁,响油鳝糊,油爆河虾,松鼠桂鱼,青菜烂糊面"
14,吴记小园楼(西北街店),31.3216184,120.6235644,89.0,江浙菜,10:00,21:00,"松鼠桂鱼,响油鳝糊,蛋黄锅巴,清炒虾仁,桂香甜藕,毛蟹年糕,面巾煲"
15,哑巴生煎(临顿路店),31.3150866,120.6284369,22.0,小吃,07:00,19:00,"素馅生煎,豆腐花,肉粽子,泡泡小馄饨,茉莉头汤,牛肉粉丝汤"
16,鮨 龍月,31.3149188,120.6691663,967.0,日本料理,11:00,20:30,"鹅肝寿司,牡丹虾,和牛海胆寿司,星鳗寿司,鲍鱼寿司,茶碗蒸"
17,量子制造·元(李公堤店),31.3024037,120.6945805,500.0,创意菜,11:30,21:00,"牛脸肉,草莓鹅肝慕斯,创意刺身,M9澳洲纯血黑和牛,大葱慕斯海参,黑松露波士顿龙虾炒饭"
18,苏州太湖万丽酒店·万丽轩中餐厅,31.2204769,120.3927962,353.0,江浙菜,11:00,21:30,"黑松露布袋豆腐,松鼠桂鱼,樱桃鹅肝,响油鳝糊,万丽流沙包,酱油炒饭"
19,苏州新城花园丽呈华廷酒店·味道苏州中餐厅,31.2939358,120.5719916,131.0,江浙菜,11:00,20:30,"奥灶面,卤鸭,爆鱼"
20,裕兴记(演艺中心店),31.3091684,120.6060745,100.0,小吃,06:30,20:30,"枫镇大肉,蟹粉虾仁面,什锦两面黄,酱爆猪肝,开洋葱油拌面,生炒鳝背"
21,山塘书香府邸·陶然轩,31.3168295,120.6031647,160.0,江浙菜,11:30,20:00,"清炒虾仁,苏式熏鱼,松鼠桂鱼,红烧河鳗,秘制红烧肉,太极白玉羹"
22,鹤园苏帮菜(平江路店),31.320494,120.6323241,101.0,江浙菜,08:00,20:00,"松鼠桂鱼,老苏州白什盘,桂花糖芋艿,新鲜现剥鸡头米,葱油拌面,响油鳝糊,糖油山芋,鸡汤小馄饨,白糖莲心粥,一品馄饨"
23,成善·红火锅料理,31.3018716,120.6846197,816.0,火锅,11:00,21:30,"法国吉拉多生蚝,黑毛肚,雪花牛肉,斑节虾,墨鱼滑,自家炸腐皮"
24,金海华·苏SHOW(李公堤旗舰店),31.3023105,120.6930668,464.0,创意菜,11:00,20:30,"匠心虾仁,火山岩烧霜降牛小排,陈酿花雕冰醉六月黄,红桂鸡头米,椰盅官燕杏仁露"
25,苏州洲际酒店·里瓦地中海扒房,31.3195103,120.7099883,958.0,西餐,11:30,21:30, 
26,西园寺素食(留园路店),31.314392,120.5871796,19.0,素食,07:00,15:00, 
27,鑫震源·苏式大虾生煎(山塘街店),31.3150289,120.6034431,31.0,小吃,07:00,22:30,"松茸净素,桂花豆沙小圆子,虾仁馄饨,牛肉粉丝汤,老卤酱鸡爪,松子枣泥拉糕"
28,同得兴(十全街店),31.2989179,120.6317766,69.0,小吃,07:00,13:00,"葱油香菇,糖醋面筋,黄金大排,苏式爆鱼,酱爆猪肝,雪菜毛豆"
29,蟹叁寳·蟹黄捞饭(苏州拙政园店),31.3204929,120.6278977,108.0,创意菜,10:30,21:00,"蟹黄金捞饭,蟹黄金捞面,蟹黄鸡汁面,酱香鸡爪,蟹粉春卷,上汤娃娃菜"
30,平江桃花源记(平江1店),31.3145852,120.6340612,43.0,江浙菜,10:00,21:00,"赤豆糊糖粥,面拖大排骨,溏心鸡头米,八仙鸡汤馄饨,手抓酱猪手,老平江熟醉蟹"
31,听香堂私家菜(平江路店),31.3234251,120.6324489,144.0,江浙菜,12:00,20:30,"蟹粉年糕,手抄虾仁,油爆虾,响油鳝糊,腌笃鲜汤,糖莲藕"
32,洋洋中餐馆(信投店),31.3167505,120.6700245,147.0,江浙菜,11:00,21:00,"松鼠桂鱼,北京烤鸭,石头烤牛肉,清炒河虾仁,外婆红烧肉,蚌肉金花菜"
33,苏州洲际酒店·金海华·悦食东方,31.3193022,120.7102171,684.0,粤菜,11:00,21:00,"橙粒冰鹅肝,澳洲和牛两面黄,白牛肝菌炒澳洲牛小排,杏仁白花胶,老鸭汤"
34,大蔬无界(诚品店),31.3209854,120.7103678,242.0,素食,11:00,22:00,"满城尽带黄金甲,卷珠帘,彩虹,炸腐衣豆排,耦合,巴蜀夫妻,接地气,黄咖喱,照烧杏鲍菇,糙米饭"
35,鼎膳·匠宴(高铁新城店),31.4174823,120.6432187,597.0,江浙菜,11:00,20:30,"苏式方肉,茉莉花鸽蛋冬瓜盅,苏式盐水老鹅头,茅台吊烧雪花牛肉,苏式红汤面,桂花鸡头米酸奶,茅台水晶肉"
36,苏州希尔顿酒店-BACIO意大利餐厅,31.324083,120.7341969,387.0,西餐,17:00,21:30,"战斧牛排,意大利帕尔玛火腿,进口生蚝,黑松露奶油蘑菇汤,巧克力火焰蛋糕,自制手工意面"
37,杜三珍(石路直营总店),31.3147759,120.6039819,58.0,小吃,07:30,18:00,"五香小肉,酱鸭,三珍酱肉,卤味鸡爪,酱汁肉,五香牛腱"
38,美味斋(西北街店),31.3217802,120.6243834,22.0,小吃,06:00,13:30,"炒肉焖肉面,油焖爆鳝面,辣酱面,爆鳝虾仁面,爆鱼焖肉面,素什锦"
39,伟记奥面馆(白塔东路店),31.3185739,120.6301358,24.0,小吃,06:00,19:00,"牛肉香菇面,大排香菇面,面筋面,爆鱼焖肉面,特色卤鸭面,奥香爆鳝面"
40,L'Arôme芳芳法国餐厅(苏州中心店),31.3153861,120.6789768,485.0,西餐,11:30,21:30,"惠林顿牛排,印象派睡莲扇贝,香煎法国热鹅肝,鹅肝牛排饭,凯撒色拉,招牌拿破仑千层酥"
41,洪禧楼·老广东海鲜酒楼(苏州中心店),31.3196625,120.6780397,151.0,粤菜,11:00,21:00,"酥皮牛奶包,广式黑椒骨,金汤花胶鸡,脆皮虾肠粉,蜜汁肥火叉烧"
42,凌轩阁·苏浙菜(李公堤店),31.3023246,120.6908857,237.0,江浙菜,10:00,22:00, 
43,龙鲜会·澳门生鲜火锅(诚品店),31.3207524,120.7091329,204.0,火锅,11:00,22:00,"食神招牌花胶鸡,澳洲和牛小排,斑节虾,炸响铃,王中王腐皮,食神炒饭"
44,小欢喜(南新路店),31.3114893,120.6059726,81.0,江浙菜,10:00,21:00,"香酥鸭,清溜虾仁,响油鳝糊,酒香金花菜,椒盐排条,炸猪排"
45,朱新年点心店,31.3206462,120.5984926,16.0,小吃,06:00,17:00,"芝麻汤团,传统小馄饨,鲜肉汤团,香菇面筋,焖肉,花生团圆"
46,乐惠馄饨店(吴趋坊店),31.3106188,120.6109839,12.0,小吃,06:00,18:00,"泡泡小馄饨,鲜肉汤团,鲜肉大馄饨,芝麻汤圆,茶叶蛋,豆沙汤圆,荠菜大馄饨"
47,明月楼·糕团店(三元坊店),31.2974656,120.6201225,36.0,面包甜点,06:00,18:00,"南瓜拉糕,薄荷糕团,松花团,玫瑰猪油松糕,炒肉团,青团"
48,老石头面馆,31.3038985,120.62106,24.0,小吃,06:30,19:30,"椒盐排条,荷包蛋面,素交面,炸猪排,虾仁面,焖肉面"
49,绣园苏式火锅(大洋百货总店),31.3085901,120.6216737,121.0,火锅,11:00,22:00,"鲜嫩毛肚,蝉翼豆腐皮,芝士鱼丸,虾滑,苏式自制酒腊肠,进口v型蟹肉棒"
50,松鹤面馆(观前店),31.3105408,120.6259033,70.0,小吃,07:30,20:30,"红汤面,古法焖肉,蛋汁大排,姑苏卤鸭,现炒鳝糊,蟹粉汤包"
51,东吴苏锦记绿豆汤(宫巷店),31.3087161,120.6267547,17.0,面包甜点,10:00,21:00,"招牌冰镇绿豆汤,桂花芋儿,桂花赤豆小圆子,糖水鸡头米,现烤大鸡排,桂花糯米凉糕"
52,阿福砂锅煲(步行街店),31.3117647,120.6272199,28.0,快餐简餐,09:00,21:00,"秘制大排粉丝砂锅,招牌牛肉砂锅,咸肉菜饭,苏州传统鸭血粉丝砂锅,里脊肉,蛋汁椒盐大排"
53,阿成饭店(凤凰街店),31.3005325,120.6326097,86.0,江浙菜,10:30,21:00,"酱油虾,响油鳝糊,外婆红烧肉,沸腾鱼,糖醋排骨,清炒虾仁"
54,豆壳(平江路店),31.3206987,120.6319417,126.0,创意菜,11:00,21:00,"芝士海鲜焗海螺,安格斯烧焗牛肋骨,泰式脆米海虾球,金雕话梅醉河虾,酸菜牛腩炖豆腐,梅子酱烤南瓜"
55,香雪海饭店中餐厅(东环店),31.3031462,120.6526879,122.0,江浙菜,11:00,20:30,"老苏州熏鱼,竹网烤鲈鱼,东坡肉,烤兔腿,鹅血煲,铁板茄子"
56,金鸡湖大酒店金咖啡厅,31.284782,120.713963,257.0,自助餐,06:30,10:30, 
57,戈家坞农家乐饭店,31.3584692,120.466513,84.0,农家菜,11:00,19:30,"清蒸馄饨鸡,韭香一口酥,鸭血小肠,葱油猪蹄,酱油虾,金花菜蚌肉"
58,老庆泰大酒店·藏书羊肉(穹窿路店),31.2752639,120.4460171,116.0,江浙菜,08:30,20:30,"红烧羊肉,老庆泰羊肉串,乌米饭,大蒜羊肚,爆炒羊肝,羊杂汤"
59,汤香源面馆,31.3112967,120.6108955,18.0,小吃,06:00,14:00,"大排焖肉素浇面,爆鳝面,猪肝面,雪菜肉丝面,狮子头,面筋面"
60,朱洪元苏式面馆(绿宝广场店),31.3003949,120.5504096,66.0,小吃,09:30,20:00,"生炒鳝背,蟹黄面,炒肉团子,蟹天蟹地,枫镇大肉面,三虾面"
61,姑苏区祥鑫饮食店,31.2984658,120.6279795,21.0,小吃,08:00,19:00,"水果圆子,粽子,素鸡,冰冻绿豆汤,卤鸡爪,咖喱鸡肉卷"
62,姑苏家宴精致苏帮菜,31.3106006,120.6280727,95.0,江浙菜,10:30,22:30, 
63,万泰兴·苏式面馆(十全街店),31.29872,120.6304084,77.0,小吃,08:00,20:00,"三虾面,香菇面筋,雪菜毛豆,蟹粉虾仁面,焖肉,蟹粉面"
64,蛮好阁包子铺(旧学前店),31.3140964,120.6283679,15.0,小吃,05:30,20:30,"钳花猪油豆沙包子,花卷,肉粽,胡萝卜皮净素包子,绿豆汤,鲜肉包子"
65,笃笃笃糖粥(十全街店),31.299022,120.632892,13.0,小吃,10:00,21:00,"桂花糖芋艿,椰汁鲜奶西米露,紫薯红豆圆子,咸蛋糍饭团,鸡爪,桂花酒酿鸡头米"
66,老客满蛋饼,31.3065191,120.635567,11.0,小吃,06:00,20:00,"韭菜蛋饼,葱油蛋饼,豆腐花,豆浆"
67,百盛·鼎膳(中海财富中心),31.315516,120.6732267,389.0,江浙菜,11:00,20:30,"樱桃鹅肝,三门蟹,招牌脆皮乳鸽,江南鲍鱼红烧肉,海胆老豆腐,芥末虾球"
68,新梅华餐厅(星悦汇店),31.3194161,120.6781333,114.0,江浙菜,10:00,20:30,"松鼠桂鱼,手撕烧公鸡,清溜虾仁,四喜鱼头汤,海味干捞粉丝,鸭架泡饭"
69,古洋食坊(苏州中心店),31.3181304,120.6785915,119.0,粤菜,11:00,21:00,"爆浆芝士虾饼,咸蛋黄炒基围虾,冰火鸳鸯牛油果,鲍鱼冬菇滑鸡煲,冰火菠萝油,干炒牛河"
70,金粤九号(李公堤店),31.3002467,120.6869085,173.0,粤菜,10:30,21:00, 
71,氚作,31.3244737,120.7163003,788.0,创意菜,11:30,22:00,"低温松阪牛,虹吸壶炖汤,低温三文鱼,氮气冰淇淋,蟹粉菌菇汤,天妇罗炸物,方便面,冰糕"
72,苏州柏悦酒店·悦阁,31.3138786,120.7193476,541.0,西餐,17:00,24:00,"烤澳洲和牛牛腩排,香煎元贝,澳洲黑安格斯牛肉塔塔,安格斯纽约西冷,香煎蟹饼,松露薯条"
73,和顺羊肉馆(藏书镇店),31.2757714,120.4506122,103.0,江浙菜,09:30,20:30,"红烧羊排骨,羊肉锅仔,羊糕,羊肉蒸饺,羊肉串,大蒜炒羊肚"
74,苏州香格里拉大酒店·西村日本料理,31.292353,120.55873,281.0,日本料理,11:30,21:30,"北极贝,甜虾,西京酱烤银鳕鱼,三文鱼,鳗鱼,蒲叶麦粒东星斑,寿司拼盘,什锦海鲜天妇罗,西村色拉,法式煎鹅肝红酒酱"
75,五德居,31.3151094,120.6064753,33.0,江浙菜,07:00,18:00,"白斩鸡,虾仁狮子头,鸡肝"
76,珍珠饭店,31.309916,120.6257446,94.0,江浙菜,10:30,21:00,"酸菜鱼,椒盐排条,葱油拌面,清炒河虾仁,响油鳝糊,咕咾肉,木桶肥牛,家常豆腐,莼菜银鱼羹,清炒虾仁"
77,苏虞斋面馆,31.3623505,120.6381413,50.0,小吃,06:30,14:00,"奥油红汤三丁面,三虾面,炒腰花,葱油拌面,枫镇大肉"
78,老阊门菜馆(山塘街店),31.3155543,120.605028,134.0,江浙菜,11:00,21:00,"清炒虾仁,响油鳝糊,蟹粉豆腐,苏帮白什盘,松鼠桂鱼,蜜汁糖莲藕"
79,PIER46 A NEIBOURHOOD CAFÉ,31.2957329,120.5565108,378.0,西餐,06:30,21:30,"战斧牛排,谷饲西冷牛排,柚子蛋糕"
80,马栋佩烧卖(广济路店),31.3189385,120.6026281,14.0,小吃,07:00,16:00,"糯米烧卖,蛋黄烧麦,蟹壳黄"
81,老王蛋饼(书院巷店),31.297533,120.6205039,10.0,小吃,06:00,19:00,"韭菜鸡蛋夹心饼,葱花鸡蛋夹心饼,油酥蛋饼加葱花,蛋饼里脊"
82,红楼果汁铺(十全街店),31.2988766,120.6299715,34.0,面包甜点,10:30,21:00,"蜜桃刨冰,百香果刨冰,椒盐芋泥牛奶,糖心烤红薯,草莓奶油刨冰,冰淇淋红薯"
83,陆稿荐观前街店,31.3118092,120.6294339,58.0,江浙菜,08:30,18:00,"苏式熏鱼,苏州酱鸭,油炸小鱼,鸡爪,酱汁肉,五香兔腿"
84,协和菜馆(凤凰街店),31.2994885,120.6323913,102.0,江浙菜,10:30,21:00,"响油鳝糊,清炒河虾仁,松鼠桂鱼,协和蜜汁酱方,苏式酱鸭,清蒸白鱼,葱油拌面"
85,永荣肥肠鸡(石路店),31.3061648,120.6051033,114.0,川菜,10:00,22:00, 
86,荣阳楼(山塘街店),31.3203849,120.59878,15.0,小吃,06:00,17:30,"焖肉面,荠菜馄饨,油氽团子,双馅团子,鲜肉小馄饨,糍毛团"
87,万福兴(东中市店),31.3170936,120.6195479,25.0,小吃,05:00,19:00,"猪油年糕,粢毛团,炒肉面,炒肉团子,八宝饭,青团子"
88,松鹤楼(观前街店),31.3107042,120.6257101,172.0,江浙菜,11:00,20:30,"松鼠桂鱼,清炒河虾仁,淮扬狮子头,苏式卤鸭,响油鳝糊,蟹粉豆腐,苏式枣泥拉糕,狮子头,银鱼莼菜汤,油爆虾"
89,鱼食饭稻—江浙土菜(平江路店),31.3127021,120.6341987,98.0,江浙菜,11:00,20:00, 
90,吴门人家(狮子林店),31.3217071,120.6298162,99.0,江浙菜,11:00,20:00,"樱桃肉,响油鳝糊,糟溜鱼片,本帮香酥鸭,松鼠桂鱼,手剥虾仁"
91,凯悦酒店·裕兴记(凯悦店),31.324076,120.713643,118.0,小吃,07:00,14:30,"三虾面,虾仁蟹粉面,蟹粉小笼"
92,诸葛蟹园·阳澄湖农家菜·精品蟹宴(阳澄湖莲花岛店),31.4830603,120.8173696,174.0,江浙菜,09:00,21:00, 
93,楼外楼·老饭店(周庄景区内店),31.1136593,120.8497882,59.0,江浙菜,10:00,21:00, 
94,胥城奥灶面·面之府(胥城店),31.2980844,120.5989442,86.0,小吃,11:00,21:00,"八宝狮子头,熏鱼,苏式酱鸭,虾籽葱油拌面,响油鳝糊,松鼠桂鱼,八宝粥"
95,苏州新城花园酒店·莱茵咖啡厅,31.293848,120.57176,131.0,西餐,11:30,21:00, 
96,苏州香雪海饭店·中餐厅(胥江路店),31.2888233,120.6061715,148.0,江浙菜,11:00,20:30, 
97,潘记藏书羊肉老店(山塘街店),31.3150773,120.6032363,64.0,江浙菜,07:30,02:00,"羊肉锅仔,白切羊肉,红烧羊排,大蒜炒羊肚,羊肉汤,羊肉面"
98,苏州吴宫泛太平洋酒店·海天楼中餐厅,31.290415,120.617043,166.0,本帮菜,11:00,21:00,"苏式酱鸭,松鼠桂鱼,响油鳝糊,苏式熏鱼,清炒河虾仁,淮阳蟹粉狮子头"
99,香雪海饭店(玉山店),31.2881461,120.5540779,128.0,江浙菜,10:00,20:30, 
100,同得兴·传统苏式面馆(嘉馀坊店),31.3079092,120.6211492,39.0,快餐简餐,07:00,13:00,"卤鸭面,醉鱼浇头,猪肝面,酸梅汤,素鸡,大排面,红汤面,鳝糊面,焖蹄面,爆鱼"
101,吴盛兴绉纱汤包馆(北寺塔店),31.3209641,120.6204282,23.0,小吃,06:00,19:30,"虾肉馄饨,特色绉纱汤包,绿豆汤,鸭血粉丝汤,虾仁生煎,雪菜肉丝面"
102,鸡脚旮旯平江路店,31.3116198,120.6345501,23.0,小吃,09:00,22:30,"招牌卤鸡脚,猪脚,鸭舌,麻辣鸭脖,桂花藕粉,鸭肠"
103,Buffy小黄鸭茶楼(苏州中心店),31.3183863,120.6776173,89.0,粤菜,11:00,21:00, 
104,苏州中茵皇冠假日酒店·香茗舫(Fragrance),31.3220013,120.6820516,166.0,咖啡店,08:00,00:00, 
105,苏州中茵皇冠假日酒店·圣汐西餐厅,31.3220286,120.6828308,302.0,自助餐,06:00,21:00, 
106,苏州金鸡湖凯宾斯基大酒店·望湖阁中餐厅(国宾路店),31.2826463,120.7063496,220.0,江浙菜,11:00,21:00,"金牌扣卤肉,松鼠桂鱼,至尊烤牛排,清蒸龙虾,文火小牛肉,荷韵原浆芡实虾,山楂鹅肝,沙律明虾球,翅汤娃娃菜,三文鱼"
107,苏州希尔顿酒店·OPEN全日制餐厅,31.324295,120.735201,224.0,自助餐,06:30,21:30, 
108,呼吸森林(临湖店),31.1260407,120.4385131,69.0,咖啡店,10:00,18:00, 
109,苏州美味之家农家乐·餐厅,31.1039069,120.3866827,94.0,农家菜,10:30,20:30,"每桌必点红汤桂鱼,极品文火牛肉,自制猪油糕,小竹鸡,蕈油鸡"
110,邓仙蟹舫·阳澄湖农家菜,31.4401939,120.8543334,181.0,江浙菜,08:00,22:00, 
111,烟雨人家特色农家菜(周庄店),31.115314,120.851397,67.0,江浙菜,09:00,21:00, 
112,苏州世豪国际大酒店·Blue Tree Cafe 蓝之树,31.2941806,120.5650449,157.0,西餐,10:00,22:00, 
113,吴记小园楼(西园路店),31.3151704,120.5726547,84.0,江浙菜,10:30,21:00, 
114,山塘渡·漂浮的园林餐厅,31.3154839,120.6040262,147.0,江浙菜,11:30,21:00, 
115,苏州欣得酒店·苏小馆餐厅,31.322271,120.581021,88.0,江浙菜,11:00,20:30, 
116,苏枕河精致苏帮菜 熟醉蟹 松鼠桂鱼(山塘街店),31.3154149,120.6067226,88.0,江浙菜,09:00,22:30, 
117,陈记馄饨(吴趋坊店),31.311664,120.6108373,11.0,小吃,06:30,20:00,"油炸馄饨,鲜肉汤圆,芝麻汤圆,风扇凉面,热拌鲜肉馄饨,泡泡小馄饨"
118,SUNPATIO Cafe & Bar阳苔花园餐吧,31.29173,120.551224,138.0,东南亚菜,11:00,21:00,"冬阴功汤,墨西哥牛肉饼,泰式虾饼,脆皮烧鸡,碳烤澳洲谷饲菲力牛排,蜜汁叉烧配生菜,金牌乳鸽,覆盆子巧克力芝士蛋糕,卡布基诺,桂花小麦"
119,苏州日航酒店·桃李中餐厅,31.294844,120.549965,170.0,自助餐,11:30,21:30, 
120,苏地人家·蟹宴苏州菜·松鼠桂鱼(观前店),31.3107092,120.6263559,110.0,江浙菜,11:00,21:30, 
121,南园宾馆·宴杨楼·苏式面馆,31.298693,120.630665,44.0,小吃,06:30,13:30,"三虾面,传统酱鸭,清炒虾仁,焖肉,糟溜鱼片,玫瑰拉糕"
122,长发西饼(临顿路店),31.3129819,120.6296965,20.0,面包甜点,07:30,21:00,"肉松面包,长发肉月饼,玫瑰酒酿饼,香菇净素月饼,蛋黄肉松月饼,现烤蝴蝶酥"
123,随柳居(建新巷店),31.3095296,120.6319575,18.0,快餐简餐,08:00,21:00,"猪油年糕春卷,卤鸡爪,桂花赤豆糊,荠菜大馄饨,泡泡小馄饨,冰冻牛奶酒酿"
124,苏州太太精致苏帮菜·松鼠桂鱼·熟醉蟹(平江路店),31.3181571,120.6293501,88.0,江浙菜,09:00,22:00, 
125,五卅酒家,31.2992026,120.6358946,96.0,江浙菜,10:30,20:30,"水煮腰花,酱油虾,面托蟹,鳝糊,糟溜鱼片,荠菜虾仁豆腐羹"
126,苏苑饭店中餐厅,31.273544,120.628624,99.0,江浙菜,09:30,21:00, 
127,抱石•中餐厅正宗苏帮菜•松鼠桂鱼(拙政园店),31.3234051,120.6323669,64.0,江浙菜,09:30,20:30, 
128,赵天禄(葑门横街店),31.298619,120.6457524,16.0,小吃,07:00,18:00,"鲜肉团子,五香小肉,香酥鸡,奥尔良鸡腿,蛋汁大排,鲜肉月饼"
129,黄富兴糕团店,31.2988268,120.6476304,22.0,面包甜点,06:00,17:00, 
130,七欣天品蟹轩(苏州相城VIP总店),31.357313,120.64127,131.0,火锅,09:00,03:00, 
131,W酒店·标帜餐厅The Kitchen Table,31.313561,120.679592,312.0,自助餐,17:30,21:30, 
132,苏州W酒店·WOOBAR酒吧,31.3135806,120.6795971,162.0,酒吧/酒馆,11:30,23:30, 
133,苏州中茵皇冠假日酒店·鲍鱼王子(星港街店),31.3219088,120.6820203,270.0,粤菜,11:00,21:00, 
134,OMBRA湖影,31.3029509,120.6875732,551.0,西餐,11:00,21:30, 
135,苏州洲际酒店·绣中餐厅(旺墩路店),31.3196129,120.7106829,299.0,江浙菜,11:30,21:30,"蜜汁叉烧,脆皮乳鸽,手撕盐焗鸡,苏帮松鼠鱼,茉莉花香熏鱼柳,避风塘虾饺"
136,姜虎东白丁烤肉(久光店),31.319668,120.714294,137.0,韩国料理,11:00,20:00, 
137,凯悦酒店·咖啡厅,31.324059,120.713587,246.0,自助餐,06:30,10:00, 
138,玛苏牛排(久光必选店),31.3201352,120.7154898,362.0,西餐,11:00,21:00, 
139,苏州园区香格里拉大酒店·熙苑Shang Garden,31.32439,120.715553,306.0,江浙菜,11:30,21:00, 
140,苏州尼依格罗酒店·BAR·115,31.3222102,120.7169191,210.0,酒吧/酒馆,17:30,01:00,"七味盐豆腐,川式辣鱿鱼,酷乐"
141,苏州尼依格罗酒店·悦廊The Tea Lounge,31.322465,120.717341,297.0, ,10:00,22:00,"尼依格罗鱼子酱,生蚝,拿铁,芝士蛋糕,招牌提拉米苏"
142,苏州希尔顿酒店·御玺中餐厅,31.3242109,120.7353709,320.0,粤菜,11:00,21:00, 
143,同里湖度假村同味阁,31.156326,120.727766,110.0,江浙菜,11:30,21:00, 
144,昆山阳澄湖费尔蒙酒店·颐丰阁中餐厅,31.387262,120.835884,233.0,江浙菜,11:00,22:00, 
145,水月周庄铂尔曼酒店 · 漾全日餐厅,31.124015,120.855531,156.0,西餐,06:30,22:00, 
146,金色三麦精酿啤酒餐厅(新区金河店),31.2935032,120.5688869,187.0,西餐,16:00,24:00,"德国猪脚,凯撒沙拉,精酿蜂蜜啤酒,棒棒酥炸椒麻鸡,西班牙海鲜烩饭,虾饼,有机葡萄塔,海鲜水果沙拉,千叶豆腐,薯条"
147,海底捞火锅(石路天虹店),31.3094794,120.5999125,94.0,火锅,10:00,07:00, 
148,马头巷三店·超声波红油龙虾(学士街店),31.29797,120.60532,131.0,小吃,11:00,21:00, 
149,蓝枪鱼西餐厅(锦华店),31.2947541,120.5641334,115.0,西餐,10:00,02:00, 
150,七欣天品蟹轩(苏州石路店),31.31069,120.60423,131.0,火锅,09:00,03:00, 
151,和创锦日本料理(淮海街店),31.2900591,120.5619814,198.0,日本料理,11:00,22:30, 
152,一炉一会·炉端烧(新区店),31.2892414,120.5620577,584.0,日本料理,11:30,22:30, 
153,和九日本料理(淮海街店),31.2892325,120.5619511,199.0,日本料理,11:00,22:00, 
154,蟹伙计蟹粉世家(山塘街店),31.3152344,120.6031927,81.0,快餐简餐,09:00,21:30, 
155,赵元章肉骨烧(山塘街店),31.3164467,120.603173,24.0,小吃,09:30,22:30,"玉兔腿,状元筒骨,寸金骨,软骨,猪爪,鸡翅根"
156,苏州香格里拉大酒店·大堂吧,31.292334,120.558634,94.0,咖啡店,10:00,23:00,"桃子乌龙,桂花拿铁,橙香美式,燕麦拿铁"
157,松鹤楼(山塘街店),31.3184056,120.6013367,148.0,江浙菜,11:00,20:30, 
158,付小姐在成都(景德路店),31.30999,120.61166,74.0,川菜,11:00,22:00, 
159,苏州日航酒店-全日餐厅(长江路店),31.2947753,120.5497433,173.0,日本料理,06:00,21:30, 
160,小姜锅贴(文化宫店),31.2924883,120.6254744,26.0,小吃,06:30,20:00,"牛肉锅贴,秘制炸猪排,酸辣汤,鲜肉小馄饨,鲜肉锅贴"
161,西大园·苏式私房铜炉火锅(观前总店),31.3081402,120.6255932,117.0,火锅,11:30,22:00,"金针菇,豆腐皮,香嫩肥牛,番茄锅底,米酒,丸类拼盘,牛舌,香港玫瑰酒腊肠"
162,鸿鑫楼·精致苏州菜·松鼠桂鱼(观前街店),31.3133918,120.6235642,40.0,江浙菜,09:00,21:30, 
163,苏州温德姆花园酒店·鼎丰阁中餐厅,31.307549,120.626343,145.0,本帮菜,11:00,21:00, 
164,张飞牛肉(观前街店),31.309977,120.6263681,23.0,小吃,09:30,21:30, 
165,黄天源(观前街店),31.3113744,120.6270124,27.0,小吃,08:00,21:00,"梅花糕,鲜肉月饼,桃仁夹糕,白赤豆糕,花糕,海棠糕"
166,辣府火锅(凤凰街店),31.30172,120.63224,77.0,火锅,10:00,23:30,"辣府鲜毛肚,鲜虾滑,辣府特级肥牛,黄喉,九尺鹅肠,特色烤猪脑,芝士墨鱼丸"
167,鸿鑫楼·松鼠桂鱼·正宗苏帮菜(拙政园西北街店),31.321759,120.6242421,82.0,江浙菜,09:00,21:00, 
168,三多屋日本料理(凤凰街店),31.3070483,120.632235,130.0,日本料理,10:00,21:30, 
169,苏州老字号·苏面斋蟹黄面馆·三虾面(平江路店),31.3181194,120.6288534,74.0,小吃,07:30,20:00, 
170,domybest·创意饭食(狮子林店),31.3202188,120.629151,65.0,创意菜,11:00,20:00, 
171,洋洋中餐馆(十全街店),31.2992177,120.6358439,101.0,江浙菜,09:00,21:00, 
172,王氏林记烧饼(双塔总店),31.3062426,120.6351856,9.0,小吃,05:30,18:00,"葱油定制大饼,粢饭糕,油条,萝卜丝饼,梅干菜猪油大饼,咸豆脑花"
173,荛圃记餐厅(平江华府店),31.315658,120.632241,84.0,江浙菜,11:00,20:30,"青花椒鸡枞菌煎西冷,翡翠佛跳墙,瑶柱肉汁地人参,十年花雕熟醉蟹,泰汁海皇脆,柠檬去骨鸭爪,波龙焗香米饭,虾酱煎白鱼"
174,日昇兴糕团店(明月楼分店),31.3073838,120.6352066,19.0,面包甜点,06:00,18:00, 
175,苏州无二空间设计艺术酒店·咖啡厅,31.298129,120.636465,58.0,面包甜点,08:30,22:00,"榴莲千层,白玉巻,芝士蛋糕,玫瑰千层,无二咖啡,水泥千层"
176,苏州金普顿竹辉酒店·竹趣轩中餐厅,31.2947497,120.6374998,438.0,江浙菜,07:00,21:00,"青柠脆皮小牛排,松鼠桂鱼,竹辉三虾狮子头,松茸绣球豆腐盅,蟹粉狮子头,松露汁金丝大明虾"
177,大渝火锅(吴中万达店),31.2535981,120.6060422,116.0,火锅,10:30,02:00, 
178,大叔家福鼎小吃(十全街店),31.2996228,120.6431353,24.0,小吃,07:00,23:00,"鸡蛋肉丝拌面,海鲜面,目鱼丸,招牌花甲,福鼎肉片,福鼎小笼包"
179,必胜客(吴中万达店),31.25336,120.60859,77.0,西餐,10:00,22:00, 
180,瓦舍茶馆(苏州人民路店),31.3427849,120.6127858,110.0,融合菜,09:00,23:30,"清蒸鲈鱼,咖喱大虾,瓦舍烩菜,茉莉花炒鸡蛋"
181,抓鱼吃(莫邪路店),31.2962086,120.6457015,62.0,火锅,09:00,21:00, 
182,苏逅咖啡·花园餐厅(石湖景区店),31.2479018,120.6018484,70.0,面包甜点,09:30,18:00, 
183,锅爷打边炉·莫邪路店,31.290232,120.6466703,141.0,火锅,11:00,01:00, 
184,外婆家(印象城店),31.3178765,120.6566986,64.0,江浙菜,10:30,21:00, 
185,左庭右院鲜牛肉火锅(苏州印象城店),31.3179318,120.6571545,123.0,火锅,11:00,22:00,"匙皮肉,吊龙,炸腐皮,招牌牛骨清汤锅,特色牛腩鸳鸯锅,黑毛肚,双丸拼盘,雪花,牛百叶,薏米水"
186,尼盛万丽酒店r bar逸庭,31.314181,120.66432,184.0,西餐,09:00,24:00, 
187,七欣天品蟹轩(苏州木渎商城店),31.255364,120.518945,131.0,火锅,09:00,01:00, 
188,BAKER&SPICE(凤凰文化广场店),31.31533,120.6672289,84.0,面包甜点,10:00,19:00, 
189,LENBACH兰巴赫西餐啤酒坊(凤凰文化广场店),31.3153982,120.6676165,150.0,西餐,11:00,01:00,"鲜榨胡萝卜汁,草莓奶油布丁,烤大虾"
190,丰茂烤串(苏悦广场店),31.3154524,120.6689623,117.0,烧烤,11:00,02:00,"烤全茄,烤猪皮,烤鱿鱼,五花肉,越吃越美串,特色筋皮"
191,禅日式火锅,31.311432,120.671041,144.0,火锅,10:00,22:00, 
192,山牛寿喜燒·和牛专門店(星海街店),31.3090162,120.6723524,150.0,日本料理,11:00,23:00, 
193,农乐园炭火烤肉(星海街店),31.3089891,120.6723845,86.0,烧烤,11:00,21:00, 
194,老枫庭·旧时江南苏帮菜·老字号(木渎店),31.2603767,120.5098348,97.0,江浙菜,11:00,20:30, 
195,万怡酒店·万荟轩中餐厅,31.3173837,120.6712781,292.0,本帮菜,10:00,21:00, 
196,独墅湖书香世家酒店·牡丹亭,31.286576,120.675967,92.0,江浙菜,11:00,20:30, 
197,白金汉爵大酒店多功能宴会厅(相城店),31.365819,120.637378,207.0, ,09:00,20:30, 
198,淡气球·高空湖景·下午茶西餐厅(苏州中心店),31.3172192,120.6789003,97.0,咖啡店,11:00,20:30, 
199,馋遇江南·精致东方雅宴(东方之门店),31.3164963,120.6794369,196.0,粤菜,11:00,21:00,"沙田玻璃乳鸽,馋遇虾饺皇,鸡枞菌爆爽肉,文火牛肉,干炒牛河,杏仁饼"
200,美庐公馆(晋合水巷店),31.3053477,120.6823179,329.0,粤菜,11:00,21:00, 
201,战川味时尚主题餐厅(SM广场店),31.2146946,120.592663,61.0,川菜,10:00,21:00, 
202,王品牛排(湖滨店),31.315953,120.682373,413.0,西餐,11:30,21:00, 
203,Anna's Tea Room(马天尼沙龙托尼洛·兰博基尼书苑酒店),31.320467,120.682046,178.0,咖啡店,11:00,18:00, 
204,石家饭店(穹灵路店),31.2560748,120.4987764,144.0,江浙菜,10:30,21:00,"石家酱方,响油鳝糊,松鼠鳜鱼,清炒虾仁,三虾豆腐,鲃肺汤"
205,苏州金鸡湖托尼洛·兰博基尼书苑酒店·MARTINI SALON gin cocktail,31.3205595,120.6824606,171.0,酒吧/酒馆,19:00,02:00, 
206,苏州中茵皇冠假日酒店·艇吧TBoat西餐厅,31.3218081,120.6821741,339.0,西餐,16:00,22:00, 
207,中茵皇冠假日酒店马里亚纳·酒吧,31.321985,120.682295,122.0,酒吧/酒馆,15:00,24:00, 
208,苏州中惠铂尔曼酒店·珍珠咖啡厅,31.3733117,120.6381451,209.0,自助餐,07:00,21:30, 
209,得月楼(李公堤店),31.3026074,120.6930077,181.0,江浙菜,10:30,21:00,"松鼠桂鱼,响油鳝糊,清炒虾仁,枣泥拉糕,蟹粉豆腐,得月小炒,细露蹄筋,鱼肉春卷,油爆虾,糖藕"
210,VELLUTO意大利餐厅(李公堤店),31.298757,120.6970911,377.0,西餐,11:30,22:00, 
211,文博诺富特酒店中餐厅,31.323431,120.704519,171.0,江浙菜,11:00,21:00, 
212,苏州洲际酒店·大堂酒廊,31.3195089,120.7099894,115.0,西餐,08:00,24:00, 
213,瓦城泰国料理(苏州新光天地店),31.323091,120.711352,166.0,东南亚菜,11:30,21:00,"原味月亮虾饼,冬阴功汤,虾酱空心菜,咖喱螃蟹,凤梨海鲜炒饭,柠檬清蒸鱼,嫩烤松坂猪,辣炒牛肉,青木瓜沙律,东阴功汤"
214,西堤厚牛排(圆融店),31.322175,120.714846,152.0,西餐,11:00,21:00, 
215,苏州奥克伍德国际酒店公寓·独墅春天西餐厅,31.261094,120.720528,87.0,自助餐,06:30,21:30, 
216,佳思多食品料理超市(湖东店),31.3157011,120.7354532,67.0,台湾菜,08:00,22:00, 
217,太湖诺富特·食宜餐厅,31.194095,120.488619,105.0,江浙菜,10:00,21:30, 
218,这美咖啡(仁爱路店),31.274901,120.739451,55.0,快餐简餐,09:00,21:00,"凯撒沙拉配鸡肉,辣汁金枪鱼面,意式肉酱面,海鲜面,芝士蘑菇牛肉汉堡"
219,必胜客(湖东华润店),31.314825,120.741244,72.0,西餐,07:30,22:30, 
220,占花学社,31.264869,120.7383905,50.0,咖啡店,11:00,18:30, 
221,蜀香格格·阅蓉(园区永旺店),31.3233263,120.7576599,81.0,川菜,10:30,21:00, 
222,鼎记嘉年华酒店(吴江店),31.1396067,120.5886451,261.0,江浙菜,09:00,20:30, 
223,涵玉晓筑·震泽,31.211333,120.411,645.0,江浙菜,11:00,20:30,"松茸黑蒜炖5A和牛,蜜汁酱排煨大连鲍,菌油三虾热拌面,冰镇洞庭金铃子配碧螺布丁,黑松露塘片炖水蛋,夏令乌米绿豆汤配海棠糕"
224,泊隐·花境,31.2652834,120.3850768,124.0, ,11:00,20:00,"BBQ西班牙猪肋排,花境榴莲烤鸡,冬阴功海鲜汤,泰式菠萝炒饭,你没见过的茄子,凤梨咕咾肉"
225,北疆饭店(吴江店),31.131129,120.644914,71.0, ,10:00,21:00, 
226,音昱水中天·意膳坊市集,31.3863595,120.7904278,121.0,融合菜,11:30,20:30,"新加坡叻沙,新加坡肉骨茶,金汁甘蓝藜麦豆腐,海南鸡饭,咖喱鸡,椰浆饭,咖喱鱼头,龙皇泡饭,白汁焗蘑菇意面,茶香人参果百合"
227,苏州阳澄半岛英迪格酒店·澄16餐厅,31.4213473,120.7876596,284.0,江浙菜,06:30,21:30, 
228,鼎鲜·蟹农渔水·阳澄湖大闸蟹(阳澄湖美人腿店),31.4492459,120.7691415,128.0,农家菜,10:00,22:00, 
229,蟹村草堂·苏式园林人文农家·大闸蟹,31.4455847,120.809202,239.0,江浙菜,10:00,22:00, 
230,外婆印象休闲农庄(东山店),31.0913663,120.4151251,85.0,农家菜,09:00,21:00, 
231,静观涵舍,31.0985226,120.3846916,226.0,江浙菜,10:00,20:00, 
232,欢乐蟹庄·精品农家乐(阳澄湖莲花岛店),31.4816384,120.8175103,176.0,海鲜,09:00,22:00, 
233,天香蟹园·正宗自产自销(阳澄湖莲花岛店),31.4833502,120.8160181,177.0,江浙菜,08:00,22:00, 
234,蟹宝酒楼(阳澄湖店),31.4330668,120.875317,152.0,农家菜,09:00,21:00, 
235,禾悟农·农家私房菜,31.5559782,120.7894266,97.0,农家菜,10:00,21:00, 
236,渝利火锅(昆城广场店),31.3641016,120.9543578,132.0,火锅,10:00,22:00, 
237,必胜客(昆山昆城广场店),31.363537,120.95488,85.0,西餐,10:00,22:00, 
238,苏州六悦庄博物馆酒店·六悦·悦府楼,30.991326,120.721853,119.0,江浙菜,10:00,21:00, 
239,一尺花园(太湖1号店),31.0785836,120.2971452,110.0,西餐,10:00,20:30,"花园炸薯条,西西里肉酱面,花园重芝士披萨,花园秘制烤鸡翅,花园香煎菲力牛排,花园蔬菜鸡肉色拉"
240,必胜客(新福地店),31.642386,120.744339,71.0,西餐,10:30,21:00, 
241,张家港万豪酒店·云蔚中餐厅,31.871008,120.575182,275.0, ,11:00,21:30, 
242,川福楼(三香路店),31.2968439,120.5864801,69.0,川菜,10:00,21:00, 
243,蜀香格格老实人鱼头(三元三村店),31.3051034,120.5756708,64.0,川菜,09:00,21:30, 
244,LIM Café(运河公园店),31.3004475,120.5729798,75.0,咖啡店,10:30,19:30, 
245,胥城大厦·名品坊,31.2983391,120.5992652,42.0,小吃,09:00,18:00,"蟹壳黄,胥城鲜肉月饼,焖肉,苏式酱鸭,油爆虾"
246,大渝火锅(苏州西城永捷店),31.3047347,120.6002065,116.0,火锅,10:00,24:00, 
247,贡鱼烤全鱼(西城永捷店),31.3051877,120.6003402,59.0,川菜,10:30,21:00, 
248,农乐园炭火烤肉(西城永捷店),31.3052758,120.6004343,86.0,韩国料理,11:00,21:00,"农乐园海鲜饼,雪花原味牛五花,雪花调味牛里脊肉,南瓜粥,送土豆泥,石锅拌饭,腌螃蟹,炒粉丝,韭菜饼,烤五花肉"
249,府城台湾风味料理(新区店),31.2930596,120.5687601,73.0,台湾菜,10:30,21:30, 
250,红不让(天虹店),31.3093642,120.5984024,55.0,快餐简餐,10:00,22:00, 
251,新石器烤肉(天虹店),31.3091842,120.5987594,83.0,烧烤,10:00,22:00, 
252,烧江南烤肉(石路天虹店),31.3094394,120.5990136,87.0,烧烤,11:00,21:00,"酱烧猪五花,椒盐基围虾,日式牛肉饭,原味牛五花,日式焗蟹宝,菌菇拼盘"
253,必胜客(汇豪店),31.294355,120.567542,63.0,西餐,07:00,22:00, 
254,胖哥俩肉蟹煲(石路天虹商场店),31.309357,120.599527,84.0,海鲜,10:30,21:30, 
255,九田家黑牛烤肉料理(石路天虹店),31.3096006,120.5993809,116.0,韩国料理,10:00,22:00, 
256,德天肥牛海鲜火锅(狮山店),31.2942365,120.5662486,153.0,火锅,10:00,04:00, 
257,217笋干馄饨·纸皮烧卖,31.2978145,120.6053944,26.0,小吃,07:30,18:00,"笋干馄饨,蛋黄糍毛团,玉米馄饨,芝士蛋黄烧麦,卤鸡爪,卤鹌鹑蛋"
258,虎仔烧烤·冰煮羊火锅,31.2978369,120.6054598,126.0,火锅,10:00,24:00, 
259,苏州人家面馆(寒山寺店),31.3104753,120.5701259,30.0,小吃,07:30,17:00, 
260,一炭一炉·烤肉·打边炉(石路店),31.310781,120.600644,90.0,韩国料理,17:00,21:30, 
261,一鸣真鲜奶吧(石路地铁10号口店),31.3109999,120.6004997,12.0,面包甜点,06:00,22:00, 
262,阿月煲(山塘街阊胥路店),31.3068197,120.6043931,71.0,江浙菜,09:00,21:00, 
263,品蟹轩蟹肉煲(总店),31.3095215,120.6035242,80.0,海鲜,10:00,02:00, 
264,一鸣真鲜奶吧(石路地铁12号口店),31.312562,120.600516,12.0,面包甜点,10:00,22:00, 
265,必胜客(太阳广场店),31.312685,120.601063,88.0,西餐,07:30,22:00, 
266,古乐牛香·鲜牛肉牛杂火锅(石路店),31.3108515,120.6033479,76.0,火锅,11:00,02:00, 
267,和创锦日本料理(红唐店),31.292093,120.563408,201.0,日本料理,10:00,22:00, 
268,对酌烧烤·盛唐酒馆(红唐西区店),31.2917646,120.5628189,98.0,烧烤,11:00,02:00, 
269,德天肥牛海鲜火锅(石路店),31.3097143,120.606076,136.0,火锅,09:00,04:00, 
270,万鱼亭·味神乐 日本料理铁板烧(淮海街店),31.2930232,120.5619681,200.0,日本料理,11:00,23:00, 
271,杰J.w.m深夜食堂 厚杰居酒屋(淮海街商业街店),31.2931544,120.5617172,120.0,台湾菜,17:30,24:00, 
272,陈记顺和牛肉火锅(69阁店),31.2948722,120.609832,119.0,火锅,11:00,24:00, 
273,稻山村·苏州菜·松鼠桂鱼(石路店),31.3111293,120.6060132,81.0,江浙菜,10:30,21:00, 
274,谷斯花心烤肉(淮海街店),31.2898739,120.5619942,148.0,日本料理,11:30,02:00, 
275,和创柚子日本料理(新区淮海街店),31.289418,120.561923,298.0,日本料理,11:30,22:00, 
276,狐狸旅馆Fox Tavern,31.3010595,120.6123405,66.0,西餐,11:00,24:00, 
277,遇见赫舍里,31.295959,120.55765,94.0,烧烤,16:00,02:00, 
278,有骨气•中国人的营养砂锅(吉庆店),31.2979593,120.6134145,81.0,火锅,11:00,03:00, 
279,玖泉里烤肉,31.3077187,120.6114881,91.0,烧烤,10:30,04:00, 
280,奈雪的茶(龙湖狮山天街店),31.2948544,120.557024,30.0,面包甜点,10:00,22:00, 
281,左庭右院鲜牛肉火锅(苏州狮山龙湖天街店),31.2949439,120.5569296,129.0,火锅,10:00,22:00, 
282,哥老官重庆美蛙鱼头(龙湖狮山店),31.2938527,120.5571436,139.0,火锅,10:00,22:00, 
283,新发现(狮山龙湖天街店),31.2940008,120.5570706,72.0,江浙菜,09:00,21:00, 
284,米桃-枫桥夜泊·牡丹亭(龙湖狮山天街店),31.2938847,120.5570744,133.0,江浙菜,11:00,21:00, 
285,楼兰新疆主题餐厅(高新狮山龙湖店),31.2938169,120.5570714,78.0,新疆菜,11:00,21:00, 
286,一緒に和牛寿喜烧(新区龙湖天街店),31.2948953,120.5568332,200.0,日本料理,11:00,21:00, 
287,合兴发茶冰室(狮山龙湖天街店),31.2949244,120.5568262,64.0,粤菜,10:30,21:00, 
288,苏州古运河英迪格酒店·PIER 46 A NEIGHBOURHOOD BAR,31.2957329,120.5565108,159.0,酒吧/酒馆,14:00,23:00, 
289,南京大牌档(龙湖狮山天街店),31.293822,120.556774,70.0,江浙菜,11:00,22:00, 
290,割烹旭日本料理(龙湖狮山天街店),31.2949163,120.5564432,266.0,日本料理,11:00,21:00, 
291,串大仙·新派烧烤(钻石广场旗舰店),31.286079,120.56001,79.0,烧烤,17:00,02:00, 
292,小川洋风料理(苏州首店),31.2939395,120.555631,91.0,日本料理,11:00,21:00,"赤焰七龙珠寿司,地狱黑金炸鸡,铁板椒椒销魂小龙虾,日式炸饺子,铁板一口牛肉,芝士豆腐"
293,馨琪阁私房菜苏帮菜(西大街店),31.291136,120.6143519,87.0,其他,09:00,21:00, 
294,香雪海饭店(盘门景区店)·中餐厅(友联店),31.281213,120.608712,138.0,江浙菜,11:00,21:00, 
295,火小锅,31.3048101,120.6163004,122.0,火锅,17:00,22:30,"热气牛肉,浓情芝士球,卤大肠,大蛏子,梅林午餐肉"
296,阿木仔潮汕餐厅,31.3084738,120.6156532,74.0,粤菜,11:00,20:00,"卤鹅,手撕鸡,鱼烙,牛腩肠粉,菠萝煎饺,梅子奶冻 "
297,王品牛排(苏州金鹰店),31.2933946,120.5514468,432.0,西餐,11:30,21:00, 
298,盛天毛血旺(金鹰店),31.2939686,120.5509012,71.0,川菜,10:30,21:30, 
299,苏虞斋精品面馆·蟹黄面·三虾面(金狮河沿店),31.2980674,120.6204355,43.0,小吃,06:30,14:00,"黄金大排,虾仁鸡丁,蛋黄狮子头,三虾面,红汤面,白汤面"
300,苏阳许记绿豆汤(沧浪新城店),31.2733969,120.6050821,11.0,小吃,10:00,17:00, 
301,DQ(苏州绿宝广场店),31.30163,120.549134,23.0,面包甜点,10:00,20:30, 
302,必胜客(绿宝店),31.301591,120.549093,76.0,西餐,07:30,22:00, 
303,一鸣真鲜奶吧(乐桥地铁站店),31.307175,120.622452,14.0,面包甜点,06:00,23:00, 
304,呵呵侠水煎烤肉(观前街店),31.310614,120.622727,68.0,韩国料理,10:00,22:00, 
305,我牛棒烧肉·横膈膜专门店(十全街店),31.2985621,120.6254884,118.0,烧烤,11:00,21:00, 
306,来点烤肉(苏州观前街店),31.3076352,120.6242616,86.0,烧烤,11:00,22:00,"特色五花肉,来点虾滑,黄油菠萝,招牌牛肉,包浆豆腐,猪油拌粉"
307,德克士(泉屋店),31.283384,120.54928,25.0,快餐简餐,10:00,22:00, 
308,我的收藏(泉屋百货店),31.2832817,120.549179,115.0,其他,11:00,20:00, 
309,Tims咖啡(美罗百货新区店),31.282679,120.549135,32.0,咖啡店,07:30,22:00, 
310,宫西春晓(泉屋百货店),31.2822971,120.5492277,148.0,日本料理,11:00,21:00, 
311,阳澄湖大闸蟹琼灵阁蟹业(何山路店),31.305682,120.544883,70.0,海鲜,08:00,24:00, 
312,桂源铺(十全街店),31.2984004,120.6267512,18.0,面包甜点,10:00,21:00, 
313,Tiny coffee草芥咖啡(观前店),31.3112224,120.6242209,44.0,咖啡店,11:00,20:00, 
314,鑫震源·苏式大虾生煎(北寺塔店),31.3198098,120.6196463,24.0,小吃,05:00,20:00, 
315,姑苏桥·文人苏式面馆(北寺塔店),31.319006,120.620406,88.0,小吃,06:00,21:00, 
316,藏书小朱羊肉(桃花坞店),31.320917,120.618823,69.0,江浙菜,08:00,01:00,"红烧羊肉,红烧羊蹄,羊肉火锅,羊肝,羊排,大葱炒羊杂"
317,浪里王食府·生态大虾15吃(十全街店),31.2983551,120.6276263,106.0,江浙菜,11:00,20:30, 
318,Fun Coffee方咖啡(乌鹊桥店),31.2982423,120.6276367,37.0,咖啡店,08:00,19:00, 
319,Monkey King泰式餐吧(十全街店),31.2985282,120.6278229,111.0,东南亚菜,11:00,21:00,"青咖喱鸡肉佐炭烤面包,舂青木瓜丝,冬阴功海鲜汤,炸虾饼,碳烤猪颈肉,泰式金边粉"
320,馋佬沛饮食店,31.2985881,120.628184,19.0,小吃,10:30,21:30,"鸡柳,芝士萝卜丝饼,招牌面拖排骨,芝士内涵鸡腿,荠菜肉丝三角包,桂花藕粉芋艿"
321,必胜客(观前店),31.311213,120.626172,78.0,西餐,10:00,22:30, 
322,祺一食,31.3127253,120.6255808,55.0,西餐,09:00,21:00, 
323,暖食(观前店),31.3090912,120.627245,65.0,创意菜,11:00,20:30, 
324,聆香酒楼,31.3018812,120.6288007,68.0,江浙菜,10:00,20:30, 
325,谭鸭血老火锅(观前店),31.309374,120.627228,111.0,火锅,11:00,24:00, 
326,missmango迷芒(观前街店),31.3089592,120.6274272,108.0,西餐,11:00,20:00,"芝士焗土豆泥,奶油培根意面,特级雪龙肉眼牛排,茄汁培根意面,超级牛肉汉堡,蘑菇芝士烩牛柳,小吃拼盘,烤鸡翅,肉酱意面,鸡肉火腿凯撒沙拉"
327,解药·antidote Cafe&Bar,31.2986376,120.62907,52.0,咖啡店,12:00,24:00, 
328,要德火锅(观前街店),31.310652,120.627297,107.0,火锅,10:00,24:00, 
329,TOMMY COFFEE(人民路店),31.2819411,120.6248612,39.0,咖啡店,10:00,20:00, 
330,禾木饭店,31.3163939,120.6246287,63.0,江浙菜,11:00,01:00, 
331,麻雀咖啡SPARROW COFFEE,31.298428,120.629978,32.0,咖啡店,11:00,21:00, 
332,付小姐在成都(观前街店),31.310734,120.628104,78.0,火锅,11:30,23:00, 
333,浪起跷脚牛肉(观前街新店),31.310524,120.6284111,69.0,川菜,11:00,22:00,"粉蒸牛肉,嫩血旺,火爆脆肠,小煎鸡爪,红糖饼,红糖豆花儿"
334,香雪海饭店中餐厅(龙西店),31.2715725,120.617371,90.0,江浙菜,11:00,20:30, 
335,1/2MANSION(美地PARk广场店),31.2826246,120.6271314,54.0,咖啡店,10:00,19:30, 
336,柚榄YOLANDADA,31.2829328,120.6274143,70.0,咖啡店,12:00,20:00, 
337,陆振兴(白塔店),31.318027,120.6256867,26.0,快餐简餐,06:00,19:00,"素浇,爆鱼面,金花菜,荠菜豆腐羹,香椿蛋饺,肥肠面"
338,复得返自然,31.3160444,120.6269629,92.0,咖啡店,12:00,20:00, 
339,润记·广东餐馆(凤凰店),31.2991983,120.6328393,90.0,粤菜,11:00,21:30, 
340,吾久七冷锅鱼(姑苏店),31.2804126,120.6278168,81.0,自助餐,10:00,22:30, 
341,Cat Italian Restaurant&Bar,31.3168946,120.6281005,272.0,西餐,11:30,21:30, 
342,芦庄超王记·无锡馄饨小笼(凤凰街店),31.3053535,120.6324186,22.0,小吃,06:30,19:00, 
343,王记姚家味·地道苏帮菜(凤凰街店),31.3058127,120.632399,78.0,江浙菜,09:00,21:00, 
344,抓鱼吃(南环新村店),31.282105,120.629495,60.0,火锅,10:00,21:00, 
345,鑫花溪牛肉米粉(临顿店),31.3174621,120.6285218,26.0,小吃,09:00,22:00, 
346,苏外婆·苏帮菜·私房菜·松鼠桂鱼(平江路店),31.318365,120.6289969,93.0,江浙菜,10:00,22:00, 
347,青崛烘焙,31.32528,120.62617,60.0,面包甜点,11:00,19:30, 
348,CAPRAIBEXCOFFEE羍市(菉葭巷店),31.3159501,120.6325799,31.0,面包甜点,10:00,20:00, 
349,一鸣真鲜奶吧(石湖商业街店),31.255091,120.582657,13.0,面包甜点,06:00,23:00, 
350,灶源纪私房菜,31.3146965,120.6336958,286.0,其他,09:30,21:30, 
351,SERA NERA 青酱意大利厨房(吴衙场店),31.2994143,120.6375559,136.0,西餐,11:00,21:00, 
352,旧人家食府(平江路店),31.3159771,120.633702,79.0,江浙菜,11:00,20:30, 
353,芬兰之家西餐(平江路店),31.3206847,120.6319977,83.0,西餐,11:00,21:00, 
354,伴园得趣堂苏帮菜馆(混堂巷店),31.3146426,120.6363967,289.0,江浙菜,11:00,20:30, 
355,北疆饭店(干将路店),31.3100303,120.6380602,71.0,新疆菜,10:00,22:00, 
356,程小棠茶食阁·果子与茶(十全街店),31.2995064,120.640726,41.0,面包甜点,10:30,21:00, 
357,蛙喔·炭烧牛蛙·烧烤(吴中万达店),31.2535913,120.6070316,91.0,川菜,10:00,22:00, 
358,重庆厨匠火锅(木渎山姆店),31.2590468,120.5517815,91.0,火锅,10:00,23:30, 
359,大渝火锅(平江万达店),31.3413125,120.6143583,115.0,火锅,10:00,21:00, 
360,蜀香格格·阅蓉(平江万达店),31.3414296,120.6145227,80.0,川菜,10:00,21:00, 
361,火锅摆在·川西坝子(苏州城市生活广场店),31.3434606,120.6106456,101.0,火锅,10:00,21:30, 
362,哈根达斯(吴中万达),31.253272,120.608327,75.0,面包甜点,10:00,22:00, 
363,鲜之源洪轩雅阁龙虾·私厨,31.2914174,120.6465423,235.0,小吃,10:00,02:00, 
364,姚稷大铁锅(莫邪路店),31.2896508,120.6468398,122.0,东北菜,10:00,22:00, 
365,臻品粤(万科美好广场店),31.3055527,120.6529608,89.0,粤菜,10:30,21:00,"臻品虾饺皇,软骨流沙包,龙虾汤海鲜泡饭,红烧妙龄鸽,虾饺皇,银牙韭黄炒牛河,招牌红豆卷,菠萝包,烧卖皇,龙虾泡饭"
366,鸟匠烧鸟居酒屋(万科美好广场店),31.304868,120.6532967,90.0,日本料理,11:00,24:00, 
367,必胜客(大运城店),31.25677,120.53468,102.0,西餐,10:00,22:00, 
368,百盛人家(冬青路店),31.2704337,120.6490906,303.0,江浙菜,10:00,21:00,"手剥虾仁,红烧鳜鱼,清鸡汤河虾,百盛经典奥灶面"
369,川香汇火锅,31.2530896,120.6342484,81.0,韩国料理,16:00,03:00, 
370,沐汐与花季(寿桃湖店),31.28541,120.51365,108.0,面包甜点,11:00,21:00,"撒盐哥盐烤厚牛排,香草扒大虾配莳萝汁,炭烤1KG澳洲战斧牛排,巴伐利亚战斧牛排,猫山王榴莲手工披萨,果木香烤牛肉沙拉,麻辣小龙虾手工披萨,薄荷先生遇见青柠小姐,撩人乳酪慕斯,玫瑰恋人"
371,必胜客(影视城店),31.27763,120.516113,66.0,西餐,10:30,22:00, 
372,必胜客(繁花中心商城店),31.35923,120.607847,88.0,西餐,10:00,22:00, 
373,大渝火锅(苏州星光耀店),31.3533109,120.5467097,111.0,火锅,10:00,02:00, 
374,水天堂西餐厅(苏州印象城店),31.3183113,120.657345,84.0,西餐,10:00,20:30, 
375,川福楼(吴中店),31.2454637,120.6304703,75.0,川菜,10:00,21:00, 
376,必胜客(木渎天虹店),31.262379,120.518152,71.0,西餐,10:00,22:00, 
377,万鱼亭·都石亭日本料理铁板烧(园区科技园店),31.2962278,120.6663572,188.0,日本料理,11:00,23:00, 
378,七欣天品蟹轩(苏州尼盛广场店),31.3142996,120.6660005,131.0,火锅,10:00,03:00, 
379,棒约翰(苏州尼盛店),31.31438,120.665999,59.0,西餐,10:00,22:00, 
380,和创柚子日本料理(师惠坊店),31.31141,120.6678,294.0,日本料理,11:30,22:00,"法式鹅肝,芝士焗大虾,一品鲜鲍,黄金焗蟹宝,盐烤大虾"
381,秦记水佬坊香港火锅(苏悦广场店),31.3153813,120.6689724,143.0,粤菜,11:00,21:00, 
382,莫尔顿扒房(苏悦广场店),31.315104,120.66951,658.0,西餐,11:00,22:00, 
383,神宫日本料理(园区店),31.3118048,120.6704632,259.0,日本料理,11:00,23:00, 
384,熬八年火锅(环球188店),31.3139965,120.6700923,123.0,火锅,11:00,22:00, 
385,金海华·满庭芳(活力岛店),31.369881,120.612487,144.0,江浙菜,07:30,21:00, 
386,蓝枪鱼鲜酿啤酒餐厅(星海店),31.3130399,120.6719141,135.0,西餐,11:00,02:00, 
387,北疆饭店(双湖广场店),31.28356,120.671684,76.0,新疆菜,10:00,22:00, 
388,紫藤幸福小馆宴会厅,31.3174661,120.6722674,118.0,粤菜,11:00,21:30,"香烤玫瑰鱼,油醋汁水云丝,台州手撕豆腐,咖喱焗虾球,飘香榴莲酥,鹅肝酱藕夹,台式三杯鸡,老板家乡水库鱼头,潮州手打牛肉丸,经典牛肋皇"
389,九座(太平洋大厦店),31.3172639,120.6733604,1135.0,日本料理,11:00,21:00, 
390,天域花园酒店·御轩精品粤菜,31.31869,120.6742015,312.0,粤菜,09:30,21:00, 
391,隽品堂(木渎店),31.2509842,120.5117389,45.0,咖啡店,09:00,21:00, 
392,星巴克(苏州中心6F店),31.3158761,120.6773741,51.0,咖啡店,10:00,22:00, 
393,CRAZYONES克芮旺斯西班牙餐厅(苏州中心店),31.3177066,120.6769364,120.0,西餐,11:00,21:00, 
394,新发现(苏州中心店),31.3175961,120.6770575,74.0,江浙菜,09:00,21:00, 
395,春炉串串(苏州中心店),31.3162086,120.6775031,32.0,火锅,09:00,20:30, 
396,就是泰Just Thai泰式火锅(苏州中心店),31.316324,120.677509,145.0,东南亚菜,11:00,22:00, 
397,bluefrog蓝蛙(苏州中心店),31.3179741,120.6771414,161.0,西餐,10:00,22:30, 
398,左庭右院鲜牛肉火锅(苏州中心店),31.3156234,120.6779895,140.0,火锅,11:00,21:30, 
399,泰加泰式概念餐厅(苏州中心店),31.3157718,120.6779563,148.0,东南亚菜,11:00,21:00, 
400,南京大牌档(苏州中心店),31.317765,120.677595,70.0,江浙菜,11:00,22:00, 
401,新贝乐意大利餐厅(苏州中心店),31.315486,120.678196,113.0,西餐,10:00,21:00, 
402,楼兰新疆主题餐厅(苏州中心店),31.3182559,120.677509,82.0,新疆菜,11:00,21:00, 
403,哥老官重庆美蛙鱼头(苏州中心店),31.3158823,120.6783116,148.0,火锅,10:00,22:00, 
404,松鹤楼(苏州中心商城店),31.3149922,120.6789983,173.0,江浙菜,11:00,20:30, 
405,爱舍·梵美里·家庭厨房(苏州中心店),31.3181604,120.6782567,138.0,面包甜点,11:00,22:00, 
406,SOREKARA·NEO新创寿司(苏州中心店),31.319663,120.67825,108.0,日本料理,11:00,22:00, 
407,重庆高老九火锅(苏州中心店),31.3197489,120.6783368,126.0,火锅,11:00,21:30, 
408,水天堂西餐厅(苏州中心店),31.3196451,120.6783921,91.0,西餐,10:00,22:00,"澳洲大战斧牛排,和风香煎鸡扒,泰式鲜虾饼,芝士焗红薯,夏威夷风情沙律,法式淡奶蘑菇鸡肉酥皮汤"
409,必胜客(越溪店),31.216694,120.593216,95.0,西餐,10:00,22:30, 
410,水天堂西餐厅(相城天虹商场店),31.3680458,120.6385605,84.0,西餐,10:00,20:30, 
411,棒约翰比萨(李公堤店),31.300989,120.682174,54.0,西餐,10:00,22:00, 
412,SOREKARA·NEO新创寿司(相城天虹店),31.368451,120.63846,110.0,日本料理,10:00,22:00, 
413,一忠·日式烧肉自助(相城店),31.3734564,120.6290024,133.0,日本料理,11:00,22:00, 
414,和创忠日本料理铁板烧(方圆里店),31.3734915,120.6292077,230.0,日本料理,11:00,22:00, 
415,火地铁板烧(相城天虹店),31.3693084,120.6384073,124.0,日本料理,11:00,21:30, 
416,花山隐居·素养山房,31.298289,120.486937,146.0,素食,10:00,20:00, 
417,金海华·华宴(小石湖店),31.2169294,120.6079266,545.0,江浙菜,11:00,21:00,"花椒牛小排,华宴酥肉,千岛湖鱼头汤,酸菜尾山椒肥肠,陈年花雕醉膏蟹,手撕豆腐煲"
418,湊湊火锅·茶憩(苏州相城天虹店),31.3702307,120.6380407,147.0,火锅,11:00,24:00, 
419,大龙燚火锅(湖滨新天地店),31.315669,120.6824515,106.0,火锅,09:30,03:00, 
420,佳思多台湾食品餐厅(苏州园区店),31.3000721,120.6844961,64.0,台湾菜,09:00,22:00, 
421,苏州托尼洛·兰博基尼书苑酒店·江南雅厨·半庭嘉宴,31.320507,120.6820287,398.0,江浙菜,10:30,20:30,"文火牛小排,鱼子酱蟹肉色拉,鸡头米虾仁,鸡头米奶酪,松露金桂走油肉,冰糖独蒜河鳗"
422,HONG247餐吧&DM(湖滨店),31.3157849,120.6836488,231.0,创意菜,17:00,02:00, 
423,江南首席·粤菜点心宴会(湖滨店),31.315943,120.6838607,243.0,粤菜,11:00,21:00, 
424,古乐牛香·鲜牛肉牛杂火锅(郭巷店),31.2491397,120.668556,69.0,火锅,11:00,02:00, 
425,苏州环秀晓筑养生度假村·阅湖轩,31.2128323,120.5568067,227.0,江浙菜,11:00,20:30, 
426,美美九席·湖景餐厅(李公堤店),31.3026793,120.6908679,259.0,海鲜,10:30,21:30,"深井烧鹅,清炒手剥鹰爪虾,手撕白水洋豆腐,脆皮妙龄乳鸽,黄瓜苗炒鸡枞菌,蜜汁六鳌沙地红薯"
427,张桥鹿柴萌宠帐篷烤肉餐厅·湖景露营地,31.2084057,120.570213,172.0,烧烤,10:00,21:00,"招牌小食拼盘,水果拼盘,羊排,牛排,五花肉,培根金针菇"
428,青鹤谷(苏州店),31.2975165,120.6932728,179.0,韩国料理,11:30,21:00,"米汁,奶酪鸡蛋卷,大酱汤,辣炒年糕"
429,量子制造·元·宴会厅,31.3024206,120.6946098,160.0,西餐,13:00,16:00, 
430,塔薇花园西餐厅(李公堤店),31.2973008,120.696493,206.0,西餐,11:30,21:30, 
431,蛙喔·炭烧牛蛙·烧烤(尹山湖长申店),31.2491131,120.6871818,84.0,川菜,10:30,20:30, 
432,巴蜀大将火锅(苏州旗舰店),31.2376177,120.4881368,82.0,火锅,10:00,01:30, 
433,左庭右院鲜牛肉火锅(苏州大悦春风里店),31.4008284,120.6067569,127.0,火锅,11:00,21:00, 
434,梅里山下觅花涧·云南菜(大悦春风里店),31.40123,120.6074329,109.0,云南菜,11:00,22:00, 
435,来点烤肉(苏州大悦春风店),31.4013783,120.6065724,80.0,烧烤,10:00,22:00, 
436,兀去外太空烤肉酒馆(大悦春风里店),31.4016559,120.6061832,98.0,日本料理,11:00,21:30, 
437,7号玉玺艺术餐吧(博览中心店),31.3221595,120.7047558,150.0,西餐,10:00,21:00, 
438,漾花汐·西餐·下午茶(浒关大码头店),31.3800622,120.5070354,102.0,西餐,11:00,21:00,"西班牙风味蒜虾,黑松露菌菇薄饼披萨,意大利肉酱面,厚切安格斯牛排,牛油果藜麦沙拉,奶油蘑菇汤"
439,蜀香格格·阅蓉(吴中永旺店),31.1948848,120.6127217,73.0,川菜,10:00,21:00, 
440,巴蜀传香(永旺梦乐城吴中店),31.1945614,120.6127609,81.0,川菜,10:00,21:00, 
441,鹿十(诚品店),31.3208884,120.7100471,245.0,日本料理,11:00,22:00, 
442,梓悦·JoYous亲子餐厅(星汇生活广场店),31.329651,120.707891,164.0,西餐,16:00,20:30, 
443,德天肥牛海鲜火锅(采莲店),31.4006653,120.6323774,159.0,火锅,10:00,04:00, 
444,润记·广东餐馆(苏州湾歌林公园店),31.1913549,120.6122522,93.0,粤菜,10:00,20:30, 
445,Funny Monee Coffee(新光天地店),31.323029,120.71171,52.0,咖啡店,10:00,21:30, 
446,Jessy&Jerry·轻甜蛋糕(新光天地店),31.3230852,120.7118229,71.0,面包甜点,10:00,21:30, 
447,洋洋中餐馆(新光天地店),31.3236247,120.7117572,143.0,江浙菜,10:00,21:30, 
448,7分甜(新光天地三楼店),31.323323,120.711919,18.0,面包甜点,10:00,21:30, 
449,捞王锅物料理(新光天地店),31.3237041,120.7118273,147.0,火锅,11:00,21:30, 
450,锅季 MINI HOTPOT(久光百货店),31.3199723,120.7143981,127.0,火锅,10:00,21:00, 
451,老爷锅(圆融星座店),31.317862,120.714874,61.0,火锅,10:30,21:00, 
452,拾米无界料理,31.3231316,120.7137584,33.0,日本料理,11:00,22:00, 
453,大渝火锅(苏州圆融星座店),31.3186239,120.7151989,118.0,火锅,10:00,21:00, 
454,朴山·灵感川菜,31.3242546,120.7153665,198.0,川菜,11:30,21:30, 
455,宫西春晓(邻瑞广场店),31.297724,120.7189304,150.0,日本料理,11:00,22:00, 
456,瑞和日式料理(金匙望湖店),31.324156,120.718189,232.0,日本料理,11:00,21:30, 
457,三星羊肉馆(藏书店),31.2759,120.449499,100.0,江浙菜,10:00,20:30, 
458,新东方羊肉店·传承3代人(穹窿路店),31.2758906,120.4458993,107.0,江浙菜,09:00,21:00, 
459,大渝火锅(高铁吾悦店),31.4142009,120.6314916,111.0,火锅,10:30,21:00, 
460,火地铁板烧(高铁吾悦店),31.4142595,120.6323643,104.0,日本料理,11:00,21:30, 
461,全聚德(月亮湾路店),31.2601823,120.721757,120.0,北京菜,11:00,20:30, 
462,福朋喜来登酒店聚味轩中餐厅,31.2612999,120.7222004,151.0,本帮菜,11:00,22:00, 
463,川福楼(斜塘老街店),31.304,120.734964,90.0,川菜,10:00,21:00, 
464,哈尔滨婧然烧烤,31.3248532,120.732384,103.0,烧烤,17:00,02:00, 
465,鮨久,31.3026512,120.7369517,1775.0,日本料理,17:30,21:30,"炭烤黑喉鱼,炭烤和牛,胡麻豆腐,玉子烧"
466,旺府火锅(斜塘老街店),31.30245,120.737179,116.0,火锅,10:00,22:30, 
467,老横泾面馆,31.1733149,120.5427922,34.0,小吃,05:00,20:00, 
468,好利来(方洲邻里中心店),31.3143762,120.7418208,35.0,面包甜点,09:00,21:00, 
