id,name,lat,lon,price,cuisine,opentime,endtime,recommendedfood
0,南京大牌档(夫子庙平江府店),32.0208996,118.7926679,74.0,江浙菜,11:00,22:00,"招牌盐水鸭,古法糖芋苗,酒酿赤豆元宵,清炖狮子头,江米扣肉,鸭血粉丝汤"
1,南京金陵饭店·梅苑,32.0425787,118.7828017,423.0,江浙菜,11:30,21:30,"驰名软兜,金陵盐水鸭,大煮干丝,松鼠鳜鱼,清炒虾仁,蟹粉狮子头,金陵方糕"
2,李记清真馆(打钉巷店),32.0291914,118.779762,29.0,清真菜,05:30,19:30,"牛肉锅贴,牛肉馄饨,牛肉煎包,牛肉小笼包,牛杂汤,阳春面,牛肉粉丝汤"
3,南京香格里拉大酒店·江南灶,32.0782506,118.7828654,334.0,江浙菜,11:30,21:30,"慈城年糕烧大黄鱼,蜜汁小番茄,文思豆腐羹,淮扬狮子头,传统熏鱼,淮扬小笼包,江南灶红烧肉,扬州炒饭,佛跳墙,文思豆腐"
4,南京紫峰绿地洲际酒店·云端餐厅,32.0608006,118.7831487,736.0,西餐,14:00,24:00,"法式煎鹅肝,波士顿龙虾,煎虎虾,蘑菇浓汤"
5,南京苏宁钟山国际高尔夫酒店·紫金阁中餐厅,32.0788597,118.8774732,368.0,江浙菜,11:30,21:30,"松露粉文火牛肉,九层塔咖喱煲大虾,意大利黑醋汁松板肉,蟹粉鱼脑,金陵脆皮烧肉,江南虾籽面"
6,金鹰世界G酒店·品煨江南,32.0243721,118.7408323,470.0,江浙菜,11:30,21:30,"陈皮私房小牛肉,砂锅鱼头佛跳墙,年糕东海大黄鱼,慈糍粑,淮安软兜,宫保明虾球"
7,民国红公馆(老门东店),32.0128427,118.7882943,295.0,江浙菜,11:00,22:00,"蒋宴香煎牛眼粒,金陵至味红烧肉,金陵盐水鸭,芝士鲜虾藕夹,雨花石汤圆,美龄粥"
8,竹里馆·淮扬菜(老门东店),32.0121278,118.7882894,125.0,江浙菜,09:30,21:00,"竹里三杯鸡,韭香溧阳山芋粉,金银蛋浸钵钵菜,荔浦芋头蒸肉,招牌清炖狮子头,竹里神仙鸡"
9,狮王府(新街口友谊店),32.0414781,118.7821181,141.0,江浙菜,11:00,21:00,"招牌阳春面,千盐水乳鸽（半只）,南京盐水鸭,王府包"
10,南京苏宁索菲特银河大酒店·鮨極KIWAMI,32.0674873,118.7723316,1545.0,日本料理,11:30,21:30,"蓝鳍金枪鱼大脂,海鲜饭,炙烤活北极贝,澳洲M9和牛,澳洲黑金鲍（10年）,马粪海胆"
11,南京涵碧楼 水沙涟中餐厅,32.0410459,118.722176,341.0,江浙菜,11:30,21:30,"芋泥香酥鸭,荔味干椒爆樱桃,涵碧楼桂花拉糕,金陵鸭油酥拌饭,蒜香豆酥银鳕鱼,乡苏小排骨"
12,南京青龙山庄酒店·龙吟山房,31.9700083,118.9298323,450.0,江浙菜,11:00,21:00,"火山岩牛排,花雕酒醉大闸蟹,中式酱汁小牛肉,黑松露狮子头,原味椰汁炖官燕,鲍汁健康嫩豆腐"
13,南京丽思卡尔顿酒店·品宁府,32.0451949,118.7850324,361.0,江浙菜,11:30,21:30,"脆皮文火小牛肉,老醋油爆虾,大煮干丝,桃胶豆腐脑,冰花牛肉锅贴,鸭油酥烧饼"
14,蟹叁寳(南京新街口店),32.0351516,118.7804575,106.0,小吃,10:00,23:00,"鸡汁蟹粉拌面,蟹粉虾仁面,蟹黄捞饭,蟹粉春卷,白灼西兰花,上汤娃娃菜"
15,好婆汤包(太平北路店),32.0436016,118.7947104,28.0,小吃,08:30,19:00,"好婆汤包,桃胶银耳养颜羹,素浇面,熏鱼面,肥肠面,秘制叉烧面"
16,馨方园食府·市井老南京菜,32.0376339,118.7696677,103.0,江浙菜,10:30,21:00,"金陵酥脆熏鱼,手工牛肉煎饺,十三香龙虾,香油乌鸡爪,蒜泥龙虾,老南京砂锅鱼头汤"
17,南城燕归楼(老门东店),32.0127212,118.7888158,90.0,江浙菜,11:00,21:00,"青柑普洱红烧肉,金陵鸡卷,热炝腰片,葱香酱油虾,小炒黄牛肉"
18,南京景枫万豪酒店·万豪中餐厅,31.9364517,118.8221178,433.0,江浙菜,11:30,21:30,"自制年糕红烧肉,宫保虾球,淮安软兜,杨枝甘露"
19,A One Kitchen·南京精菜馆(德基广场店),32.0430246,118.7845047,280.0,江浙菜,11:00,21:00, 
20,南京金鹰国际酒店·满园春中餐厅,32.0417041,118.7786611,188.0,江浙菜,11:30,21:00,"满春园红烧肉,独蒜海胆酱烧溪鳗,尚品淮阳软兜"
21,许阿姨糕团店(南京总店),32.0389676,118.7919603,27.0,面包甜点,07:30,19:00,"蛋黄肉松青团,豆沙青团,芝麻青团,马蹄糕,桂花松糕,酒酿赤豆元宵"
22,芳满庭海派菜(1912店),32.0451647,118.795642,207.0,江浙菜,11:00,21:00,"招牌红烧肉,四喜烤麸,上海三黄鸡,八宝酱年糕,上海油爆虾,上海老熏鱼"
23,南京圣和府邸豪华精选酒店·悬铃阁中餐厅,32.0425574,118.7990971,307.0,江浙菜,11:30,21:00,"荷香狮子头,果木炭烤鸭,盐水鸭拼,川扬豆酥银鳕鱼,石锅响油膳糊,淮扬烫干丝"
24,南京古南都饭店·那古野日本料理,32.0514204,118.7734895,292.0,日本料理,11:30,21:30, 
25,三品堂精致淮扬菜(玄武湖店),32.0721325,118.8084262,266.0,江浙菜,10:30,20:30,"石锅芥香螺片捞鸡,马苏里拉芝士焗蟹宝,大漠风沙炒海虾,金桔雪花牛肉粒,黑蒜养生乳鸽汤,金汤脆米捞饭"
26,广迎居老正兴菜馆,32.0100336,118.8118592,145.0,江浙菜,11:00,20:00,"炖生敲,八宝葫芦鸭,葱爆虾,生炒鱼头,响油鳝糊"
27,南京苏宁钟山国际高尔夫酒店·くろぎKurogi 黑木,32.0789645,118.8773528,3066.0,日本料理,11:30,21:00,"特色烟熏牛肉,蕨饼,胡麻豆腐,三文鱼拌饭,海胆牛肉卷鱼籽酱"
28,红大龙虾(程阁老巷店),32.0346241,118.7859511,206.0,小吃,09:30,03:00,"干捞面,十三香龙虾,蒜泥龙虾,雪花牛肉粒,鸭头,酱骨龙虾,干煸龙虾,掌中宝,酸菜鱼,茄子"
29,二十四单 淮扬新味,32.0248363,118.7712238,248.0,江浙菜,11:30,21:00,"香椿牛肉塔,荔浦芋头焗海蟹,茄汁鲜果珊瑚鱼,荷香梅菜狮子头,青柑普洱红烧肉,招牌红汤面"
30,深夜屋里食堂·深夜食堂(中商万豪店),32.0702226,118.7700486,133.0,日本料理,11:00,02:30,"三文鱼,糊世卷,芥末章鱼,鹅肝寿司,焗大虾,土豆沙拉"
31,南京威斯汀温泉度假酒店·云汀中餐厅,32.070748,119.0067305,272.0,江浙菜,11:00,21:30,"冰烧三层肉,金丝和牛松炒饭,黑松露肉汁煨萝卜,椒麻竹丝鸡,大理石烧手撕豆腐,柠蜜叉烧"
32,金哥私房菜馆(张府园总店),32.0294505,118.782449,129.0,江浙菜,11:00,21:00, 
33,鲤院(夫子庙店),32.0259292,118.7810149,499.0,江浙菜,11:00,21:00, 
34,玄武饭店·望湖璇宫自助餐,32.070801,118.783684,178.0,自助餐,17:30,20:30, 
35,梦都会(奥体中心店),32.0102467,118.7239279,487.0,徽菜,10:30,21:30,"金元宝红烧肉,臭鳜鱼,鲍鱼红烧肉,皮脆烤乳鸽,美玲酱牛肉,肥西老母鸡汤"
36,龙吟湖滨,31.931888,118.8170787,333.0,江浙菜,11:00,21:00,"鲜椒猪肚焖鸡公,劲爆雪花牛肉粒,桂花糯米藕,原创腊味煎锅巴,鲍鱼笋干红烧肉,生态沙窝小海带"
37,梓贤阁精品菜馆(江宁汤山店),32.057111,119.0592015,72.0,江浙菜,09:00,21:00,"香酥鸭头,黑猪肉香肠,泼辣鱼片,草鸡汤泡炒米,椒盐土豆球,农家藕饼"
38,清真·安乐园火锅(王府大街店),32.0352864,118.7772229,67.0,清真菜,10:00,22:00,"手切鲜牛肉,手切鲜羊肉,黑毛肚,虾滑,豆沙包"
39,五粮记(科巷店),32.0391352,118.7970774,46.0,江浙菜,08:00,20:30,"原谷五粮粥,荠菜春卷,葱香鸡蛋饼,红油馄饨,大别山鲜肉汤包,葱油拌面"
40,La Mia Casa意式小馆(上海路店),32.0557166,118.7753664,135.0,西餐,11:30,21:00, 
41,好记大酒店(鼓楼店),32.0579782,118.7876368,185.0,江浙菜,10:00,21:30, 
42,左师傅梅花糕(童家巷店),32.0704492,118.7758115,6.0,面包甜点,08:00,20:00,"豆沙梅花糕,紫薯梅花糕,黑芝麻梅花糕,水果梅花糕"
43,金鹰世界G酒店·天际餐厅,32.0243687,118.7408504,205.0,自助餐,17:30,21:30,"黑松露鹅肝威灵顿牛排,澳龙,烤鹅肝,惠灵顿,烤生蚝,烤羊排"
44,北书房·墨宴(国际博览中心店),31.9925627,118.7254816,451.0,江浙菜,10:30,21:30,"板栗鹅肝,黄金脆带鱼,酥皮牛肉,椒麻去骨双舌,桂花桃胶,紫山药酿羊肚菌"
45,睿扬农府·农家故事(南京示范店),32.0576715,119.0484569,71.0,江浙菜,09:00,21:00,"老淮扬红烧狮子头,忘不了酸菜鱼王,扬州鸡汁干丝,粗粮小米锅巴,民间老母鸡汤,杂粮土公鸡"
46,和满楼(丰富路店),32.0332528,118.7796719,37.0,江浙菜,07:00,21:00,"黑椒牛眼粒,虾籽馄饨,虾仁蒸饺,松籽烧麦,千层油糕,蟹黄灌汤包"
47,古南都·清真绿柳居菜馆(太平南路店),32.0345026,118.7922593,48.0,清真菜,07:00,20:30,"绿柳素菜包,牛肉锅贴,牛肉汤包,松鼠桂鱼,豆沙包,老火蜜汁藕"
48,多哩小馆(大行宫店),32.0391474,118.7970054,93.0,江浙菜,11:00,21:00,"玉米烙,酸汤鱼片,美极腰片,酱油河虾,臭豆腐肥肠煲,一锅鲜,干烧大鱼头,甜米酒,上汤娃娃菜,红烧鱼面筋"
49,烧肉放映室3.0和牛烤串,32.012459,118.7875452,130.0,烧烤,11:30,24:00,"焦糖布丁,放映室招牌牛肉串,极上眼肉,横膈膜,放映室色拉,墨鱼香肠"
50,宝记烧烤(文体路店),32.0218526,118.7580317,101.0,烧烤,17:30,03:00,"蒜泥小龙虾,蒜香生蚝,大羊肉串,掌中宝,香辣烤翅,温莎鸡爪"
51,南京金茂威斯汀大酒店·湖影中餐厅,32.0720403,118.7829199,310.0,粤菜,11:00,21:00,"吮指玻璃脆皮乳鸽,雨花茶碧炒青虾仁,虾饺,大煮干丝"
52,南京香格里拉大酒店·江南灶·云府,32.0783946,118.7825934,1200.0,江浙菜,11:00,22:00, 
53,新晶丽酒店晶·布菲海鲜烧烤自助,31.991527,118.793027,176.0,自助餐,17:30,21:00, 
54,新晶丽酒店·南京精菜馆,31.991518,118.793022,256.0,江浙菜,09:00,22:00, 
55,南京苏宁钟山国际高尔夫酒店·兰亭,32.0786355,118.8772814,300.0,自助餐,06:30,21:30,"鹅肝,蒜蓉烤生蚝,主菜M5战斧牛排,蜜瓜火腿,芝士意面,提拉米苏"
56,眷江南之小蓝鲸(王府大街店),32.0384616,118.7792248,74.0,江浙菜,11:00,21:00,"鲶鱼粉皮,香芋排骨,咸蛋黄锅巴,秘制猪手,鱼籽烧鱼泡,馋嘴蛙"
57,芳婆糕团店(王府大街店),32.0381377,118.7789831,14.0,小吃,04:00,18:30,"老卤蛋,糖芋苗,赤豆元宵,乌饭"
58,永和园酒楼,32.022559,118.7874429,43.0,江浙菜,07:00,20:30,"开洋干丝,蟹壳黄烧饼,鸭血粉丝汤,赤豆小元宵,盐水鸭"
59,耕读山阴里(山阴路店),32.0558413,118.7666783,251.0,江浙菜,09:30,21:30,"蒜蓉澳洲小青龙,薏仁米虾球,黄姜腊鸭舌,海花牛腩,醋汁西芹"
60,第一冰糖蜜汁藕(瑞金路店),32.0320149,118.8082919,18.0,小吃,07:00,19:00, 
61,清真马祥兴菜馆(云南北路店),32.0664806,118.7793551,63.0,清真菜,07:00,20:00,"石锅半汤牛肉,牛肉锅贴,美人肝,松鼠鱼,凤尾虾,牛肉汤包,盐水鸭,羊肉串,羊汤,熏鱼面"
62,鸡鸣汤包(狮子桥店),32.0671541,118.7778311,26.0,小吃,07:30,21:30,"鸡汁汤包,菊叶汤包,鸭血粉丝汤,鸡汤馄饨,赤豆元宵,桂花糖芋苗"
63,蜜汁藕(三七八巷店),32.015391,118.7909216,17.0,小吃,07:00,19:00, 
64,小龙大肉面馆,32.0064117,118.7938479,27.0,小吃,07:00,14:30,"大肉面,肥肠面,排骨面,熏鱼面,雪菜肉丝"
65,南京古南都大桥饭店（阅江楼风景区店）·江苏酒家(建宁路店),32.0927902,118.7540455,107.0,江浙菜,11:00,20:00,"响油鳝糊,一品全家福,金陵炖生敲,三鲜烩鱼肚,榴莲酥"
66,南京卓美亚酒店·酌鱻,31.9912083,118.7093371,859.0,西餐,17:30,21:30, 
67,南京卓美亚酒店·陆潮新派中餐厅,31.9911915,118.709351,526.0,粤菜,11:30,21:30, 
68,俺家小院·水墨盛宴(徐庄店),32.0952684,118.8850531,148.0,江浙菜,10:30,21:00, 
69,南京大牌档(德基店),32.042689,118.784679,70.0,江浙菜,11:00,21:30,"古法糖芋苗,老鸡汤馄饨,珍珠菊叶翡翠丸子,桂花糕,鱼汤手擀面,麻辣鸭血,狮子头,煎饺,一桶鲜,臭豆腐"
70,桂满陇(南京德基广场一期店),32.0431228,118.7846635,107.0,江浙菜,10:30,21:00,"吮指鸡爪,东坡肉,胡味油爆虾,鸡丝凉面,红糖糍粑,龙碗,西湖醋鱼,烤榴莲,苏小小豆腐,江南花田"
71,陶记正宗德州扒鸡(科巷店),32.0388621,118.7968185,13.0,小吃,07:00,17:00, 
72,章云板鸭(评事街店),32.0300954,118.7803678,46.0,小吃,07:00,19:00,"烤鸭,盐水鸭,素鸡,凤爪,鸭翅,酱鸭,脆皮烤鸭"
73,强烨饭店(长白街店),32.0390327,118.7987115,148.0,江浙菜,11:00,21:00,"鸭舌田鸡嘟嘟煲,抽炝腰花,蛋黄对虾,抽炝墨鱼仔,溧阳白芹,金陵双臭"
74,南京珺懋酒店傲途格精选·锲舍餐厅,32.0715722,119.0041158,365.0,融合菜,12:00,21:00, 
75,小潘记鸭血粉丝汤,32.0407378,118.793265,34.0,小吃,08:00,20:00,"小潘记特色鸭血粉丝汤,鸭杂粉丝汤,鸭肝,鸭舌,烧饼,锅巴"
76,清真·金宏兴鸭子店,32.0340063,118.7818633,46.0,清真菜,07:00,19:00,"烤鸭,盐水鸭,鸭翅膀,鸭胗,鸭舌"
77,四川酒家(太平南路店),32.0366746,118.7936397,55.0,川菜,06:00,20:00,"鱼香肉丝,麻婆豆腐饭,酸汤鱼片,松鼠桂鱼,毛血旺,宫保鸡丁"
78,刘长兴(逸仙桥店),32.0402345,118.8029734,24.0,小吃,06:00,20:00,"蟹黄包,薄皮小笼包,香菇蒸饺,三鲜馄饨,赤豆桂花小元宵"
79,禾牛社·和牛寿喜烧自助火锅(水游城店),32.0238449,118.785303,142.0,自助餐,10:30,22:00, 
80,南京绿地洲际酒店·云端酒吧,32.0607854,118.7833726,136.0,酒吧/酒馆,14:00,24:00,"云端莫吉托,云端新加坡司令,云端长岛冰茶"
81,四鹤春面馆(洋珠巷店),32.0232825,118.7787389,25.0,小吃,06:00,13:30,"全家福面,小笼包,皮肚面,小排面,熏鱼面,鳝鱼面"
82,绿柳居(夫子庙店),32.022545,118.787435,45.0, ,08:00,20:30, 
83,民国红公馆·秦淮八艳(夫子庙店),32.01958,118.7884805,285.0,江浙菜,11:00,21:00, 
84,韩复兴(湖北路店),32.0680535,118.7770379,59.0,小吃,07:30,21:00,"珍品盐水鸭,烤鸡腿,香辣鸭肫,卤鸡脚,鸭翅,鸭心"
85,老鼓楼汤包(太平门店),32.0579023,118.8109143,29.0,小吃,06:00,20:00,"原味汤包,鸭血粉丝,菊叶汤包,鸭血馄饨,赤豆酒酿元宵,蟹黄汤包"
86,安家桂花汤圆(茶南店),32.0307228,118.7488225,12.0,小吃,06:30,20:00,"黑芝麻馅汤圆,豆沙馅汤圆,桂花赤豆元宵,青团,蛋黄鲜肉粽,烤鸭蛋"
87,丁老爷子苏香圆鱼馆,32.0589485,118.8173321,184.0,江浙菜,09:00,21:00,"胡萝卜鱼,蟹黄炒蟹腿,素鱼翅,扬州狮子头,拆烩鲢鱼头,满口清香"
88,南京大牌档(中山陵店),32.040979,118.835674,70.0,江浙菜,11:00,21:00, 
89,南京涵碧楼酒店·L Bar 大堂吧,32.040752,118.722519,189.0,本帮菜,11:30,21:30, 
90,南京园博园英迪格酒店·脉餐厅,32.0732475,119.0005385,331.0,西餐,07:00,21:30, 
91,咸亨酒店(夫子庙店),32.018918,118.789425,103.0,江浙菜,11:00,21:00, 
92,南京金陵饭店·金海湾自助餐厅,32.04261,118.78248,198.0,自助餐,11:30,21:00, 
93,肉大爷屋(新街口店),32.0424237,118.7813399,84.0,烧烤,11:00,21:00,"中华凉面,凡尔赛芝士棒,巨人鱿鱼,捣蛋的香菇,大爷灵魂烤鸭血,功夫蒜香五花肉"
94,南京丽思卡尔顿酒店·FLAIR,32.0449501,118.7851029,270.0,酒吧/酒馆,17:30,01:00, 
95,全聚德(新街口店),32.040332,118.7803261,142.0,北京菜,11:00,21:00,"全聚德烤鸭,咖喱锅巴虾球,烤鸭泡饭,蜜汁糯米藕,招牌生煎,冰菜,特色手撕牛肉,芥味鸭掌,南瓜包芯小丸子,椒盐鸭架"
96,蟹满楼·蟹黄面(新街口店),32.0376629,118.7828126,85.0,小吃,10:00,22:00, 
97,项记面館(明瓦廊店),32.0369925,118.7832038,22.0,小吃,09:30,20:00,"老头面,全家福,香肠火腿肠面,皮肚肉丝面,香肠猪肝面,香肠肉丝面"
98,WINE THIEVES neo-bistro,32.0378279,118.7782611,185.0,西餐,11:00,22:00,"松露蘑菇酥皮汤,BBQ慢烤猪肋排,烟肉烤虾,鹅肝和牛小汉堡,牛蛙腿,意式番茄肉酱宽面"
99,卓粤拉肠(红庙店),32.0475632,118.7908614,22.0,快餐简餐,10:30,21:30,"秘制叉烧肠,荔湾艇仔粥,游水鲜虾肠粉,爽滑牛肉粥,皮蛋瘦肉粥,黄金油条肠粉"
100,螺丝找虾(1912店),32.0462221,118.7979576,174.0,小吃,17:00,03:00, 
101,草桥清真牛肉锅贴扁食店(红土桥店),32.0299167,118.778108,25.0,小吃,05:00,19:00,"牛肉锅贴,牛肉馄饨,牛肉汤,牛蹄筋,牛肉面,牛杂汤,牛肉煎包,牛杂粉丝汤"
102,同庆楼(珠江路店),32.0485904,118.7971633,129.0,徽菜,11:00,20:30, 
103,朱氏梅花糕,32.0546692,118.7741784,6.0,小吃,07:00,20:30,"紫薯梅花糕,素鸡热干面,梅干菜杂粮煎饼,云南布拉卷粉,豆沙梅花糕"
104,清真·金同記 JinTongJi(夫子庙站店),32.0246451,118.790985,35.0,清真菜,06:00,20:00,"牛肉锅贴,牛肉馄饨,红柳羊肉串,桂花赤豆元宵,牛肉小笼汤包,牛肉汤"
105,陆家鸭子,32.030131,118.7665745,37.0,小吃,07:00,18:00,"烤鸭,盐水鸭,真空鸭肫,鸭心,鸭肠"
106,陈家鸭子店(文体西路店),32.0307404,118.7600334,35.0,小吃,08:00,18:30, 
107,都市里的乡村,32.0663109,118.7798282,197.0,江浙菜,11:00,21:00,"烧软兜,黄豆烧麻鸭,肚包鸡,独蒜烧肥肠,大青菜肉圆,生炝芦蒿"
108,小李汤包(殷高巷店),32.0177716,118.77702,23.0,小吃,05:00,20:00,"小李汤包,蟹黄汤包,鸭血粉丝汤,水晶烧麦,千里香馄饨,鸭杂锅巴汤"
109,罗莱夏朵·南京颐和公馆·Le Siècle by Mauro Colagreco 百年,32.0641535,118.7700127,751.0,西餐,17:30,21:30, 
110,禾牛社·和牛寿喜烧自助火锅(环宇城店),32.0453392,118.752517,133.0,火锅,11:00,21:30, 
111,多少楼台烟雨中·淮扬小酒馆,32.0126656,118.7878364,149.0,江浙菜,11:00,22:00, 
112,南京金茂威斯汀大酒店·湖景知味西餐厅,32.0720007,118.7831699,144.0,自助餐,07:00,21:00, 
113,永隆·麺art of noodle(江东店),32.0141784,118.734691,318.0,小吃,11:30,21:00, 
114,南京东郊国宾馆·晶丽海鲜自助餐厅,32.0583037,118.8472406,225.0,自助餐,11:30,21:00, 
115,南京金奥国际酒店·Vancouver Grill温哥华扒房,31.998029,118.7244972,901.0,西餐,17:30,22:00,"战斧牛排,伊比利亚黑猪5J火腿,加拿大龙虾浓汤,香煎鹅肝,天妇罗明虾,奶油蘑菇汤"
116,国际青年会议酒店(南京国际青年文化中心店)·后味道中餐厅,31.9907676,118.7084522,226.0,江浙菜,11:30,20:30, 
117,家·餐厅JIA restaurant(金陵饭店),32.04253,118.782799,385.0,火锅,17:30,22:00, 
118,猫抓烤肉(新百店),32.0411599,118.7854037,107.0,韩国料理,10:30,24:00,"洋葱牛小粒,咔吧鸡脆骨,猫抓布丁,谷饲带皮猪五花,可尔必思青柠檬,澳洲火山牛肉片,蓝色香蕉莫吉托,猫爪布丁,海鲜芝士石锅饭,泡椒肥牛"
119,西堤牛排(德基店),32.044417,118.784751,166.0,西餐,11:00,21:00,"西提厚牛排,象牙蚌海鲜浓汤,焦糖南瓜布丁,樱桃乳酪蛋糕,鸡肉,提拉米苏,马德里薄切生牛肉,欧风红酒烤牛舌,水果沙拉,板腱厚牛排"
120,左庭右院鲜牛肉火锅(南京德基店),32.044461,118.784707,143.0,火锅,10:30,22:00, 
121,南京丽思卡尔顿酒店·馨逸全日餐厅,32.0451949,118.7850324,363.0,西餐,11:30,21:30, 
122,南京中心大酒店·本味餐厅,32.045544,118.783302,200.0,江浙菜,10:00,21:00,"黑炭和牛肉,芥末汁明虾球,桂花香橙冰糖藕,盐水鸭"
123,渔寿司(艾尚天地店),32.046906,118.784307,141.0,日本料理,11:00,21:00, 
124,bluefrog蓝蛙(艾尚天地店),32.0472416,118.7849069,154.0,西餐,10:00,01:00, 
125,哎抖猪蹄(新街口店),32.0373517,118.788044,34.0,小吃,10:30,23:30, 
126,翠竹小馆(三元巷店),32.0350391,118.7835461,97.0,江浙菜,10:00,06:00, 
127,书香世家酒店(南京新街口三元巷店)·苏芳园餐厅,32.034903,118.782666,150.0,江浙菜,11:30,20:30, 
128,笑云开汤包店(网巾市店),32.0462737,118.7909639,21.0,小吃,05:30,21:00,"鲜肉鸡汁汤包,特色蟹黄汤包,特色三鲜烧卖,猪肉荠菜蒸饺,鸭杂汤,大碗馄饨"
129,金陵杨家馄饨店(曹都巷南京总店),32.0338266,118.7811185,14.0,小吃,07:00,20:00, 
130,罗子龙罗家桂花汤圆(曹都巷店),32.0340082,118.7804415,12.0,小吃,07:30,20:00,"红豆沙汤圆,芝麻馅汤圆,桂花赤豆元宵,罗家桂花汤团,鲜肉馅汤圆,鸭蛋黄肉粽子"
131,普艾斯·泰 POETS·Thai泰国菜餐厅酒吧(金鹰店),32.0511209,118.7845453,150.0,东南亚菜,11:00,22:00, 
132,Urbancamp,32.0350296,118.7915854,41.0,咖啡店,08:30,18:00, 
133,民国红公馆(总统府店),32.0442744,118.7956302,276.0,江浙菜,11:00,21:00, 
134,鸿福面馆(科巷店),32.0389033,118.7959136,30.0,小吃,07:00,21:00,"全家福,小鸿福,三鲜面,皮肚香肠面,皮肚猪肝面,赤豆元宵"
135,craftsman101%面包(珠江路店),32.0492763,118.7930891,26.0,面包甜点,07:30,21:00, 
136,来福食糖(碑亭巷店),32.047704,118.7950514,28.0,面包甜点,11:00,21:00, 
137,clip coffee,32.0506301,118.7930265,27.0,咖啡店,08:00,17:00, 
138,南京圣和府邸豪华精选酒店·行者书屋,32.042801,118.799088,150.0,面包甜点,09:00,23:00, 
139,许记大碗皮肚面馆(三条巷店),32.0392856,118.8014722,26.0,小吃,07:00,20:30, 
140,御料亭(荔枝广场店),32.057781,118.785491,183.0,日本料理,11:00,22:00, 
141,UNIUNI(凯瑟琳广场店),32.0594367,118.7888956,46.0,面包甜点,07:00,16:00, 
142,bluefrog蓝蛙(水游城店),32.0232848,118.7864382,145.0,西餐,10:00,24:00,"林德曼桃子啤酒,水果色拉,墨西哥薄饼,粉象,经典梦奇多,汉堡嘉年华,海鲜意面,火爆辣鸡香蒜披萨,布丁,薯条"
143,绿地洲际酒店·粤翠轩,32.060767,118.783009,195.0,粤菜,11:30,21:00, 
144,瞻老元面馆(双塘路店),32.0229637,118.7727376,25.0,小吃,06:00,20:00,"什锦素交面,小排面,麻油素干丝,爆鱼面,鳝鱼面,雪菜肉丝面,拆烧面,熏鱼小排面,鲜肉小笼包,雪菜面"
145,叶新小吃店(来凤小区总店),32.0198765,118.7741965,24.0,快餐简餐,10:00,19:00,"鸭血粉丝,香脆烧饼,鸭血干丝,鸭肝,鸭肠,鸭胗"
146,汪家馄饨(集庆路店),32.0188229,118.7751934,12.0,小吃,06:00,13:00, 
147,李荣兴,32.0264674,118.7603971,23.0,小吃,06:00,19:00,"牛肉锅贴,牛肉馄饨,熏鱼面,牛肉汤,牛杂汤,五香牛杂面"
148,小厨娘淮扬菜(湖南路店),32.0693444,118.778181,113.0,江浙菜,11:00,20:30, 
149,LIGHT COFFEE(秦淮河店),32.013312,118.7841924,37.0,咖啡店,10:00,19:00, 
150,寻魏·金陵十二菜(老门东店),32.0121911,118.7872754,177.0,江浙菜,11:00,21:00, 
151,小马邮礼BOX(老门东店),32.01224,118.78787,49.0,面包甜点,11:00,21:00, 
152,南京颐和芥子园酒店·万国春中菜馆,32.0119081,118.7887317,251.0,江浙菜,17:00,22:00,"蛋烧卖,东坡肉,松鼠桂花鱼"
153,朱记小郑酥烧饼(老门东店),32.0117244,118.7869133,10.0,小吃,06:00,20:30,"梅干菜烧饼,葱油烧饼,鲜肉烧饼,黑芝麻烧饼,豆沙烧饼,肉松烧饼,萝卜丝烧饼,桂花糖烧饼"
154,大巴山火锅(老门东店),32.0116778,118.7871417,129.0,火锅,11:00,22:00, 
155,陆氏梅花糕(老门东店),32.0115242,118.7866547,9.0,面包甜点,09:00,21:00,"豆沙馅梅花糕,水果馅梅花糕,年糕烧,全家福鸭血粉丝汤,鸡蛋汉堡,烤鸭卷"
156,寻魏·随園(老门东店),32.0114208,118.7868792,291.0,江浙菜,11:00,21:00, 
157,夜上海(虹悦城店),32.0090529,118.7650226,163.0,其他中餐,11:00,22:00, 
158,同庆楼(建邺万达店),32.0336746,118.734795,151.0,江浙菜,11:00,21:00, 
159,开通CAFE&BOOK(喜马拉雅店),31.9664756,118.8030107,41.0,咖啡店,10:00,18:00, 
160,刘佬大香蛙馆,31.9438275,118.7883675,75.0,川菜,11:00,23:30, 
161,南京富力万达嘉华酒店·美食汇全日餐厅,31.951991,118.84494,182.0,自助餐,17:30,21:00,"日式寿司,日式开胃菜,日式烧鸟,麻辣小龙虾,现炒小海鲜,铁板烧-牛排,铁板烧-羊排"
162,南京瑞斯丽酒店·咖啡西餐厅,32.0402564,118.64309,122.0,自助餐,06:30,10:00, 
163,米纸越南小馆(IFCX店),32.0410698,118.7836639,75.0,东南亚菜,11:00,21:00,"咖喱鸡肉饭,河内熟牛肉汤河粉,越式酸辣海鲜汤河粉,越式香茅烧肉,小食拼盘,布丁,越氏香茅鸡排,拉椰叶包鸡,烤鸡翅,越式蔬菜沙律"
164,曼谷街头(国际金融中心店),32.0407502,118.7837024,82.0,东南亚菜,10:30,21:30, 
165,南京金陵饭店·太平洋,32.0425406,118.7828097,585.0,西餐,11:30,22:00, 
166,L'Arôme芳芳法国餐厅(金陵饭店总店),32.0426457,118.7825928,428.0,西餐,11:30,21:30,"巧克力熔岩蛋糕,蘑菇汤,炭烤澳洲牛菲力,香煎龙利鱼配鲜虾,传统洛林熏肉派,蓝莓马卡龙,香煎龙利鱼配鲜虾肉泥,澳洲牛舌薄片沙拉,黄金南瓜汤,海鲜意面"
167,鱼四季(德基广场店),32.0441128,118.7845875,427.0,日本料理,11:00,21:30, 
168,波派韩料集市,32.0430007,118.7816286,71.0,韩国料理,11:00,22:00,"酱油炸鸡,薯条四兄弟,原味炸鸡,部队锅,海鲜拉面,海鲜鱼饼,特色鱼饼,特色三拼,饮料,甜辣酱油双拼"
169,比萨玛尚诺(德基广场店),32.044721,118.784721,123.0,西餐,10:00,22:00, 
170,帝粤轩,32.0451949,118.7850324,696.0,粤菜,11:30,21:30, 
171,九鼎轩脆毛肚火锅(新街口店),32.0373886,118.7860137,97.0,火锅,11:00,03:00, 
172,柏烤堂烧烤(洪武路店),32.03875,118.788674,99.0,烧烤,16:00,01:00,"烤花菜,金针菇,鸭舌,烤四季豆,kebab,脆骨,烤馒头,扇贝,蛋炒饭,椒盐虾婆"
173,橘焱胡同烧肉夜食(南京艾尚店),32.0471788,118.7849905,361.0,烧烤,11:30,22:00,"烤肉酱牛排,蟹膏干贝,牛肋条,烤虾,苹果西打,意大利蘑菇,烤秋葵,扇子肉,杏鲍菇,烤饭团"
174,渔沪烤鱼(苏宁广场店),32.0370416,118.7866701,72.0,川菜,10:30,21:00, 
175,七秒鱼(新街口店),32.0366492,118.7853501,106.0,火锅,10:00,22:00, 
176,德天肥牛海鲜火锅(王府大街店),32.0377734,118.7785958,129.0,火锅,11:00,01:30,"海鲜拼盘,蔬菜面,蔬菜拼盘,青口贝,招牌肥牛,三鲜锅,菌类大拼,鹌鹑蛋小,海鲜拼盘小,德天鲜毛肚"
177,小厨娘淮扬菜(新街口艾尚天地店),32.0480876,118.7844657,132.0,江浙菜,11:00,21:00, 
178,老头爱马仕酸豇豆炒饭(丰富路店),32.0351202,118.7804213,37.0,快餐简餐,08:00,02:30,"三鲜炒饭,酸缸豆大肠炒饭,雪菜肉丝炒饭,红烧肚丝炒饭,红烧鸡块炒饭,红烧肉炒饭"
179,金顺·老南京菜馆(新街口店),32.0380047,118.79154,133.0,小吃,10:30,02:00, 
180,大卫厨房·牛排·比萨·意面(红庙店),32.0475455,118.7899492,61.0,西餐,10:00,21:30, 
181,金丝利喜来登酒店.采悦轩中餐厅,32.04203,118.771255,245.0,江浙菜,11:00,21:00, 
182,阿拉丁新疆风味餐厅·清真(罗廊巷店),32.0410834,118.7711831,89.0,新疆菜,11:00,21:30,"馕坑架子肉,阿拉丁大盘鸡,东乡手抓肉"
183,鱼留唇油爆椒麻鱼(罗廊巷直营店),32.0397517,118.7711466,64.0,火锅,10:00,04:00,"麻辣脑花,秘制酸菜锅,武汉辣鸭头,重庆辣子鸡,双椒小公鸡,剁椒皮蛋,激情椒麻,酸菜鱼,青鱼激情椒麻,手撕风鸡"
184,宝莱纳啤酒花园餐厅Paulaner Bräuhaus Nanjing,32.0503949,118.7751324,156.0,西餐,10:00,20:00, 
185,藤原布二(五台山店),32.0516767,118.7718851,183.0,日本料理,11:00,22:30, 
186,评事街老太皮肚面,32.0278398,118.7793262,23.0,小吃,07:00,19:00,"皮肚腰花面,三鲜面,皮肚大肉面,皮肚大排面,皮肚油渣面,全家福"
187,翠贝卡好莱坞电影主题酒吧(王府园路店),32.0269856,118.7862319,148.0,酒吧/酒馆,10:00,02:00,"小吃拼盘,牛肉卷,樱桃啤酒,芝士条,火爆辣鸡香蒜披萨,招牌重芝士蛋糕,巴哈马妈妈,新加坡司令"
188,好记大酒店(大中华店),32.026164,118.7851157,225.0,江浙菜,10:30,21:30, 
189,成都娃娃花园餐厅 Garden Restaurant & Lounge,32.055745,118.7750086,119.0,川菜,11:00,20:30,"老板的牛肉,红糖糍粑,辣子鸡,担担面,柠檬藕片,白芹炒香干,藤椒水煮鱼,激情鱼蛙恋,椒麻藿香鱼,水煮鸭舌"
190,维多利亚港咖啡VICTORIA BAY CAFE(熙南里店),32.0259348,118.7826812,78.0,咖啡店,09:30,22:00, 
191,瓶子菜馆(熙南里店),32.0255921,118.7824706,100.0,江浙菜,10:30,21:30, 
192,WANG STEAK王品(南京中山南店),32.025183,118.782197,392.0,西餐,11:30,21:00,"香颂玫瑰露,焦糖冰淇淋,蜜桃气泡酒,酸梅汤,酥皮海鲜清汤,皇家牛排,焦糖冰激凌,蘑菇沙拉,海陆大餐,酸梅冰沙"
193,晶丽酒店香榭自助餐吧,32.058783,118.77944,105.0,自助餐,07:00,21:00, 
194,BROWNSTONE布朗石西班牙餐厅酒吧(紫峰店),32.0603762,118.7828633,214.0,西餐,11:00,23:00, 
195,勿相忘串串香(水平方店),32.0234258,118.7869307,75.0,火锅,11:00,21:00,"老妈蹄花,麻辣脑花,麻辣鸭血,酒酿凉粉,核桃奶,无醇酒酿汁,油碟,清辣脑花,干碟,土匪牛肉"
196,巴子面馆(玉带园店),32.0239384,118.7776144,21.0,小吃,05:00,19:30, 
197,艳赤虾·金陵十二虾(夫子庙店),32.0223064,118.7850601,130.0,小吃,11:30,22:00,"砂锅鲍鱼焗跑山鸡,红烧田鸡,慈城年糕红烧肉,南京传统松鼠鱼,避风塘大虾,美极芥味呛腰花"
198,点都德(夫子庙店),32.0217585,118.7918481,97.0,粤菜,10:00,21:00, 
199,清真·莲湖糕团店(贡院西街店),32.0210427,118.7895738,17.0,小吃,11:00,21:00,"莲子赤豆元宵,牛肉锅贴,三色糕,桂花马蹄糕,黑芝麻青团,虾米牛肉馄饨"
200,鲁氏汤包王(长白街店),32.0218202,118.7950482,24.0,小吃,05:30,20:00,"蟹黄汤包,千里香馄饨,虾仁汤包,鸭血粉丝,鸭血馄饨"
201,南京大牌档(夫子庙贡院街店),32.0203393,118.7904064,72.0,江浙菜,11:00,21:30,"鸭血粉丝煲,招牌盐水鸭,老牌阳春面,民国美龄粥（小份）,古法糖芋苗,江米扣肉"
202,夏记早点,32.0177228,118.7819767,11.0,小吃,05:00,10:30, 
203,里山四季中餐厅(来凤街店),32.0201462,118.770341,131.0,烧烤,10:30,21:00, 
204,小厨娘淮扬菜(龙蟠汇店),32.0214606,118.8011063,193.0,江浙菜,11:00,20:30, 
205,索菲特银河宫中餐厅,32.06745,118.77248,198.0,江浙菜,11:30,21:30, 
206,蔣有記(老门东店),32.0117389,118.7868641,25.0,小吃,08:30,20:30,"牛肉锅贴,牛肉馄饨,牛肉汤,牛杂汤,麻辣牛肠,干切牛肉面"
207,南京大牌档(老门东店),32.0112163,118.7863415,78.0,江浙菜,11:00,21:00,"民国美龄粥,天王烤鸭包,南京素什锦,古法糖芋苗,金陵烤鸭,王府泡椒鸡"
208,川味1号怀旧火锅(金茂览秀城店),32.0727136,118.78318,103.0,火锅,11:00,22:00, 
209,南京大牌档(金茂览秀城店),32.0730178,118.7831563,72.0,江浙菜,11:00,21:00, 
210,悠云咖啡 Coffee(万达金街店),32.0339353,118.7438298,49.0,咖啡店,07:00,21:30, 
211,泰顺江南春面馆,32.0087544,118.7699539,27.0,小吃,06:00,14:30,"三鲜干挑面,腰子汤,皮肚面,鸡蛋面,小排,猪肝"
212,潮极牛鲜·鲜切牛肉火锅(云锦路总店),32.0296257,118.7435209,148.0,火锅,11:30,00:30, 
213,帅锅·火锅特色餐厅,32.0784007,118.7827999,170.0,火锅,17:30,23:59, 
214,万氏小胖子烤螃蟹(云锦路总店),32.0291939,118.7434993,170.0,小吃,11:00,03:00,"十三香龙虾,蒜香龙虾,秘制鸡爪,炒花蛤,凉面,辣烤螃蟹,椒盐虾婆婆,螃蟹粥,香辣蟹,干煸四季豆"
215,金陵一哥龙虾馆(三牌楼总店),32.0781051,118.7662498,219.0,小吃,11:00,03:00, 
216,南京朗昇希尔顿酒店·夜泰美餐厅,32.0309002,118.7383003,324.0,东南亚菜,11:30,21:00, 
217,南京希尔顿酒店·粤扬中餐厅,32.031116,118.738136,300.0,粤菜,11:30,21:30, 
218,榕府潮州菜·宴会厅(江东中路店),32.0163324,118.7371443,486.0,川菜,11:00,21:00,"特味三角峰,极品白肉,凤香蓉和,石烹豆腐,铁板牛仔骨,毛血旺,付氏冰粉,南极冰草,原汁海参汤,飘香鸡杂"
219,DQ(南京商厦店),32.091225,118.78463,27.0,面包甜点,10:00,22:00, 
220,云几·南京茶馆(钟山店),32.0525622,118.8444939,252.0,创意菜,10:00,22:00,"甄选鱼头佛跳墙,云几果味红烧肉,淮扬煮干丝,自制年糕烧生态黄鱼,松子排骨,金陵素什锦"
221,南京雨润涵月楼酒店·九九源中餐厅(河西中央店),32.007901,118.732404,285.0,本帮菜,11:30,21:00, 
222,紫金山院,32.048634,118.8493571,566.0,江浙菜,11:30,21:30,"榛果焦糖鸭肝酱葱油饼,黑蒜酱烤牛小排,山院鲍鱼红烧肉,脆皮鸡,山院酱汁黄蚬,桂花醋油爆虾"
223,NIUBEER·世界精酿啤酒博物馆·烧烤·小龙虾(河西旗舰店),31.9924933,118.7335232,181.0,小吃,16:00,02:00, 
224,DQ(南京万古慧店),32.10255,118.81421,27.0,面包甜点,11:00,21:30, 
225,灵谷素面馆,32.0543993,118.8679002,37.0,素食,11:00,15:00, 
226,那家小馆(楚翘城店),31.9715813,118.7643748,140.0,北京菜,11:00,21:30,"桃仁剔炒鸡,霸王黄坛子,那府干酪鱼,秘制酥皮虾,爆酱猪肝,古法烤羊排,米酒奶酪,酥羊肉,那家自制豆腐,酥羊腩"
227,好记·海云间(楚翘城店),31.9715679,118.7642956,145.0,江浙菜,10:00,21:30, 
228,南京卓美亚酒店·巧醍,31.9911975,118.70935,216.0,面包甜点,13:00,18:00, 
229,南京卓美亚酒店·双子汇,31.9911894,118.7093421,364.0,自助餐,06:30,21:00, 
230,南京苏宁钟山国际高尔夫酒店·米兰,32.0787072,118.8773668,797.0,西餐,17:30,22:00, 
231,DQ(南京澳林广场店),32.112199,118.6988005,23.0,面包甜点,10:00,20:30, 
232,玄武苏宁诺富特酒店紫金轩中餐厅(徐庄店),32.086565,118.89142,243.0,江浙菜,11:00,21:30, 
233,南京银城皇冠假日酒店·L咖啡自助餐厅,31.942167,118.81842,157.0,自助餐,17:30,21:00, 
234,南京银城皇冠假日酒店·百家楼中餐厅,31.942124,118.818587,231.0,江浙菜,11:00,21:30, 
235,南京景枫万豪酒店·臻厨西餐厅,31.936463,118.822102,186.0,自助餐,17:30,21:00, 
236,鱼四季创作日本料理(江宁金鹰店),31.932211,118.820696,355.0,日本料理,11:00,21:00,"蒲烧活鳗,牛油果沙拉,鹅肝寿司,三文鱼,碳烤牛舌,北极贝,豚骨拉面,银鳕鱼西京烧,三文鱼肚,大叶虾饼"
237,NIUBEER·世界精酿啤酒博物馆(百家湖1912旗舰店),31.9305239,118.8178977,149.0,火锅,16:00,02:00, 
238,珍宝假日饭店 自助餐厅(江宁店),31.9249994,118.8214,87.0,自助餐,10:00,21:00, 
239,水林间寿喜烧自助(仙林金鹰店),32.1023687,118.926308,197.0,自助餐,11:00,22:00, 
240,南京珺懋酒店傲途格精选·筒仓酒吧,32.0703914,119.0048342,99.0,酒吧/酒馆,19:00,23:00, 
241,南京恒大酒店·大三元中餐厅,31.699654,119.06667,123.0,自助餐,11:30,21:00, 
242,得半庄园草堂餐厅,31.34749,119.029411,95.0,江浙菜,09:00,20:30, 
243,和府捞面(IFCX店),32.0410389,118.7836625,41.0,小吃,10:00,21:00, 
244,也崎西点·生日蛋糕(南京新百店),32.040976,118.7845188,46.0,面包甜点,10:00,21:30,"香蕉巧克力,哈哈芭菲（哈密瓜）,晴王葡萄,板栗梦布朗,提拉米苏,京都晴王塔"
245,海底捞火锅(新街口新百店),32.040868,118.7846724,133.0,火锅,10:00,05:00, 
246,老爷锅(新街口IFCX店),32.0405659,118.7836697,66.0,火锅,10:30,21:00, 
247,小锄匠·寿喜烧·日料(新百店),32.0406849,118.7847579,106.0,日本料理,11:00,21:00, 
248,松鹤楼面馆(德基店),32.0432414,118.7848888,71.0,小吃,10:30,20:30, 
249,咖麦乐食集(新百店),32.0410632,118.7855244,75.0,东南亚菜,10:30,20:30,"红丝绒蛋糕,凯撒沙拉,越南滴漏咖啡,神清爽肤,欧巴绿巨人,欧巴牛油果"
250,gaga(德基广场店),32.043398,118.785047,139.0,西餐,10:00,22:00,"gaga超级沙拉,迷你和牛汉堡,鸡肉奶油蘑菇窄意面,泡菜牛肉饭,炸宽薯条,烤春鸡"
251,Rose of sharon·沙伦玫瑰牛排馆·和牛专卖(金陵店),32.043294,118.7826836,971.0,西餐,11:00,22:00, 
252,哈根达斯(新百店),32.040401,118.785459,74.0,面包甜点,10:00,22:00, 
253,文三酒肆(新街口友谊广场店),32.0414378,118.7814825,279.0,日本料理,11:00,21:00, 
254,必胜客(中央店),32.039556,118.785588,79.0,西餐,07:30,23:00, 
255,久赞烧鸟·居酒屋(德基广场店),32.0445046,118.7853011,157.0,日本料理,11:00,21:30, 
256,小酒小肉烤串店(新街口店),32.039717,118.7819,95.0,烧烤,16:30,03:00, 
257,禄合门美蛙火锅(新街口旗舰店),32.0389804,118.7835893,88.0,火锅,11:00,22:00, 
258,串酒屋·成都串串火锅烧烤(新街口店),32.0391523,118.7823677,97.0,小吃,11:00,02:00, 
259,鱼满庭·3斤大活鱼(新街口店),32.038683,118.783337,82.0,川菜,10:30,21:00, 
260,海鲨湾海鲜会馆(新街口店),32.0432729,118.7804192,366.0,火锅,10:00,20:30,"上选肥牛,海参,国宴油条"
261,川味1号怀旧火锅(新街口大洋百货店),32.0385583,118.783633,113.0,火锅,11:00,22:00,"现切嫩牛肉,虾滑,乌鸡卷,现炸酥肉,鲜鸭血,红糖糍粑"
262,扉宴·江浙名菜(新街口店),32.0404608,118.780411,300.0,江浙菜,10:00,21:30,"清蒸小黄鱼,三丝鱼翅羹,扉宴乳鸽王,青椒汁桂鱼,金汤蟹黄养生黑豆腐,百芹肉丝小韭菜"
263,DQ(南京金轮店),32.042574,118.779994,30.0,面包甜点,10:00,21:30, 
264,西贝莜面村(金鹰新街口店),32.0414316,118.7799331,99.0,西北菜,11:00,21:00, 
265,东发道茶冰廰LAB(新街口店),32.038419,118.78353,92.0,粤菜,11:00,21:00, 
266,多佐寿喜烧,32.0388784,118.7818847,171.0,自助餐,11:00,21:00, 
267,萨莉亚意式餐厅(石鼓路店),32.0386714,118.7822705,47.0,西餐,10:00,21:30, 
268,随遇而安Cafe(石鼓路店),32.0390129,118.7815455,32.0,咖啡店,08:00,21:00, 
269,Wagas沃歌斯(金鹰新街口店),32.041446,118.7797696,87.0,西餐,08:00,20:00, 
270,煲盛宫锅物料理(石鼓路店),32.0380399,118.7835349,90.0,火锅,11:00,22:00,"野生虫草花,牛肉丸汤,猪肚鸡,煲仔饭,雪花牛舌"
271,陈艳红市井火锅(新街口店),32.038799,118.786827,95.0,火锅,10:00,22:00, 
272,精灵阁咖啡,32.0402575,118.7796911,62.0,咖啡店,11:30,22:00, 
273,初味紫砂烤梨(印象汇店),32.0384975,118.7866311,14.0,面包甜点,10:00,20:30, 
274,米纸越南小馆(金鹰新街口店),32.041554,118.7792076,87.0,东南亚菜,11:00,21:00, 
275,裕德孚北京涮羊肉(金鹰新街口店),32.0415097,118.7791685,136.0,火锅,11:00,21:00, 
276,崔欢禧韩食店(新街口店),32.0377876,118.784541,94.0,韩国料理,11:00,01:00,"碳烤活鳗鱼,韩式厚切五花肉,招牌秘制肥牛,九宫炸鸡,芝士玉米粒,春川炸酱面"
277,冯三孃跷脚牛肉(新街口直营店),32.0380876,118.782016,72.0,川菜,11:00,22:00, 
278,津小二寿喜烧·酒场(新街口店),32.038751,118.7872733,107.0,日本料理,11:00,22:00, 
279,汕头牛基地鲜牛肉火锅(新街口店),32.0375938,118.7852116,120.0,火锅,10:30,24:00, 
280,百姓烤肉馆(明瓦廊店),32.0374891,118.783363,64.0,韩国料理,11:00,22:00, 
281,博欧姆新派韩国料理·炸鸡(艾尚店),32.04637,118.78475,89.0,韩国料理,11:00,21:00,"川味椒麻炸鸡,蒜香蜂蜜炸鸡,芝士拉面炒年糕,秘制酱油炸鸡,芝士球,多肉南瓜粥"
282,九锅一堂酸菜鱼(艾尚天地直营店),32.046478,118.784666,93.0,川菜,10:30,21:30, 
283,和食佬石锅主题餐厅(明瓦廊店),32.0371986,118.7835389,60.0,江浙菜,09:00,22:00, 
284,胡集酒肆·唐潮西域菜(南京首店),32.046637,118.784877,106.0,新疆菜,11:00,21:00,"胡家酸菜鱼,唐古大盘鸡 ,北庭羊腿面包,风味焗蛋黄菌菇 ,无花果酱酸奶凉糕 ,唐三彩凉皮"
285,1886德国汽车餐厅(艾尚天地店),32.046678,118.784618,136.0,西餐,11:00,02:00, 
286,香港名發茶冰厅(中山南路店),32.0369671,118.7843733,75.0,粤菜,11:00,22:00, 
287,BROWNSTONE布朗石西班牙餐厅酒吧(艾尚天地店),32.047023,118.784633,219.0,西餐,11:00,24:00, 
288,春天的初心SUMMERLUCKY·鲜牛肉火锅,32.0470322,118.7847477,111.0,火锅,10:00,22:00, 
289,啫一•古法粤菜(艾尚天地店),32.0470602,118.7847497,111.0,粤菜,11:00,20:30, 
290,国足臭豆腐(明瓦廊店),32.0367553,118.7830857,13.0,快餐简餐,11:00,22:30, 
291,付小姐在成都(新街口店),32.0368032,118.7855441,78.0,小吃,11:00,24:00, 
292,小牛哈尼韩式水煎肉(新街口店),32.0369533,118.7867013,74.0,韩国料理,10:30,21:00, 
293,NICE焗(淘淘巷店),32.0375019,118.7878215,53.0,西餐,10:30,20:30,"泰式虾仁焗饭,多彩沙拉,黑椒牛柳意面,芝士焗生蚝,泰式蜜烤鸡翅,芝士焗原味土豆泥,香烤翅霸,番茄肥牛焗饭,芝士焗扇贝,黑椒牛柳焗饭"
294,渝蛙馆(长江花园店),32.0469194,118.7866053,102.0,川菜,10:30,03:00, 
295,紫滇源云南生态菜(新街口店),32.0369329,118.7868106,93.0,云南菜,11:00,21:00, 
296,Lazy Bedroom赖床咖啡,32.037542,118.7800182,34.0,咖啡店,08:00,21:00, 
297,和食佬石锅主题餐厅(新街口羊皮巷店),32.0364324,118.785265,52.0,江浙菜,09:00,22:00, 
298,亲爱的创意韩国料理·团建聚餐(新街口总店),32.0363834,118.7850322,79.0,烧烤,11:00,21:00, 
299,桥头排骨(丰富路店),32.0364229,118.7853115,18.0,小吃,10:00,22:30, 
300,捞王锅物料理(艾尚天地店),32.0478255,118.7844145,154.0,火锅,08:00,22:00, 
301,Wagas沃歌斯(艾尚天地购物中心店),32.047944,118.7844439,88.0,西餐,10:00,21:00,"香草鸡肉空心面,巧克力蛋糕,金枪鱼沙拉,绿野仙踪,牛油果鸡肉沙拉,菠菜卷,帕尔玛帕尼尼,肉酱面,wagas特色奶昔,南瓜意面"
302,重庆高老九火锅(艾尚天地店),32.04798,118.78446,122.0,火锅,10:00,22:30, 
303,Oasis绿洲西餐吧宴会厅(艾尚天地店),32.0479833,118.7844371,149.0,西餐,11:00,01:00, 
304,糊世刺身(新街口店),32.036124,118.786434,114.0,日本料理,11:00,21:00, 
305,炙上百味·烤吧(新街口店),32.0378483,118.7784721,86.0,烧烤,11:00,01:00, 
306,南京丽思卡尔顿酒店·大堂酒廊,32.047226,118.7797394,241.0,面包甜点,10:00,23:00, 
307,莎莎·麦克西 SALSA MEX(新街口店),32.0355118,118.7869361,72.0,西餐,11:00,21:30, 
308,M.Douler(丰富路店),32.0352885,118.7805276,87.0,西餐,11:30,21:00,"香茅烤春鸡,M.Douler芝士牛肉堡,炙烤五花肉温泉泡菜饭,牛肉薄饼,肉酱意大利面,无花果伊比利亚火腿沙拉"
309,走街串巷(丰富路店),32.0351987,118.7805117,72.0,小吃,11:30,23:00, 
310,靓蛙馆(北门桥店),32.048747,118.787741,87.0,川菜,10:00,24:00, 
311,沐之玫瑰和牛饭,32.037914,118.791603,103.0,西餐,09:00,21:00, 
312,风林火山(丹凤街店),32.0491103,118.7870221,114.0,日本料理,11:30,22:00, 
313,刘家大院·市井老南京菜(红庙店),32.0475161,118.7903959,80.0,江浙菜,09:00,21:00, 
314,周姑娘不等味·龙虾·烧烤(南京店),32.0357881,118.7780746,175.0,小吃,11:00,01:00, 
315,虾一啵龙虾(新街口店),32.037045,118.791435,163.0,小吃,07:00,21:00,"香菜粉皮,爆炒黄喉,十三香龙虾,招牌黑鱼,蒜蓉龙虾,香辣美蛙,红烧牛筋,蛋黄龙虾,蛋黄锅巴,卤鸡手"
316,褚记北京烤鸭店(广州路店),32.0498555,118.7818751,74.0,北京菜,11:00,21:00, 
317,九田家黑牛烤肉料理(新世界百货店),32.049424,118.788276,95.0,韩国料理,09:30,22:00, 
318,幸福朝食部(新世界中心店),32.0493726,118.7887386,75.0,面包甜点,11:00,19:00, 
319,解牛·樂酒·炭火烧肉(D9街区店),32.0450844,118.7936686,192.0,烧烤,11:30,22:00, 
320,寸打丁·CAKATA烘焙蛋糕(新街口店),32.0327363,118.7847037,52.0,面包甜点,09:00,20:00, 
321,蘑菇餐厅(小火瓦巷店),32.0332839,118.7880678,44.0,西餐,11:00,20:30, 
322,五郎丸·创意日料(珠江路金鹰店),32.0512124,118.7849577,118.0,日本料理,11:00,21:00, 
323,渝味晓宇火锅(大行宫店),32.0375739,118.7940535,88.0,火锅,10:30,24:00, 
324,西北合清真西北菜·宁夏滩羊手抓(太平南路店),32.0358769,118.792842,80.0, ,11:00,21:30, 
325,植地雅栽(越界店),32.03714,118.7738109,45.0,咖啡店,10:30,19:00, 
326,飲渡雜貨鋪(珠江路店),32.0516847,118.7860467,132.0,酒吧/酒馆,19:00,02:00, 
327,绿食居,32.0403499,118.7956749,59.0,江浙菜,11:00,21:00, 
328,VonnaCafe(1912店),32.0436863,118.7957086,38.0,咖啡店,08:00,19:30, 
329,鳗亭·料理(1912店),32.0445579,118.795613,317.0,日本料理,11:30,22:00, 
330,小厨娘淮扬菜(牌楼巷店),32.0448626,118.7722331,113.0,江浙菜,11:00,20:30, 
331,芮卡RUIKA(西方巷店),32.0318715,118.7879573,55.0,面包甜点,09:00,18:30, 
332,福印板栗(科巷总店),32.0392919,118.7962545,22.0,小吃,08:30,20:00,"燕山板栗,素鸡凉皮,鸡腿凉皮,火腿肠凉面,鸡蛋凉面,鸭肫凉面"
333,金手鼓·新疆菜(南京店),32.0403852,118.7969441,89.0,新疆菜,11:00,22:00, 
334,啾包·Chirps Bistro,32.050181,118.7928423,117.0,面包甜点,12:00,01:00, 
335,袁老大龙虾(石鼓路总店),32.0415546,118.770306,248.0,小吃,10:00,03:00, 
336,COMMUNE幻师(总统府1912店),32.046014,118.7969562,111.0,西餐,11:00,02:00, 
337,紫滇源云南生态菜(丹凤街店),32.0536306,118.7862345,86.0,云南菜,11:00,21:00, 
338,和满楼(丹凤街店),32.0536214,118.7870759,38.0,江浙菜,07:00,21:00,"虾籽馄饨,松子烧麦,蟹黄汤包,高邮干拌面,高邮阳春面,手工烫干丝"
339,万福炭火烤肉·日本料理(张府园店),32.029952,118.785452,249.0,日本料理,10:00,22:30,"中华海草,文火奶酪三文鱼卷,茶碗蒸,芙蓉蟹黄羹,中落壶牛小排,五花肉,牛舌根,牛肉石锅饭,芝士焗鸡胸肉,炸黑毛猪猪排套餐"
340,谷记烦不了·经典融合菜(南京总店),32.0381566,118.7703661,289.0,小吃,15:00,03:00, 
341,趙大炮烧烤·精酿啤酒厂(大行宫1912店),32.0460011,118.7976314,114.0,烧烤,16:00,02:00,"秘制烤鸡爪,呼伦贝尔羔羊肉串,烤香菇,奥尔良烤翅,窑烤金枕面包,蒜蓉烤茄子"
342,青意小馆,32.052728,118.7935427,107.0,小吃,11:00,22:00, 
343,桃源村糕团(珠江路店),32.0474135,118.8000945,30.0,面包甜点,08:00,21:00, 
344,花好悦园(陶谷新村店),32.054679,118.77536,117.0,川菜,10:30,21:30, 
345,花间煮酒,32.0266096,118.781625,206.0,创意菜,11:00,21:30,"裸秋葵,虾仁南瓜汤,酸辣炸牡蛎,红酱蒜味虾,家常面疙瘩,杨氏鸡爪"
346,夜上海(荔枝广场店),32.0575136,118.7854596,205.0,其他中餐,11:00,21:00, 
347,京岚日式料理(熙南里店),32.026208,118.7824675,323.0,日本料理,11:00,22:00, 
348,红杏酒家·宴会厅(鼓楼·荔枝广场店),32.0576154,118.7857921,119.0,川菜,11:00,21:30,"酸汤江团,担担面,脆皮豆腐"
349,安东鸡(荔枝广场店),32.0579218,118.7855622,106.0,韩国料理,11:00,21:00, 
350,COSTA COFFEE(江苏广电2期店),32.058,118.7852241,38.0,咖啡店,08:00,21:30, 
351,韩姐海鲜大排档(莫愁湖店),32.0352192,118.7666547,147.0,海鲜,10:30,03:00, 
352,月见·蟹料理,32.0255054,118.780247,1426.0,日本料理,11:30,22:00, 
353,苏大姐火锅(升州路店),32.0261718,118.7765373,105.0,火锅,11:00,23:00, 
354,南京晶丽酒店·南京精菜馆,32.0587704,118.7794192,242.0,江浙菜,11:00,21:00, 
355,海底捞火锅(玄武区凯瑟琳店),32.0589737,118.7892679,115.0,火锅,09:00,07:00, 
356,见舍咖啡·西餐(上海路店),32.0578117,118.7746616,101.0,咖啡店,10:00,21:00, 
357,星巴克(凯瑟琳广场店),32.0595702,118.7874936,37.0,咖啡店,07:00,22:00, 
358,先启半步颠小酒馆(水游城店),32.0240486,118.7864437,85.0,川菜,11:00,21:30, 
359,MIU酒吧(环亚凯瑟琳广场店),32.059395,118.789032,603.0,酒吧/酒馆,15:00,05:00, 
360,禄合门美蛙火锅(夫子庙水平方店),32.0240518,118.7870948,88.0,火锅,11:00,22:00, 
361,红厨巷淮扬菜(熙南里店),32.0240394,118.7801406,123.0,江浙菜,10:30,21:30, 
362,集时小白楼(高楼门5号店),32.0602339,118.786194,38.0,咖啡店,09:00,18:00, 
363,花园一号(中央路店),32.0604786,118.7848107,376.0,创意菜,11:00,21:30, 
364,湊湊火锅·茶憩(水游城店),32.023423,118.786453,158.0,火锅,11:00,24:00, 
365,HERB SPICE(来凤街店),32.0261685,118.7719037,155.0,西餐,11:00,21:30, 
366,烤无戒·现拌烤肉(夫子庙店),32.0232349,118.7880683,96.0,烧烤,11:00,23:00, 
367,电台巷火锅(夫子庙直营店),32.0232009,118.7879811,82.0,火锅,11:00,02:00, 
368,辛香汇·锦里(紫峰店),32.0611152,118.783223,73.0,川菜,11:00,22:00, 
369,肥前屋·活烤鳗鱼の人気专门店,32.02272,118.785225,75.0,日本料理,11:00,21:00, 
370,泸溪河桃酥(秦淮夫子庙一店),32.0228226,118.787442,36.0,面包甜点,09:00,21:30, 
371,泰果东南亚餐厅(茂业天地店),32.0224504,118.7854279,112.0,东南亚菜,11:00,21:00, 
372,川浦(茂业天地店),32.0224125,118.7853641,95.0,川菜,11:00,21:30, 
373,晓彭肥肠鸡,32.0222937,118.7852679,80.0,川菜,11:00,22:00, 
374,太食兽泰式茶餐厅(南京来凤街店),32.0243824,118.7710189,134.0,东南亚菜,11:00,21:00, 
375,半闲时光集·书房臻品火锅(瞻园路店),32.0209099,118.7842798,103.0,火锅,11:00,22:00, 
376,FG自由客小菜馆(夫子庙店),32.0204035,118.7819341,90.0,创意菜,10:30,21:30, 
377,慢城故事音乐餐吧,32.0214829,118.7932419,157.0,西餐,11:00,23:00,"香辣鸡全翅,墨西哥风味鸡肉奶酪馅饼,樱桃番茄金枪鱼面,焦玛,小拿铁,澳洲精选烤羊排"
378,海底捞火锅(中山南路店),32.0199851,118.7810786,126.0,火锅,10:00,05:00, 
379,转角居酒屋(莫愁新寓胜棋里店),32.0379788,118.7581657,111.0,日本料理,11:30,22:00, 
380,陇味府满(长乐路店),32.019112,118.7824822,25.0,小吃,07:30,21:00, 
381,老虎滩大连海鲜烧烤(秦淮仙鹤街店),32.0203006,118.7746857,131.0,烧烤,17:00,02:00, 
382,德天肥牛海鲜火锅(大光路店),32.0262475,118.8047965,133.0,火锅,11:00,02:00, 
383,复兴Revival,32.0605749,118.8014589,300.0,西餐,11:30,21:30, 
384,源香砂锅粥(云南北路店),32.065653,118.779069,68.0,粤菜,09:00,24:00, 
385,汕头牛基地鲜牛肉火锅(狮子桥店),32.066121,118.7788499,114.0,火锅,10:30,02:00, 
386,金陵虾皇·蟹后(云南北路店),32.0668561,118.7801897,123.0,小吃,11:00,03:00, 
387,百年尹氏汤包(湖南路狮子桥店),32.0667699,118.7781416,17.0,小吃,07:00,22:00,"鸡汁汤包,鸭血粉丝,蟹黄汤包,鲜肉小馄饨,卤味小排面"
388,滇香肴·云南菜蒸汽石锅鱼(云南北路店),32.0673881,118.7805,98.0,火锅,10:00,22:00, 
389,蛙喔·炭烧牛蛙·烧烤(鼓楼吾悦店),32.066968,118.777138,78.0,川菜,10:30,21:00, 
390,独白：为你做川菜(吾悦店),32.067054,118.777036,75.0,川菜,10:30,21:00, 
391,付小姐在成都(南京吾悦广场店),32.0670483,118.7768989,77.0,小吃,11:00,22:00, 
392,狮子桥食府(狮子桥店),32.067393,118.7780742,112.0,江浙菜,10:00,21:00, 
393,满记甜品(吾悦广场店),32.067173,118.776763,39.0,面包甜点,10:00,22:00, 
394,薛记食堂·小马哥龙虾(凤凰西街店),32.0430018,118.7528529,212.0,小吃,11:30,03:00,"蒜泥龙虾,十三香龙虾,蒜泥黄瓜,酸菜鱼,皮蛋豆腐,炒螺丝"
395,七欣天品蟹轩(南京国际大厦店),32.066545,118.772601,131.0,火锅,09:00,03:00, 
396,南京狮子楼,32.0678259,118.7770593,82.0,江浙菜,10:30,22:30,"干锅花菜,桂花糖芋苗,老鸭煲,狮子头,盐水鸭,扬州干丝"
397,本馨·川菜(环宇城旗舰店),32.0446773,118.7527873,99.0,川菜,11:00,21:30, 
398,老新隆李氏牛肉锅贴(南湖店),32.0277251,118.7572441,24.0,小吃,07:00,20:30, 
399,小厨娘淮扬菜(环宇城店),32.0453173,118.7522874,127.0,江浙菜,11:00,20:30,"原味狮子头,蒜泥铁板虾,鸡汁干丝,厨娘灌汤脆皮鸭,厨娘多汁小笼包,厨娘腊味煎锅巴,三色米糕,功夫松鼠鱼,瓦罐肉,葱油手撕鸡"
400,BOPEYE·波派炸鸡(环宇城店),32.0451667,118.7521648,68.0,韩国料理,10:00,21:30, 
401,哈根达斯(南京环宇城店),32.045589,118.752103,63.0,面包甜点,10:00,22:00, 
402,蜀香龙门火锅(湖南路六店),32.068587,118.77684,106.0,火锅,11:00,05:00, 
403,甘尼仕印度餐厅酒吧(玄武门店),32.0691569,118.7873804,145.0,东南亚菜,11:30,21:00,"芝士烤饼,黄油香料鸡,串烤大虾"
404,韩聚HANKUU,32.0696174,118.7785069,95.0,韩国料理,11:30,21:00,"酱油炸鸡,鸡肉色拉,部队火锅,甜辣炸鸡,原味炸鸡,芝士炒鸡,奶酪玉米,炸鸡,辣炒鸡爪,鸡肉"
405,EGoN,32.0163054,118.7698836,355.0,西餐,17:30,21:30,"斑节配鳌虾,M9腹心肉,圣米歇尔贻贝塔,炭火牛舌,温州糯米饭,山羊奶巴伐露"
406,海盗船长·海鲜大酒楼,32.0199803,118.7628035,240.0,海鲜,09:00,21:00, 
407,章云板鸭(马道街店),32.0135564,118.7905249,41.0,小吃,07:00,19:00, 
408,虾米铺子炭火牛羊肉·烧烤·龙虾(湖西街店),32.0330656,118.7514955,204.0,小吃,10:30,02:00, 
409,吃货椰子铺(夫子庙总店),32.012823,118.7894794,28.0,面包甜点,10:00,23:00,"椰子冻,芒果冻,百香果冻,鲜橙冻,菠萝冻,椰奶清补凉,椰芒清补凉,木瓜冻"
410,观品园(老门东店),32.012552,118.787692,201.0,江浙菜,10:00,21:00, 
411,KOMO COFFEE(石头城店),32.0533081,118.7518495,39.0,咖啡店,08:00,20:00, 
412,啊啦·极味·常樂酒场(老门东店),32.0123072,118.7872966,128.0,日本料理,10:00,22:00, 
413,掬豆·山野云贵菜(老门东店),32.0123291,118.7880286,74.0,其他中餐,11:00,21:00, 
414,朱氏筷子兄弟·精品龙虾·烧烤(御道街总店),32.0311231,118.8170769,266.0,小吃,10:30,02:00,"焗蛋黄龙虾,蒜泥龙虾,酸菜鱼,爆炸鸭头,茄汁龙虾,椒盐皮皮虾,王牌酸菜鱼,鸭舌,辣炒蛏子,榴莲龙虾"
415,水浒烤肉·大灶台(南湖店),32.0305238,118.7505799,84.0,烧烤,11:00,03:00, 
416,老马路串串香火锅(南湖店),32.0208502,118.7575352,83.0,火锅,11:00,03:00, 
417,狮王府(金茂览秀城店),32.0727067,118.7833858,147.0,江浙菜,11:00,21:00, 
418,瓦库(老门东店),32.0111191,118.7880718,133.0,江浙菜,11:00,21:00, 
419,朱小乐龙虾 · 羊蝎子火锅(凤凰西街店),32.0409569,118.7473544,178.0,小吃,10:00,22:00, 
420,重庆叮叮唐冷锅鱼(马台街店),32.0718428,118.7737234,88.0,火锅,10:00,22:00, 
421,鳗道·備长炭蒲烧鳗鱼专门店(金茂览秀城店),32.0730982,118.7830727,116.0,日本料理,11:00,21:00, 
422,花·fleur古董西餐厅(老门东店),32.010997,118.7890067,209.0,西餐,11:00,21:00, 
423,六朝松茶馆(老门东店),32.0107515,118.7881618,258.0,江浙菜,10:00,22:00, 
424,bluefrog蓝蛙(金茂汇店),32.0735259,118.7835769,146.0,西餐,10:00,23:00, 
425,313羊庄&哈哈龙虾(马台街店),32.073035,118.7733955,222.0,小吃,10:30,03:00,"蒜蓉龙虾,凉拌毛豆,剁椒小皮蛋,羊肉串,香辣花甲,辣卤鸭头,哈哈蒸虾,十三香龙虾,鮰鱼火锅,香辣螺丝"
426,丈母娘的饭局(龙江店),32.059425,118.751366,79.0,江浙菜,11:00,21:00, 
427,本家韩国烤肉(维景国际店),32.0400165,118.823316,139.0,韩国料理,11:00,22:00, 
428,金陵一哥龙虾·精菜馆(水木秦淮店),32.0608501,118.7506344,192.0,小吃,10:00,22:00, 
429,递酒烤场(湛江路店),32.0396905,118.7436084,104.0,烧烤,11:00,02:30, 
430,茉上甜开(凤凰西街店),32.0409555,118.7425079,52.0,面包甜点,08:00,20:00, 
431,勿相忘串串香(虹悦城店),32.0091882,118.7654517,80.0,小吃,11:00,23:00, 
432,必胜客(虹悦城店),32.009558,118.764298,92.0,西餐,10:00,22:00, 
433,渔家傲·烤全鱼(清江苏宁广场店),32.0446846,118.7408566,59.0,川菜,10:30,21:00, 
434,新石器烤肉(虹悦城店),32.0092216,118.7643142,87.0,烧烤,10:00,22:00, 
435,盆钵满东北地炉烤肉(云锦路店),32.0295247,118.7429095,78.0,烧烤,11:00,02:00, 
436,狗耳巷馄饨面,32.0765908,118.7681194,21.0,小吃,06:00,19:00, 
437,高线 HIGHLINE DESSERTS & MORE(福园街店),32.0316591,118.7416278,228.0,咖啡店,10:30,19:00, 
438,土蚝金竹笼蒸蚝(乐基广场店),32.02367,118.7437607,130.0,烧烤,16:00,02:00, 
439,馬伍旺川菜(应天大街绿溢广场店),32.0174861,118.7486134,21.0,面包甜点,11:00,21:30, 
440,U味城堡(集庆门大街店),32.0285797,118.7411587,41.0,面包甜点,09:00,22:00, 
441,小厨娘茉莉芬芳(新城市广场店),32.0571602,118.7419855,125.0,江浙菜,11:00,20:30, 
442,丛野家烤肉店·鲜牛肉·东北烤肉(国展南林大学店),32.0722516,118.8124499,97.0,韩国料理,10:30,22:30, 
443,哲平鳗满·活烤鳗鱼专门店(乐基广场店),32.0235964,118.7436636,97.0,日本料理,11:30,21:30, 
444,啫一·古法粤菜(乐基广场店),32.024056,118.742927,118.0,粤菜,11:00,22:00, 
445,DQ(南京龙江新城店),32.0564999,118.7411003,26.0,面包甜点,10:00,21:30, 
446,褚记北京烤鸭店(新城市广场店),32.0563688,118.7409686,71.0,北京菜,11:00,21:00, 
447,南京大牌档(龙江新城市广场店),32.0571457,118.7412886,67.0,江浙菜,11:00,21:00, 
448,Bon par l'Arôme 芳芳简餐(新城市广场店),32.056959,118.74088,194.0,西餐,11:00,21:00, 
449,十个坛小酒馆(南京首店),32.0716476,118.8155652,78.0,川菜,10:00,22:00,"鲜椒霸王兔,至尊毛血旺,歌乐山辣子鸡,十坛土豆丝,泉水鱼,外婆脑花"
450,甜小兔Tiyo's Cake(万达店),32.0292865,118.7381099,64.0,面包甜点,10:30,20:00, 
451,好记·金陵宴(建邺吾悦店),32.0377651,118.735735,368.0,江浙菜,11:00,21:00, 
452,老破小·淄博烧烤· 无花果鸡煲(建邺吾悦店),32.0364738,118.7356447,90.0,烧烤,17:00,01:00, 
453,老佛爷炭火蛙锅(金鹰世界店),32.0234222,118.7403639,96.0,火锅,11:00,21:00, 
454,云海肴(南京河西金鹰店),32.023253,118.739986,99.0,云南菜,10:00,21:30, 
455,嘻游记烤肉·料理(金鹰世界店),32.023404,118.739874,128.0,烧烤,11:00,21:30, 
456,米桃-百花山房·桃花扇(金鹰世界店),32.022619,118.740197,127.0,江浙菜,11:00,21:00, 
457,左庭右院鲜牛肉火锅(河西金鹰店),32.022981,118.739938,144.0,火锅,10:30,22:30, 
458,破蚝行动(河西万达店),32.0301516,118.7353305,109.0,海鲜,11:00,01:00, 
459,醺花园餐厅(紫金文化广场店),32.040586,118.834952,277.0,西餐,11:00,21:00, 
460,六朝瑞庭大酒店(禾舜店),32.022661,118.8302232,180.0,江浙菜,11:00,21:00, 
461,柒柚·日式面包·甜品(兴隆大街店),32.0147029,118.7404804,43.0,面包甜点,09:00,21:00, 
462,未见山·东郊书房,32.046409,118.8400549,257.0,创意菜,10:00,21:00,"青麦雪花牛肉粒,清蒸缅甸大黄鱼,盐池滩羊,东郊秘制醉龙虾,热炝腰丝,桂花糖藕"
463,独一道邵伯龙虾(雨花西路店),31.9965351,118.7637529,69.0,火锅,10:00,02:00, 
464,南山翁新概念川菜(花园路店),32.0794129,118.8245974,82.0,川菜,10:30,21:30, 
465,鸡包渔·鲍鱼鸡汤火锅·(河西奥体店),32.010174,118.7363341,140.0,火锅,11:00,21:30, 
466,稻田熹·酒處(江东中路店),32.0100014,118.735061,139.0,日本料理,11:00,22:00, 
467,宴·心金陵船宴,32.0315211,118.7232738,127.0,江浙菜,11:00,21:30, 
